"FullName","Length","Extension"
"C:\Users\ASUS\Desktop\SEGURA EP\BITSAC\.freebuff",,".freebuff"
"C:\Users\ASUS\Desktop\SEGURA EP\BITSAC\.git",,".git"
"C:\Users\ASUS\Desktop\SEGURA EP\BITSAC\.idea",,".idea"
"C:\Users\ASUS\Desktop\SEGURA EP\BITSAC\.venv",,".venv"
"C:\Users\ASUS\Desktop\SEGURA EP\BITSAC\assets",,""
"C:\Users\ASUS\Desktop\SEGURA EP\BITSAC\backend",,""
"C:\Users\ASUS\Desktop\SEGURA EP\BITSAC\backend_python",,""
"C:\Users\ASUS\Desktop\SEGURA EP\BITSAC\Backup",,""
"C:\Users\ASUS\Desktop\SEGURA EP\BITSAC\database",,""
"C:\Users\ASUS\Desktop\SEGURA EP\BITSAC\docker",,""
"C:\Users\ASUS\Desktop\SEGURA EP\BITSAC\docs",,""
"C:\Users\ASUS\Desktop\SEGURA EP\BITSAC\frontend_php",,""
"C:\Users\ASUS\Desktop\SEGURA EP\BITSAC\.env","380",".env"
"C:\Users\ASUS\Desktop\SEGURA EP\BITSAC\.env.example","313",".example"
"C:\Users\ASUS\Desktop\SEGURA EP\BITSAC\.gitattributes","96",".gitattributes"
"C:\Users\ASUS\Desktop\SEGURA EP\BITSAC\.gitignore","370",".gitignore"
"C:\Users\ASUS\Desktop\SEGURA EP\BITSAC\check_col.py","424",".py"
"C:\Users\ASUS\Desktop\SEGURA EP\BITSAC\DECLARACIÓN DE DESARROLLO INDEPENDIENTE DE.docx","18351",".docx"
"C:\Users\ASUS\Desktop\SEGURA EP\BITSAC\docker-compose.dev.yml","354",".yml"
"C:\Users\ASUS\Desktop\SEGURA EP\BITSAC\docker-compose.yml","3332",".yml"
"C:\Users\ASUS\Desktop\SEGURA EP\BITSAC\estructura.txt","514448",".txt"
"C:\Users\ASUS\Desktop\SEGURA EP\BITSAC\FICHA TECNICA.docx","171178",".docx"
"C:\Users\ASUS\Desktop\SEGURA EP\BITSAC\inventario.csv","0",".csv"
"C:\Users\ASUS\Desktop\SEGURA EP\BITSAC\MODULE_DOCUMENTATION.md","34870",".md"
"C:\Users\ASUS\Desktop\SEGURA EP\BITSAC\PLATAFORMA-signed.pdf","3077028",".pdf"
"C:\Users\ASUS\Desktop\SEGURA EP\BITSAC\PLATAFORMA.pdf","3023491",".pdf"
"C:\Users\ASUS\Desktop\SEGURA EP\BITSAC\PROPUESTA INSTITUCIONAL-signed.pdf","526210",".pdf"
"C:\Users\ASUS\Desktop\SEGURA EP\BITSAC\PROPUESTA INSTITUCIONAL.docx","10256035",".docx"
"C:\Users\ASUS\Desktop\SEGURA EP\BITSAC\PROPUESTA INSTITUCIONAL.pdf","472149",".pdf"
"C:\Users\ASUS\Desktop\SEGURA EP\BITSAC\README.md","1951",".md"
"C:\Users\ASUS\Desktop\SEGURA EP\BITSAC\README_DOCKER.md","6011",".md"
"C:\Users\ASUS\Desktop\SEGURA EP\BITSAC\Reporte_Verificacion_BITSAC.docx","45223",".docx"
"C:\Users\ASUS\Desktop\SEGURA EP\BITSAC\.freebuff\project-id","37",""
"C:\Users\ASUS\Desktop\SEGURA EP\BITSAC\.git\hooks",,""
"C:\Users\ASUS\Desktop\SEGURA EP\BITSAC\.git\info",,""
"C:\Users\ASUS\Desktop\SEGURA EP\BITSAC\.git\logs",,""
"C:\Users\ASUS\Desktop\SEGURA EP\BITSAC\.git\objects",,""
"C:\Users\ASUS\Desktop\SEGURA EP\BITSAC\.git\refs",,""
"C:\Users\ASUS\Desktop\SEGURA EP\BITSAC\.git\COMMIT_EDITMSG","25",""
"C:\Users\ASUS\Desktop\SEGURA EP\BITSAC\.git\config","342",""
"C:\Users\ASUS\Desktop\SEGURA EP\BITSAC\.git\description","73",""
"C:\Users\ASUS\Desktop\SEGURA EP\BITSAC\.git\FETCH_HEAD","248",""
"C:\Users\ASUS\Desktop\SEGURA EP\BITSAC\.git\HEAD","21",""
"C:\Users\ASUS\Desktop\SEGURA EP\BITSAC\.git\index","32262",""
"C:\Users\ASUS\Desktop\SEGURA EP\BITSAC\.git\opencode","40",""
"C:\Users\ASUS\Desktop\SEGURA EP\BITSAC\.git\ORIG_HEAD","41",""
"C:\Users\ASUS\Desktop\SEGURA EP\BITSAC\.git\hooks\applypatch-msg.sample","478",".sample"
"C:\Users\ASUS\Desktop\SEGURA EP\BITSAC\.git\hooks\commit-msg.sample","1972",".sample"
"C:\Users\ASUS\Desktop\SEGURA EP\BITSAC\.git\hooks\fsmonitor-watchman.sample","4611",".sample"
"C:\Users\ASUS\Desktop\SEGURA EP\BITSAC\.git\hooks\post-update.sample","189",".sample"
"C:\Users\ASUS\Desktop\SEGURA EP\BITSAC\.git\hooks\pre-applypatch.sample","424",".sample"
"C:\Users\ASUS\Desktop\SEGURA EP\BITSAC\.git\hooks\pre-commit.sample","1649",".sample"
"C:\Users\ASUS\Desktop\SEGURA EP\BITSAC\.git\hooks\pre-merge-commit.sample","416",".sample"
"C:\Users\ASUS\Desktop\SEGURA EP\BITSAC\.git\hooks\pre-push.sample","1374",".sample"
"C:\Users\ASUS\Desktop\SEGURA EP\BITSAC\.git\hooks\pre-rebase.sample","4898",".sample"
"C:\Users\ASUS\Desktop\SEGURA EP\BITSAC\.git\hooks\pre-receive.sample","544",".sample"
"C:\Users\ASUS\Desktop\SEGURA EP\BITSAC\.git\hooks\prepare-commit-msg.sample","1492",".sample"
"C:\Users\ASUS\Desktop\SEGURA EP\BITSAC\.git\hooks\push-to-checkout.sample","2783",".sample"
"C:\Users\ASUS\Desktop\SEGURA EP\BITSAC\.git\hooks\sendemail-validate.sample","2308",".sample"
"C:\Users\ASUS\Desktop\SEGURA EP\BITSAC\.git\hooks\update.sample","3650",".sample"
"C:\Users\ASUS\Desktop\SEGURA EP\BITSAC\.git\info\exclude","240",""
"C:\Users\ASUS\Desktop\SEGURA EP\BITSAC\.git\info\refs","478",""
"C:\Users\ASUS\Desktop\SEGURA EP\BITSAC\.git\logs\refs",,""
"C:\Users\ASUS\Desktop\SEGURA EP\BITSAC\.git\logs\HEAD","16605",""
"C:\Users\ASUS\Desktop\SEGURA EP\BITSAC\.git\logs\refs\heads",,""
"C:\Users\ASUS\Desktop\SEGURA EP\BITSAC\.git\logs\refs\remotes",,""
"C:\Users\ASUS\Desktop\SEGURA EP\BITSAC\.git\logs\refs\heads\main","15719",""
"C:\Users\ASUS\Desktop\SEGURA EP\BITSAC\.git\logs\refs\remotes\origin",,""
"C:\Users\ASUS\Desktop\SEGURA EP\BITSAC\.git\logs\refs\remotes\origin\cleanup",,""
"C:\Users\ASUS\Desktop\SEGURA EP\BITSAC\.git\logs\refs\remotes\origin\HEAD","0",""
"C:\Users\ASUS\Desktop\SEGURA EP\BITSAC\.git\logs\refs\remotes\origin\main","13935",""
"C:\Users\ASUS\Desktop\SEGURA EP\BITSAC\.git\logs\refs\remotes\origin\cleanup\system-optimization","148",""
"C:\Users\ASUS\Desktop\SEGURA EP\BITSAC\.git\objects\00",,""
"C:\Users\ASUS\Desktop\SEGURA EP\BITSAC\.git\objects\01",,""
"C:\Users\ASUS\Desktop\SEGURA EP\BITSAC\.git\objects\02",,""
"C:\Users\ASUS\Desktop\SEGURA EP\BITSAC\.git\objects\03",,""
"C:\Users\ASUS\Desktop\SEGURA EP\BITSAC\.git\objects\04",,""
"C:\Users\ASUS\Desktop\SEGURA EP\BITSAC\.git\objects\05",,""
"C:\Users\ASUS\Desktop\SEGURA EP\BITSAC\.git\objects\06",,""
"C:\Users\ASUS\Desktop\SEGURA EP\BITSAC\.git\objects\07",,""
"C:\Users\ASUS\Desktop\SEGURA EP\BITSAC\.git\objects\08",,""
"C:\Users\ASUS\Desktop\SEGURA EP\BITSAC\.git\objects\09",,""
"C:\Users\ASUS\Desktop\SEGURA EP\BITSAC\.git\objects\0a",,""
"C:\Users\ASUS\Desktop\SEGURA EP\BITSAC\.git\objects\0b",,""
"C:\Users\ASUS\Desktop\SEGURA EP\BITSAC\.git\objects\0c",,""
"C:\Users\ASUS\Desktop\SEGURA EP\BITSAC\.git\objects\0d",,""
"C:\Users\ASUS\Desktop\SEGURA EP\BITSAC\.git\objects\0e",,""
"C:\Users\ASUS\Desktop\SEGURA EP\BITSAC\.git\objects\0f",,""
"C:\Users\ASUS\Desktop\SEGURA EP\BITSAC\.git\objects\10",,""
"C:\Users\ASUS\Desktop\SEGURA EP\BITSAC\.git\objects\11",,""
"C:\Users\ASUS\Desktop\SEGURA EP\BITSAC\.git\objects\12",,""
"C:\Users\ASUS\Desktop\SEGURA EP\BITSAC\.git\objects\13",,""
"C:\Users\ASUS\Desktop\SEGURA EP\BITSAC\.git\objects\14",,""
"C:\Users\ASUS\Desktop\SEGURA EP\BITSAC\.git\objects\15",,""
"C:\Users\ASUS\Desktop\SEGURA EP\BITSAC\.git\objects\16",,""
"C:\Users\ASUS\Desktop\SEGURA EP\BITSAC\.git\objects\17",,""
"C:\Users\ASUS\Desktop\SEGURA EP\BITSAC\.git\objects\18",,""
"C:\Users\ASUS\Desktop\SEGURA EP\BITSAC\.git\objects\19",,""
"C:\Users\ASUS\Desktop\SEGURA EP\BITSAC\.git\objects\1a",,""
"C:\Users\ASUS\Desktop\SEGURA EP\BITSAC\.git\objects\1b",,""
"C:\Users\ASUS\Desktop\SEGURA EP\BITSAC\.git\objects\1c",,""
"C:\Users\ASUS\Desktop\SEGURA EP\BITSAC\.git\objects\1d",,""
"C:\Users\ASUS\Desktop\SEGURA EP\BITSAC\.git\objects\1e",,""
"C:\Users\ASUS\Desktop\SEGURA EP\BITSAC\.git\objects\1f",,""
"C:\Users\ASUS\Desktop\SEGURA EP\BITSAC\.git\objects\20",,""
"C:\Users\ASUS\Desktop\SEGURA EP\BITSAC\.git\objects\21",,""
"C:\Users\ASUS\Desktop\SEGURA EP\BITSAC\.git\objects\22",,""
"C:\Users\ASUS\Desktop\SEGURA EP\BITSAC\.git\objects\23",,""
"C:\Users\ASUS\Desktop\SEGURA EP\BITSAC\.git\objects\24",,""
"C:\Users\ASUS\Desktop\SEGURA EP\BITSAC\.git\objects\25",,""
"C:\Users\ASUS\Desktop\SEGURA EP\BITSAC\.git\objects\26",,""
"C:\Users\ASUS\Desktop\SEGURA EP\BITSAC\.git\objects\27",,""
"C:\Users\ASUS\Desktop\SEGURA EP\BITSAC\.git\objects\28",,""
"C:\Users\ASUS\Desktop\SEGURA EP\BITSAC\.git\objects\29",,""
"C:\Users\ASUS\Desktop\SEGURA EP\BITSAC\.git\objects\2a",,""
"C:\Users\ASUS\Desktop\SEGURA EP\BITSAC\.git\objects\2b",,""
"C:\Users\ASUS\Desktop\SEGURA EP\BITSAC\.git\objects\2c",,""
"C:\Users\ASUS\Desktop\SEGURA EP\BITSAC\.git\objects\2d",,""
"C:\Users\ASUS\Desktop\SEGURA EP\BITSAC\.git\objects\2e",,""
"C:\Users\ASUS\Desktop\SEGURA EP\BITSAC\.git\objects\2f",,""
"C:\Users\ASUS\Desktop\SEGURA EP\BITSAC\.git\objects\30",,""
"C:\Users\ASUS\Desktop\SEGURA EP\BITSAC\.git\objects\31",,""
"C:\Users\ASUS\Desktop\SEGURA EP\BITSAC\.git\objects\32",,""
"C:\Users\ASUS\Desktop\SEGURA EP\BITSAC\.git\objects\33",,""
"C:\Users\ASUS\Desktop\SEGURA EP\BITSAC\.git\objects\34",,""
"C:\Users\ASUS\Desktop\SEGURA EP\BITSAC\.git\objects\35",,""
"C:\Users\ASUS\Desktop\SEGURA EP\BITSAC\.git\objects\36",,""
"C:\Users\ASUS\Desktop\SEGURA EP\BITSAC\.git\objects\37",,""
"C:\Users\ASUS\Desktop\SEGURA EP\BITSAC\.git\objects\38",,""
"C:\Users\ASUS\Desktop\SEGURA EP\BITSAC\.git\objects\39",,""
"C:\Users\ASUS\Desktop\SEGURA EP\BITSAC\.git\objects\3a",,""
"C:\Users\ASUS\Desktop\SEGURA EP\BITSAC\.git\objects\3b",,""
"C:\Users\ASUS\Desktop\SEGURA EP\BITSAC\.git\objects\3c",,""
"C:\Users\ASUS\Desktop\SEGURA EP\BITSAC\.git\objects\3d",,""
"C:\Users\ASUS\Desktop\SEGURA EP\BITSAC\.git\objects\3e",,""
"C:\Users\ASUS\Desktop\SEGURA EP\BITSAC\.git\objects\3f",,""
"C:\Users\ASUS\Desktop\SEGURA EP\BITSAC\.git\objects\40",,""
"C:\Users\ASUS\Desktop\SEGURA EP\BITSAC\.git\objects\41",,""
"C:\Users\ASUS\Desktop\SEGURA EP\BITSAC\.git\objects\42",,""
"C:\Users\ASUS\Desktop\SEGURA EP\BITSAC\.git\objects\43",,""
"C:\Users\ASUS\Desktop\SEGURA EP\BITSAC\.git\objects\44",,""
"C:\Users\ASUS\Desktop\SEGURA EP\BITSAC\.git\objects\45",,""
"C:\Users\ASUS\Desktop\SEGURA EP\BITSAC\.git\objects\46",,""
"C:\Users\ASUS\Desktop\SEGURA EP\BITSAC\.git\objects\47",,""
"C:\Users\ASUS\Desktop\SEGURA EP\BITSAC\.git\objects\48",,""
"C:\Users\ASUS\Desktop\SEGURA EP\BITSAC\.git\objects\49",,""
"C:\Users\ASUS\Desktop\SEGURA EP\BITSAC\.git\objects\4a",,""
"C:\Users\ASUS\Desktop\SEGURA EP\BITSAC\.git\objects\4b",,""
"C:\Users\ASUS\Desktop\SEGURA EP\BITSAC\.git\objects\4c",,""
"C:\Users\ASUS\Desktop\SEGURA EP\BITSAC\.git\objects\4d",,""
"C:\Users\ASUS\Desktop\SEGURA EP\BITSAC\.git\objects\4e",,""
"C:\Users\ASUS\Desktop\SEGURA EP\BITSAC\.git\objects\4f",,""
"C:\Users\ASUS\Desktop\SEGURA EP\BITSAC\.git\objects\50",,""
"C:\Users\ASUS\Desktop\SEGURA EP\BITSAC\.git\objects\51",,""
"C:\Users\ASUS\Desktop\SEGURA EP\BITSAC\.git\objects\52",,""
"C:\Users\ASUS\Desktop\SEGURA EP\BITSAC\.git\objects\53",,""
"C:\Users\ASUS\Desktop\SEGURA EP\BITSAC\.git\objects\54",,""
"C:\Users\ASUS\Desktop\SEGURA EP\BITSAC\.git\objects\55",,""
"C:\Users\ASUS\Desktop\SEGURA EP\BITSAC\.git\objects\56",,""
"C:\Users\ASUS\Desktop\SEGURA EP\BITSAC\.git\objects\57",,""
"C:\Users\ASUS\Desktop\SEGURA EP\BITSAC\.git\objects\58",,""
"C:\Users\ASUS\Desktop\SEGURA EP\BITSAC\.git\objects\59",,""
"C:\Users\ASUS\Desktop\SEGURA EP\BITSAC\.git\objects\5a",,""
"C:\Users\ASUS\Desktop\SEGURA EP\BITSAC\.git\objects\5b",,""
"C:\Users\ASUS\Desktop\SEGURA EP\BITSAC\.git\objects\5c",,""
"C:\Users\ASUS\Desktop\SEGURA EP\BITSAC\.git\objects\5d",,""
"C:\Users\ASUS\Desktop\SEGURA EP\BITSAC\.git\objects\5e",,""
"C:\Users\ASUS\Desktop\SEGURA EP\BITSAC\.git\objects\5f",,""
"C:\Users\ASUS\Desktop\SEGURA EP\BITSAC\.git\objects\60",,""
"C:\Users\ASUS\Desktop\SEGURA EP\BITSAC\.git\objects\61",,""
"C:\Users\ASUS\Desktop\SEGURA EP\BITSAC\.git\objects\62",,""
"C:\Users\ASUS\Desktop\SEGURA EP\BITSAC\.git\objects\63",,""
"C:\Users\ASUS\Desktop\SEGURA EP\BITSAC\.git\objects\64",,""
"C:\Users\ASUS\Desktop\SEGURA EP\BITSAC\.git\objects\65",,""
"C:\Users\ASUS\Desktop\SEGURA EP\BITSAC\.git\objects\66",,""
"C:\Users\ASUS\Desktop\SEGURA EP\BITSAC\.git\objects\67",,""
"C:\Users\ASUS\Desktop\SEGURA EP\BITSAC\.git\objects\68",,""
"C:\Users\ASUS\Desktop\SEGURA EP\BITSAC\.git\objects\69",,""
"C:\Users\ASUS\Desktop\SEGURA EP\BITSAC\.git\objects\6a",,""
"C:\Users\ASUS\Desktop\SEGURA EP\BITSAC\.git\objects\6b",,""
"C:\Users\ASUS\Desktop\SEGURA EP\BITSAC\.git\objects\6c",,""
"C:\Users\ASUS\Desktop\SEGURA EP\BITSAC\.git\objects\6d",,""
"C:\Users\ASUS\Desktop\SEGURA EP\BITSAC\.git\objects\6e",,""
"C:\Users\ASUS\Desktop\SEGURA EP\BITSAC\.git\objects\6f",,""
"C:\Users\ASUS\Desktop\SEGURA EP\BITSAC\.git\objects\70",,""
"C:\Users\ASUS\Desktop\SEGURA EP\BITSAC\.git\objects\71",,""
"C:\Users\ASUS\Desktop\SEGURA EP\BITSAC\.git\objects\72",,""
"C:\Users\ASUS\Desktop\SEGURA EP\BITSAC\.git\objects\73",,""
"C:\Users\ASUS\Desktop\SEGURA EP\BITSAC\.git\objects\74",,""
"C:\Users\ASUS\Desktop\SEGURA EP\BITSAC\.git\objects\75",,""
"C:\Users\ASUS\Desktop\SEGURA EP\BITSAC\.git\objects\76",,""
"C:\Users\ASUS\Desktop\SEGURA EP\BITSAC\.git\objects\77",,""
"C:\Users\ASUS\Desktop\SEGURA EP\BITSAC\.git\objects\78",,""
"C:\Users\ASUS\Desktop\SEGURA EP\BITSAC\.git\objects\79",,""
"C:\Users\ASUS\Desktop\SEGURA EP\BITSAC\.git\objects\7a",,""
"C:\Users\ASUS\Desktop\SEGURA EP\BITSAC\.git\objects\7b",,""
"C:\Users\ASUS\Desktop\SEGURA EP\BITSAC\.git\objects\7c",,""
"C:\Users\ASUS\Desktop\SEGURA EP\BITSAC\.git\objects\7d",,""
"C:\Users\ASUS\Desktop\SEGURA EP\BITSAC\.git\objects\7e",,""
"C:\Users\ASUS\Desktop\SEGURA EP\BITSAC\.git\objects\7f",,""
"C:\Users\ASUS\Desktop\SEGURA EP\BITSAC\.git\objects\80",,""
"C:\Users\ASUS\Desktop\SEGURA EP\BITSAC\.git\objects\81",,""
"C:\Users\ASUS\Desktop\SEGURA EP\BITSAC\.git\objects\82",,""
"C:\Users\ASUS\Desktop\SEGURA EP\BITSAC\.git\objects\83",,""
"C:\Users\ASUS\Desktop\SEGURA EP\BITSAC\.git\objects\84",,""
"C:\Users\ASUS\Desktop\SEGURA EP\BITSAC\.git\objects\85",,""
"C:\Users\ASUS\Desktop\SEGURA EP\BITSAC\.git\objects\86",,""
"C:\Users\ASUS\Desktop\SEGURA EP\BITSAC\.git\objects\87",,""
"C:\Users\ASUS\Desktop\SEGURA EP\BITSAC\.git\objects\88",,""
"C:\Users\ASUS\Desktop\SEGURA EP\BITSAC\.git\objects\89",,""
"C:\Users\ASUS\Desktop\SEGURA EP\BITSAC\.git\objects\8a",,""
"C:\Users\ASUS\Desktop\SEGURA EP\BITSAC\.git\objects\8b",,""
"C:\Users\ASUS\Desktop\SEGURA EP\BITSAC\.git\objects\8c",,""
"C:\Users\ASUS\Desktop\SEGURA EP\BITSAC\.git\objects\8d",,""
"C:\Users\ASUS\Desktop\SEGURA EP\BITSAC\.git\objects\8e",,""
"C:\Users\ASUS\Desktop\SEGURA EP\BITSAC\.git\objects\8f",,""
"C:\Users\ASUS\Desktop\SEGURA EP\BITSAC\.git\objects\90",,""
"C:\Users\ASUS\Desktop\SEGURA EP\BITSAC\.git\objects\92",,""
"C:\Users\ASUS\Desktop\SEGURA EP\BITSAC\.git\objects\93",,""
"C:\Users\ASUS\Desktop\SEGURA EP\BITSAC\.git\objects\94",,""
"C:\Users\ASUS\Desktop\SEGURA EP\BITSAC\.git\objects\95",,""
"C:\Users\ASUS\Desktop\SEGURA EP\BITSAC\.git\objects\96",,""
"C:\Users\ASUS\Desktop\SEGURA EP\BITSAC\.git\objects\97",,""
"C:\Users\ASUS\Desktop\SEGURA EP\BITSAC\.git\objects\98",,""
"C:\Users\ASUS\Desktop\SEGURA EP\BITSAC\.git\objects\99",,""
"C:\Users\ASUS\Desktop\SEGURA EP\BITSAC\.git\objects\9a",,""
"C:\Users\ASUS\Desktop\SEGURA EP\BITSAC\.git\objects\9b",,""
"C:\Users\ASUS\Desktop\SEGURA EP\BITSAC\.git\objects\9c",,""
"C:\Users\ASUS\Desktop\SEGURA EP\BITSAC\.git\objects\9d",,""
"C:\Users\ASUS\Desktop\SEGURA EP\BITSAC\.git\objects\9e",,""
"C:\Users\ASUS\Desktop\SEGURA EP\BITSAC\.git\objects\9f",,""
"C:\Users\ASUS\Desktop\SEGURA EP\BITSAC\.git\objects\a0",,""
"C:\Users\ASUS\Desktop\SEGURA EP\BITSAC\.git\objects\a1",,""
"C:\Users\ASUS\Desktop\SEGURA EP\BITSAC\.git\objects\a2",,""
"C:\Users\ASUS\Desktop\SEGURA EP\BITSAC\.git\objects\a3",,""
"C:\Users\ASUS\Desktop\SEGURA EP\BITSAC\.git\objects\a4",,""
"C:\Users\ASUS\Desktop\SEGURA EP\BITSAC\.git\objects\a5",,""
"C:\Users\ASUS\Desktop\SEGURA EP\BITSAC\.git\objects\a6",,""
"C:\Users\ASUS\Desktop\SEGURA EP\BITSAC\.git\objects\a7",,""
"C:\Users\ASUS\Desktop\SEGURA EP\BITSAC\.git\objects\a8",,""
"C:\Users\ASUS\Desktop\SEGURA EP\BITSAC\.git\objects\a9",,""
"C:\Users\ASUS\Desktop\SEGURA EP\BITSAC\.git\objects\aa",,""
"C:\Users\ASUS\Desktop\SEGURA EP\BITSAC\.git\objects\ab",,""
"C:\Users\ASUS\Desktop\SEGURA EP\BITSAC\.git\objects\ac",,""
"C:\Users\ASUS\Desktop\SEGURA EP\BITSAC\.git\objects\ad",,""
"C:\Users\ASUS\Desktop\SEGURA EP\BITSAC\.git\objects\ae",,""
"C:\Users\ASUS\Desktop\SEGURA EP\BITSAC\.git\objects\af",,""
"C:\Users\ASUS\Desktop\SEGURA EP\BITSAC\.git\objects\b0",,""
"C:\Users\ASUS\Desktop\SEGURA EP\BITSAC\.git\objects\b1",,""
"C:\Users\ASUS\Desktop\SEGURA EP\BITSAC\.git\objects\b2",,""
"C:\Users\ASUS\Desktop\SEGURA EP\BITSAC\.git\objects\b3",,""
"C:\Users\ASUS\Desktop\SEGURA EP\BITSAC\.git\objects\b4",,""
"C:\Users\ASUS\Desktop\SEGURA EP\BITSAC\.git\objects\b5",,""
"C:\Users\ASUS\Desktop\SEGURA EP\BITSAC\.git\objects\b6",,""
"C:\Users\ASUS\Desktop\SEGURA EP\BITSAC\.git\objects\b7",,""
"C:\Users\ASUS\Desktop\SEGURA EP\BITSAC\.git\objects\b8",,""
"C:\Users\ASUS\Desktop\SEGURA EP\BITSAC\.git\objects\b9",,""
"C:\Users\ASUS\Desktop\SEGURA EP\BITSAC\.git\objects\ba",,""
"C:\Users\ASUS\Desktop\SEGURA EP\BITSAC\.git\objects\bb",,""
"C:\Users\ASUS\Desktop\SEGURA EP\BITSAC\.git\objects\bc",,""
"C:\Users\ASUS\Desktop\SEGURA EP\BITSAC\.git\objects\bd",,""
"C:\Users\ASUS\Desktop\SEGURA EP\BITSAC\.git\objects\be",,""
"C:\Users\ASUS\Desktop\SEGURA EP\BITSAC\.git\objects\bf",,""
"C:\Users\ASUS\Desktop\SEGURA EP\BITSAC\.git\objects\c0",,""
"C:\Users\ASUS\Desktop\SEGURA EP\BITSAC\.git\objects\c1",,""
"C:\Users\ASUS\Desktop\SEGURA EP\BITSAC\.git\objects\c2",,""
"C:\Users\ASUS\Desktop\SEGURA EP\BITSAC\.git\objects\c3",,""
"C:\Users\ASUS\Desktop\SEGURA EP\BITSAC\.git\objects\c4",,""
"C:\Users\ASUS\Desktop\SEGURA EP\BITSAC\.git\objects\c5",,""
"C:\Users\ASUS\Desktop\SEGURA EP\BITSAC\.git\objects\c6",,""
"C:\Users\ASUS\Desktop\SEGURA EP\BITSAC\.git\objects\c7",,""
"C:\Users\ASUS\Desktop\SEGURA EP\BITSAC\.git\objects\c8",,""
"C:\Users\ASUS\Desktop\SEGURA EP\BITSAC\.git\objects\c9",,""
"C:\Users\ASUS\Desktop\SEGURA EP\BITSAC\.git\objects\ca",,""
"C:\Users\ASUS\Desktop\SEGURA EP\BITSAC\.git\objects\cb",,""
"C:\Users\ASUS\Desktop\SEGURA EP\BITSAC\.git\objects\cc",,""
"C:\Users\ASUS\Desktop\SEGURA EP\BITSAC\.git\objects\cd",,""
"C:\Users\ASUS\Desktop\SEGURA EP\BITSAC\.git\objects\ce",,""
"C:\Users\ASUS\Desktop\SEGURA EP\BITSAC\.git\objects\cf",,""
"C:\Users\ASUS\Desktop\SEGURA EP\BITSAC\.git\objects\d0",,""
"C:\Users\ASUS\Desktop\SEGURA EP\BITSAC\.git\objects\d1",,""
"C:\Users\ASUS\Desktop\SEGURA EP\BITSAC\.git\objects\d2",,""
"C:\Users\ASUS\Desktop\SEGURA EP\BITSAC\.git\objects\d3",,""
"C:\Users\ASUS\Desktop\SEGURA EP\BITSAC\.git\objects\d4",,""
"C:\Users\ASUS\Desktop\SEGURA EP\BITSAC\.git\objects\d5",,""
"C:\Users\ASUS\Desktop\SEGURA EP\BITSAC\.git\objects\d6",,""
"C:\Users\ASUS\Desktop\SEGURA EP\BITSAC\.git\objects\d7",,""
"C:\Users\ASUS\Desktop\SEGURA EP\BITSAC\.git\objects\d8",,""
"C:\Users\ASUS\Desktop\SEGURA EP\BITSAC\.git\objects\d9",,""
"C:\Users\ASUS\Desktop\SEGURA EP\BITSAC\.git\objects\da",,""
"C:\Users\ASUS\Desktop\SEGURA EP\BITSAC\.git\objects\db",,""
"C:\Users\ASUS\Desktop\SEGURA EP\BITSAC\.git\objects\dc",,""
"C:\Users\ASUS\Desktop\SEGURA EP\BITSAC\.git\objects\dd",,""
"C:\Users\ASUS\Desktop\SEGURA EP\BITSAC\.git\objects\de",,""
"C:\Users\ASUS\Desktop\SEGURA EP\BITSAC\.git\objects\df",,""
"C:\Users\ASUS\Desktop\SEGURA EP\BITSAC\.git\objects\e0",,""
"C:\Users\ASUS\Desktop\SEGURA EP\BITSAC\.git\objects\e1",,""
"C:\Users\ASUS\Desktop\SEGURA EP\BITSAC\.git\objects\e2",,""
"C:\Users\ASUS\Desktop\SEGURA EP\BITSAC\.git\objects\e3",,""
"C:\Users\ASUS\Desktop\SEGURA EP\BITSAC\.git\objects\e4",,""
"C:\Users\ASUS\Desktop\SEGURA EP\BITSAC\.git\objects\e5",,""
"C:\Users\ASUS\Desktop\SEGURA EP\BITSAC\.git\objects\e6",,""
"C:\Users\ASUS\Desktop\SEGURA EP\BITSAC\.git\objects\e7",,""
"C:\Users\ASUS\Desktop\SEGURA EP\BITSAC\.git\objects\e8",,""
"C:\Users\ASUS\Desktop\SEGURA EP\BITSAC\.git\objects\e9",,""
"C:\Users\ASUS\Desktop\SEGURA EP\BITSAC\.git\objects\ea",,""
"C:\Users\ASUS\Desktop\SEGURA EP\BITSAC\.git\objects\eb",,""
"C:\Users\ASUS\Desktop\SEGURA EP\BITSAC\.git\objects\ec",,""
"C:\Users\ASUS\Desktop\SEGURA EP\BITSAC\.git\objects\ed",,""
"C:\Users\ASUS\Desktop\SEGURA EP\BITSAC\.git\objects\ee",,""
"C:\Users\ASUS\Desktop\SEGURA EP\BITSAC\.git\objects\ef",,""
"C:\Users\ASUS\Desktop\SEGURA EP\BITSAC\.git\objects\f0",,""
"C:\Users\ASUS\Desktop\SEGURA EP\BITSAC\.git\objects\f1",,""
"C:\Users\ASUS\Desktop\SEGURA EP\BITSAC\.git\objects\f2",,""
"C:\Users\ASUS\Desktop\SEGURA EP\BITSAC\.git\objects\f3",,""
"C:\Users\ASUS\Desktop\SEGURA EP\BITSAC\.git\objects\f4",,""
"C:\Users\ASUS\Desktop\SEGURA EP\BITSAC\.git\objects\f6",,""
"C:\Users\ASUS\Desktop\SEGURA EP\BITSAC\.git\objects\f7",,""
"C:\Users\ASUS\Desktop\SEGURA EP\BITSAC\.git\objects\f8",,""
"C:\Users\ASUS\Desktop\SEGURA EP\BITSAC\.git\objects\f9",,""
"C:\Users\ASUS\Desktop\SEGURA EP\BITSAC\.git\objects\fa",,""
"C:\Users\ASUS\Desktop\SEGURA EP\BITSAC\.git\objects\fb",,""
"C:\Users\ASUS\Desktop\SEGURA EP\BITSAC\.git\objects\fc",,""
"C:\Users\ASUS\Desktop\SEGURA EP\BITSAC\.git\objects\fd",,""
"C:\Users\ASUS\Desktop\SEGURA EP\BITSAC\.git\objects\fe",,""
"C:\Users\ASUS\Desktop\SEGURA EP\BITSAC\.git\objects\ff",,""
"C:\Users\ASUS\Desktop\SEGURA EP\BITSAC\.git\objects\info",,""
"C:\Users\ASUS\Desktop\SEGURA EP\BITSAC\.git\objects\pack",,""
"C:\Users\ASUS\Desktop\SEGURA EP\BITSAC\.git\objects\00\17a196bb08cb62ee7ec4cc58663e37b74bd3d2","213",""
"C:\Users\ASUS\Desktop\SEGURA EP\BITSAC\.git\objects\00\fc8aab7423fdad969c4c6350546709511a6994","5121",""
"C:\Users\ASUS\Desktop\SEGURA EP\BITSAC\.git\objects\01\87d685ab0872c638882b5125a79d03952d1ed1","310",""
"C:\Users\ASUS\Desktop\SEGURA EP\BITSAC\.git\objects\01\93a54d828cad8cd97b4f7abb9df6a4c7840e27","1468",""
"C:\Users\ASUS\Desktop\SEGURA EP\BITSAC\.git\objects\01\9ffd79fb405d77e2ac064c2c4b5b0b1059bb65","2389",""
"C:\Users\ASUS\Desktop\SEGURA EP\BITSAC\.git\objects\01\f81b20b78086c1668c852e86632b77195645ec","207",""
"C:\Users\ASUS\Desktop\SEGURA EP\BITSAC\.git\objects\02\4e484aa6167432f87990758406cded72c7ee30","213",""
"C:\Users\ASUS\Desktop\SEGURA EP\BITSAC\.git\objects\02\8c447c55dda80afb4a93961ffd93006240c9b5","9410",""
"C:\Users\ASUS\Desktop\SEGURA EP\BITSAC\.git\objects\02\972d11c5dac83864584751151391f327ccc098","122",""
"C:\Users\ASUS\Desktop\SEGURA EP\BITSAC\.git\objects\02\9c71954d132091887df50979860eea14f12605","153",""
"C:\Users\ASUS\Desktop\SEGURA EP\BITSAC\.git\objects\03\221935fcc8cd8febeecc9bd403866732c14205","2645",""
"C:\Users\ASUS\Desktop\SEGURA EP\BITSAC\.git\objects\03\69655c0b209aaf9b853fbebf8a48d6bd258ffc","526",""
"C:\Users\ASUS\Desktop\SEGURA EP\BITSAC\.git\objects\03\fde9d1459b3a76b7ca533d6271e3e56fb2a703","876",""
"C:\Users\ASUS\Desktop\SEGURA EP\BITSAC\.git\objects\04\130a90d3a1376093098d015229bffbb2599a61","54",""
"C:\Users\ASUS\Desktop\SEGURA EP\BITSAC\.git\objects\04\18bd741e9fc58a1b1793dc28990a9cd3541312","213",""
"C:\Users\ASUS\Desktop\SEGURA EP\BITSAC\.git\objects\04\516bfa29a68e1b6b8beefdbd6c24f0ddbcca4c","64",""
"C:\Users\ASUS\Desktop\SEGURA EP\BITSAC\.git\objects\04\6a710c5dce5f42b90a354ff1dbe24b64a9b1dc","10542",""
"C:\Users\ASUS\Desktop\SEGURA EP\BITSAC\.git\objects\04\8934c83087e066eab3066334cb8c274d688d55","86",""
"C:\Users\ASUS\Desktop\SEGURA EP\BITSAC\.git\objects\05\6db749ad4e85befb5dd61d828cbddb653c65bf","2154",""
"C:\Users\ASUS\Desktop\SEGURA EP\BITSAC\.git\objects\05\8e3a47bb7227adf8304224f2d33c95aff498a0","4861",""
"C:\Users\ASUS\Desktop\SEGURA EP\BITSAC\.git\objects\05\994d85d55583a602464816d854f331849c7abf","559",""
"C:\Users\ASUS\Desktop\SEGURA EP\BITSAC\.git\objects\05\da5465707421518245019b47720cf534760690","152",""
"C:\Users\ASUS\Desktop\SEGURA EP\BITSAC\.git\objects\06\0546ddb6c1a78937ce9ca48b997212e3edb5a7","86",""
"C:\Users\ASUS\Desktop\SEGURA EP\BITSAC\.git\objects\06\1c212653a70abfbda32b528ccdba3744b56420","848",""
"C:\Users\ASUS\Desktop\SEGURA EP\BITSAC\.git\objects\06\69bc894d1d87bda1d7b126a5e21bd3f596a358","461",""
"C:\Users\ASUS\Desktop\SEGURA EP\BITSAC\.git\objects\06\7494db6a349beb250ffc7850270d69818e1fb0","6930",""
"C:\Users\ASUS\Desktop\SEGURA EP\BITSAC\.git\objects\07\0322b0bc483368589685fc2e456a5eab9d00ee","1890",""
"C:\Users\ASUS\Desktop\SEGURA EP\BITSAC\.git\objects\07\54354d42c48b97a496c9cecda0ffa8145ea619","1498",""
"C:\Users\ASUS\Desktop\SEGURA EP\BITSAC\.git\objects\07\b2c7f2d414172662908a6aaa2ef85914236d98","179",""
"C:\Users\ASUS\Desktop\SEGURA EP\BITSAC\.git\objects\07\b34c5d9db9db184b038d71057e26702c4eefda","499",""
"C:\Users\ASUS\Desktop\SEGURA EP\BITSAC\.git\objects\07\b679f290975fc054692bcc10aad2d22d0918e8","569",""
"C:\Users\ASUS\Desktop\SEGURA EP\BITSAC\.git\objects\08\1a6eceb9330ad3e1b0302860a62d1019bca01d","311",""
"C:\Users\ASUS\Desktop\SEGURA EP\BITSAC\.git\objects\08\23659258c0413ecb9927d46ef0263baa19f2a6","98",""
"C:\Users\ASUS\Desktop\SEGURA EP\BITSAC\.git\objects\08\2900c9925444c039b9577529a8b131abcf0da1","523",""
"C:\Users\ASUS\Desktop\SEGURA EP\BITSAC\.git\objects\08\9c597b8f57b9d191643ce64674046e56018a88","278",""
"C:\Users\ASUS\Desktop\SEGURA EP\BITSAC\.git\objects\08\ba6f3f9298ae6f45316b6110b3c205b7523e2b","232",""
"C:\Users\ASUS\Desktop\SEGURA EP\BITSAC\.git\objects\09\7f3e50a5e1d9bdcf3dcd624be171c0f6e0d290","229",""
"C:\Users\ASUS\Desktop\SEGURA EP\BITSAC\.git\objects\09\a7c2d3e3a63352bddd1a9642669918b0af8b54","569",""
"C:\Users\ASUS\Desktop\SEGURA EP\BITSAC\.git\objects\09\b43ce84f0fd994ce7b3fa011e2ea3fb2e2718b","67",""
"C:\Users\ASUS\Desktop\SEGURA EP\BITSAC\.git\objects\09\d9336340ddc65d256f9b26c8b652a4e5788324","238",""
"C:\Users\ASUS\Desktop\SEGURA EP\BITSAC\.git\objects\09\f570887854ab319f5b1425b33035af9c3ceed0","229",""
"C:\Users\ASUS\Desktop\SEGURA EP\BITSAC\.git\objects\09\f95ef8cbeb521a1381d6881aef691ffc0a709c","54",""
"C:\Users\ASUS\Desktop\SEGURA EP\BITSAC\.git\objects\0a\0a52b5868c7888517e98d4e2507592eef06baa","22112",""
"C:\Users\ASUS\Desktop\SEGURA EP\BITSAC\.git\objects\0a\11d90e339e84ed02ca0323c1485e4aa754bb36","560",""
"C:\Users\ASUS\Desktop\SEGURA EP\BITSAC\.git\objects\0a\20d64988aac3892912be54e67b6f2bd370e0bb","212",""
"C:\Users\ASUS\Desktop\SEGURA EP\BITSAC\.git\objects\0a\9c4cc93575dc06506a27f12f2320eded220b93","238",""
"C:\Users\ASUS\Desktop\SEGURA EP\BITSAC\.git\objects\0b\ed7d5673326ced9cec67bf95d81d15edd9c69c","180",""
"C:\Users\ASUS\Desktop\SEGURA EP\BITSAC\.git\objects\0b\fea4f49ab07f12ae24fa3b42d458fb89cfbd4d","278",""
"C:\Users\ASUS\Desktop\SEGURA EP\BITSAC\.git\objects\0c\50b02d214e2c6056c5d47e06c888ccf68660b8","155",""
"C:\Users\ASUS\Desktop\SEGURA EP\BITSAC\.git\objects\0c\5bf7c3e5a0e4a1902b82e0fbd4db1767c40520","206",""
"C:\Users\ASUS\Desktop\SEGURA EP\BITSAC\.git\objects\0c\87e7f5dfcb59b4060126e93046ba9208bb7778","1432",""
"C:\Users\ASUS\Desktop\SEGURA EP\BITSAC\.git\objects\0c\bee60244ce101e8855e7005fed80b121fdcb6f","2057",""
"C:\Users\ASUS\Desktop\SEGURA EP\BITSAC\.git\objects\0c\eae9b746df8f3125b802f31c2272b50a548832","8547",""
"C:\Users\ASUS\Desktop\SEGURA EP\BITSAC\.git\objects\0c\tmp_obj_MJgT6f","23404544",""
"C:\Users\ASUS\Desktop\SEGURA EP\BITSAC\.git\objects\0d\18a9905d89ae676aac75ec0667855ae2f9ba38","179",""
"C:\Users\ASUS\Desktop\SEGURA EP\BITSAC\.git\objects\0d\8fbb2266a67af09cae50b2941d8bc324cb1234","99",""
"C:\Users\ASUS\Desktop\SEGURA EP\BITSAC\.git\objects\0d\af9aa851406de733ac8a42ad6bf0f5ef087e53","311",""
"C:\Users\ASUS\Desktop\SEGURA EP\BITSAC\.git\objects\0e\0d0602bc830ce3be569b662e895d4b171666e7","54",""
"C:\Users\ASUS\Desktop\SEGURA EP\BITSAC\.git\objects\0e\4e7fe3a1bc565dbcb40db60daeaf89e556c3e3","849",""
"C:\Users\ASUS\Desktop\SEGURA EP\BITSAC\.git\objects\0e\61cf5935997f33a11ebbdf3687023f7397e172","2718",""
"C:\Users\ASUS\Desktop\SEGURA EP\BITSAC\.git\objects\0e\7561e2ba305d6f0ee80d90d4df2ac5c5eb139f","77",""
"C:\Users\ASUS\Desktop\SEGURA EP\BITSAC\.git\objects\0e\87a2c79206c88aba942a7c9e98b2c7c79b2295","199",""
"C:\Users\ASUS\Desktop\SEGURA EP\BITSAC\.git\objects\0e\a49168c437ef54b30d4cd343d597f9e6d80ca6","849",""
"C:\Users\ASUS\Desktop\SEGURA EP\BITSAC\.git\objects\0e\c48920df8f76e9a5cee857a4a1ae418f5e3347","17885",""
"C:\Users\ASUS\Desktop\SEGURA EP\BITSAC\.git\objects\0e\fc91d22125686813bc2bda2c051a57c05caff2","6769",""
"C:\Users\ASUS\Desktop\SEGURA EP\BITSAC\.git\objects\0f\0893e25dd8a87f9f34430419ccfc38c0fdf5ab","122",""
"C:\Users\ASUS\Desktop\SEGURA EP\BITSAC\.git\objects\0f\535e82ba064bdd39cfe1b3e214650999bf4958","886",""
"C:\Users\ASUS\Desktop\SEGURA EP\BITSAC\.git\objects\0f\88f33862d601495d4144e253d35958dbffe513","212",""
"C:\Users\ASUS\Desktop\SEGURA EP\BITSAC\.git\objects\0f\b928dc44e0734ecd4c07d18a43ec76802bb606","64",""
"C:\Users\ASUS\Desktop\SEGURA EP\BITSAC\.git\objects\0f\bcda2396aca5ad715a88468988b63cfa2aaf11","180",""
"C:\Users\ASUS\Desktop\SEGURA EP\BITSAC\.git\objects\0f\c8691c0f81e3292e4392fffbf4848a918e6654","54",""
"C:\Users\ASUS\Desktop\SEGURA EP\BITSAC\.git\objects\0f\e1b07ce4e7c9e6fe14b15318f292fe4a744fd9","213",""
"C:\Users\ASUS\Desktop\SEGURA EP\BITSAC\.git\objects\0f\f33d83b16968722c597075caf56536b2ce7e3c","213",""
"C:\Users\ASUS\Desktop\SEGURA EP\BITSAC\.git\objects\10\36b1201fa15d6cff1d94aefeb30386aee037a2","499",""
"C:\Users\ASUS\Desktop\SEGURA EP\BITSAC\.git\objects\10\654e03bc3fa596a65e14014b56802d3aa2e5fd","522",""
"C:\Users\ASUS\Desktop\SEGURA EP\BITSAC\.git\objects\10\cb4967b466910eb60d09de88142f63abcd27a5","98",""
"C:\Users\ASUS\Desktop\SEGURA EP\BITSAC\.git\objects\10\ebac56bb79a3cce23fc8814b08903cf5c526ac","5084",""
"C:\Users\ASUS\Desktop\SEGURA EP\BITSAC\.git\objects\11\249e9f52eefb4119fdda632de9dae8062f06b6","87",""
"C:\Users\ASUS\Desktop\SEGURA EP\BITSAC\.git\objects\11\3c9e4cf1003f11394835235c76f848312ada70","569",""
"C:\Users\ASUS\Desktop\SEGURA EP\BITSAC\.git\objects\11\500d390805aba715005706b16253ebd835b9e5","99",""
"C:\Users\ASUS\Desktop\SEGURA EP\BITSAC\.git\objects\11\7a84aa96298e0029444b7ba969478891e53e4f","551",""
"C:\Users\ASUS\Desktop\SEGURA EP\BITSAC\.git\objects\11\bf465e597204409fb500d856f5eee9fc804c52","20058",""
"C:\Users\ASUS\Desktop\SEGURA EP\BITSAC\.git\objects\12\55238f592b5033b00029e349ecd3adecd2ae05","64",""
"C:\Users\ASUS\Desktop\SEGURA EP\BITSAC\.git\objects\13\18ddc819b2bceefd358e9f31d26a694941be8b","208",""
"C:\Users\ASUS\Desktop\SEGURA EP\BITSAC\.git\objects\13\1fee56203bfc920fafb509dcd1959e5f262328","489",""
"C:\Users\ASUS\Desktop\SEGURA EP\BITSAC\.git\objects\14\1671c9f3aab8be64dd6da219c7e1798512347e","161",""
"C:\Users\ASUS\Desktop\SEGURA EP\BITSAC\.git\objects\14\9664c2fbae0ef56e4e109ea042d2cda46c8807","4859",""
"C:\Users\ASUS\Desktop\SEGURA EP\BITSAC\.git\objects\14\b10f80fde296c78399f44565dcfdd58289c4d8","1748",""
"C:\Users\ASUS\Desktop\SEGURA EP\BITSAC\.git\objects\14\c04083afe9d46854055fce7abe123b73e82850","7567",""
"C:\Users\ASUS\Desktop\SEGURA EP\BITSAC\.git\objects\14\c20f47fd22c1f8da1775cfd31d2c62f3675ae0","213",""
"C:\Users\ASUS\Desktop\SEGURA EP\BITSAC\.git\objects\14\c5f153096edae5f798a05a3ff2b1bf7db0783f","8700",""
"C:\Users\ASUS\Desktop\SEGURA EP\BITSAC\.git\objects\14\eca17652ef14eb0fe2397f791a301e1c679b30","526",""
"C:\Users\ASUS\Desktop\SEGURA EP\BITSAC\.git\objects\15\14d5655709b60dd2dd22c97b873db0e366e9db","4413130",""
"C:\Users\ASUS\Desktop\SEGURA EP\BITSAC\.git\objects\15\5d0493bdb9417a30545d729588803404f356d4","496",""
"C:\Users\ASUS\Desktop\SEGURA EP\BITSAC\.git\objects\15\61820ffd679b85abb95128dced24c88b34fd6f","165",""
"C:\Users\ASUS\Desktop\SEGURA EP\BITSAC\.git\objects\15\631f68ae75fe16844f0ac91ab02e6c5f2b03bc","848",""
"C:\Users\ASUS\Desktop\SEGURA EP\BITSAC\.git\objects\16\b10d25bfd15610eca92e625a1e0834a1853873","165",""
"C:\Users\ASUS\Desktop\SEGURA EP\BITSAC\.git\objects\16\b3f2d891aadb89781fe979bc806d0391f3f8b4","214",""
"C:\Users\ASUS\Desktop\SEGURA EP\BITSAC\.git\objects\16\d9080564d0eddfddd56eded5b02c7e7c14e621","181",""
"C:\Users\ASUS\Desktop\SEGURA EP\BITSAC\.git\objects\17\a84a638f75f2178e383fec0e1d49deb4df0cc4","460",""
"C:\Users\ASUS\Desktop\SEGURA EP\BITSAC\.git\objects\18\3a1c80d90495e38c423ace95c66651a844e890","86",""
"C:\Users\ASUS\Desktop\SEGURA EP\BITSAC\.git\objects\18\85fddc0b1ecbff235d2a44742977425d574b80","18082",""
"C:\Users\ASUS\Desktop\SEGURA EP\BITSAC\.git\objects\19\866d4af56a8096349ce129b1500f0f5088b1ab","213",""
"C:\Users\ASUS\Desktop\SEGURA EP\BITSAC\.git\objects\19\8dafa95c5181b9115ed28e7cfab528cf8e55f9","161",""
"C:\Users\ASUS\Desktop\SEGURA EP\BITSAC\.git\objects\19\9f07fb9309d2e75c1460ca58fb40692303d5eb","850",""
"C:\Users\ASUS\Desktop\SEGURA EP\BITSAC\.git\objects\19\d63e282b3595a2589ce56bb3e89b49501a4422","176",""
"C:\Users\ASUS\Desktop\SEGURA EP\BITSAC\.git\objects\1a\6ea924a93c6ab878df487e205d404dc40c4789","11503",""
"C:\Users\ASUS\Desktop\SEGURA EP\BITSAC\.git\objects\1a\fbc9da66efd42d17e0b2b26323c4ab94eef84a","153",""
"C:\Users\ASUS\Desktop\SEGURA EP\BITSAC\.git\objects\1b\021b01ee19bb124ede0519f4f6417c40defe66","1458",""
"C:\Users\ASUS\Desktop\SEGURA EP\BITSAC\.git\objects\1b\247e7b135973ada52d796bc2c5ff6578d3a056","5853",""
"C:\Users\ASUS\Desktop\SEGURA EP\BITSAC\.git\objects\1b\5c24e44858111a091f0453b2c0d9c75b9e569d","1302",""
"C:\Users\ASUS\Desktop\SEGURA EP\BITSAC\.git\objects\1b\72ef2114acbc6207ca5e050a8511d2591ac3ba","562",""
"C:\Users\ASUS\Desktop\SEGURA EP\BITSAC\.git\objects\1b\79db6685ab8f67de95c30e5c454890b225baf9","86",""
"C:\Users\ASUS\Desktop\SEGURA EP\BITSAC\.git\objects\1b\bc278c48af09458519e7d46efcf699342887fa","228",""
"C:\Users\ASUS\Desktop\SEGURA EP\BITSAC\.git\objects\1b\f75168ab96e513bfbb660eb4da35d783e434e2","4118",""
"C:\Users\ASUS\Desktop\SEGURA EP\BITSAC\.git\objects\1c\563403f878b1f67e804f124061ad51a63fcc42","87",""
"C:\Users\ASUS\Desktop\SEGURA EP\BITSAC\.git\objects\1c\5dac71666916e8a0c85b37bafa887c6e240378","78",""
"C:\Users\ASUS\Desktop\SEGURA EP\BITSAC\.git\objects\1c\7a50ed7a5207daf969225d8a829cb443648531","213",""
"C:\Users\ASUS\Desktop\SEGURA EP\BITSAC\.git\objects\1d\2d808dd98363907a9e7082cea9e7f0419451c1","98",""
"C:\Users\ASUS\Desktop\SEGURA EP\BITSAC\.git\objects\1d\7c4eee68ed3a0162f3b79291a9c00be487ee6f","213",""
"C:\Users\ASUS\Desktop\SEGURA EP\BITSAC\.git\objects\1d\96e382b3384c938234488ce89800b02c80c2b9","1560",""
"C:\Users\ASUS\Desktop\SEGURA EP\BITSAC\.git\objects\1d\a93b9a120a0fded513bda5b200386a665c2ff8","86",""
"C:\Users\ASUS\Desktop\SEGURA EP\BITSAC\.git\objects\1d\acbcaca4823aa2bfd2d5855d69b005baa7d32c","54",""
"C:\Users\ASUS\Desktop\SEGURA EP\BITSAC\.git\objects\1d\e7773a339e8cfa713fecd64d4e32da331eb0ae","435",""
"C:\Users\ASUS\Desktop\SEGURA EP\BITSAC\.git\objects\1d\efa9bad244ff7cc97bd11f59b177423c3dca2a","1194",""
"C:\Users\ASUS\Desktop\SEGURA EP\BITSAC\.git\objects\1e\2808b3d0b18b18f4dff2374929ee950635edc4","4394",""
"C:\Users\ASUS\Desktop\SEGURA EP\BITSAC\.git\objects\1e\499f36eb398c687b3e6cc2fb6023816f07d726","1364",""
"C:\Users\ASUS\Desktop\SEGURA EP\BITSAC\.git\objects\1e\5770b61aef3c2733d62f6130698c5002a41fb3","886",""
"C:\Users\ASUS\Desktop\SEGURA EP\BITSAC\.git\objects\1e\79fdadc16ce8f985add3ee019a0d2719f93e22","311",""
"C:\Users\ASUS\Desktop\SEGURA EP\BITSAC\.git\objects\1e\cd5ffcd52b094e8b62e01c7d7d4b448118e8fd","1156275",""
"C:\Users\ASUS\Desktop\SEGURA EP\BITSAC\.git\objects\1f\2bb4cbedfc0e5613a3d4d4158c53187103c37c","53",""
"C:\Users\ASUS\Desktop\SEGURA EP\BITSAC\.git\objects\1f\30fafeaad770ab6f620e6d63078162a5c8bbe1","152",""
"C:\Users\ASUS\Desktop\SEGURA EP\BITSAC\.git\objects\1f\7d3040cbb8632a5c12e8db0ced961e08e35527","162",""
"C:\Users\ASUS\Desktop\SEGURA EP\BITSAC\.git\objects\20\9de3a29dcc345c815e1cd3ed7b6edae074cf2b","886",""
"C:\Users\ASUS\Desktop\SEGURA EP\BITSAC\.git\objects\21\447cd481f3ae0312c83c8f118e7ecec34b1021","90",""
"C:\Users\ASUS\Desktop\SEGURA EP\BITSAC\.git\objects\21\86f725cd00f1e225adbc95def488d8489fc186","15756",""
"C:\Users\ASUS\Desktop\SEGURA EP\BITSAC\.git\objects\21\b9075de4b8f694acc5711509175aeb769e288e","232",""
"C:\Users\ASUS\Desktop\SEGURA EP\BITSAC\.git\objects\22\186c53f4a9445a8abb9b60abcddd3ca3e53100","312",""
"C:\Users\ASUS\Desktop\SEGURA EP\BITSAC\.git\objects\22\192f0c6c2f36e26e681380457dfa36266c7736","68",""
"C:\Users\ASUS\Desktop\SEGURA EP\BITSAC\.git\objects\22\35e825c5b48b048bc221c487930470b871b047","54",""
"C:\Users\ASUS\Desktop\SEGURA EP\BITSAC\.git\objects\22\38589ac4dc2986c33c96e20ad40e3cbe8aaa24","1813",""
"C:\Users\ASUS\Desktop\SEGURA EP\BITSAC\.git\objects\22\a56ad685785c2a731391df9ce44654ef0a58d3","77",""
"C:\Users\ASUS\Desktop\SEGURA EP\BITSAC\.git\objects\22\f4a1dbc80077190f516474ced108cf31b1a41a","153",""
"C:\Users\ASUS\Desktop\SEGURA EP\BITSAC\.git\objects\23\576e021e47bf93c8e6e84633c8b79be7de7b6a","180",""
"C:\Users\ASUS\Desktop\SEGURA EP\BITSAC\.git\objects\23\8a11c25e7405f8eb02eca65d9f2a9b26a1989e","200",""
"C:\Users\ASUS\Desktop\SEGURA EP\BITSAC\.git\objects\23\901fc89176f53ad80080289ea1f5823b61f2b1","1770451",""
"C:\Users\ASUS\Desktop\SEGURA EP\BITSAC\.git\objects\23\b7cb7de6c7ae79a8fdfdc69cbcdb82a769f6b5","90",""
"C:\Users\ASUS\Desktop\SEGURA EP\BITSAC\.git\objects\24\3ba18b08fa84170af6e76ae0e0d7b15b15ad43","116",""
"C:\Users\ASUS\Desktop\SEGURA EP\BITSAC\.git\objects\24\64c769459f31f46b4ba0bfb7c55aad345a1757","886",""
"C:\Users\ASUS\Desktop\SEGURA EP\BITSAC\.git\objects\25\0114053803cb8ee284a71c43eabe5a435e5eea","213",""
"C:\Users\ASUS\Desktop\SEGURA EP\BITSAC\.git\objects\25\02899e860823909bed3ec185644c8ff71cff63","54",""
"C:\Users\ASUS\Desktop\SEGURA EP\BITSAC\.git\objects\25\05f4ddcbe8984953f22458f6dadc617638e243","77",""
"C:\Users\ASUS\Desktop\SEGURA EP\BITSAC\.git\objects\25\16abfe9a02e36d645e08f1657dadb483ac64c0","887",""
"C:\Users\ASUS\Desktop\SEGURA EP\BITSAC\.git\objects\25\3d90536e0c3f8852f6e7220ea09e6f3c99fc70","86",""
"C:\Users\ASUS\Desktop\SEGURA EP\BITSAC\.git\objects\25\618616f204ef9b5dd9dac0bf1b1facc568c20d","4172",""
"C:\Users\ASUS\Desktop\SEGURA EP\BITSAC\.git\objects\25\9ebe163bdf6a55e11c34f8eef32fca9a4cb192","179",""
"C:\Users\ASUS\Desktop\SEGURA EP\BITSAC\.git\objects\25\b28a176e5d0fb4b425a3c57ca6a28cf30276a3","569",""
"C:\Users\ASUS\Desktop\SEGURA EP\BITSAC\.git\objects\25\db73cb677aea9a79f70ea5ae3c33599734b6c2","560",""
"C:\Users\ASUS\Desktop\SEGURA EP\BITSAC\.git\objects\25\df37da15621757a6259d3b92f9c45dc7deebf8","7292",""
"C:\Users\ASUS\Desktop\SEGURA EP\BITSAC\.git\objects\26\120c0bc91256035a8129895133dabd2220019d","101",""
"C:\Users\ASUS\Desktop\SEGURA EP\BITSAC\.git\objects\26\5579100352814b18c69d2de39c7798622441d6","228",""
"C:\Users\ASUS\Desktop\SEGURA EP\BITSAC\.git\objects\26\ae9079674322b3526047eaff924cb50169d0e6","201",""
"C:\Users\ASUS\Desktop\SEGURA EP\BITSAC\.git\objects\26\faa8c73ac34deb72bc3db28a568d2e58734d96","158",""
"C:\Users\ASUS\Desktop\SEGURA EP\BITSAC\.git\objects\27\9c266d4ca43f74f2a89e3b522e1adb0d43f762","213",""
"C:\Users\ASUS\Desktop\SEGURA EP\BITSAC\.git\objects\27\b1344ac6501f1926a23b5ff948f9649c95181c","1838",""
"C:\Users\ASUS\Desktop\SEGURA EP\BITSAC\.git\objects\27\f8993cd3b0b8c8cf91068eaf35a05842b8deef","6843",""
"C:\Users\ASUS\Desktop\SEGURA EP\BITSAC\.git\objects\28\0200939e112f04679f247aad4b3b45d2051bb0","4177",""
"C:\Users\ASUS\Desktop\SEGURA EP\BITSAC\.git\objects\28\0d7198880cbdfef20411da8e68e4b2f43fafdb","804",""
"C:\Users\ASUS\Desktop\SEGURA EP\BITSAC\.git\objects\28\9fe91b6f20306666a0cc277f8db3a5b3003595","560",""
"C:\Users\ASUS\Desktop\SEGURA EP\BITSAC\.git\objects\28\cd1a50e767c4c1b1ca9eaba84a5e6898ac7bb7","273",""
"C:\Users\ASUS\Desktop\SEGURA EP\BITSAC\.git\objects\29\29e15007c2ed45776d02b342ba787007cf9e4d","461",""
"C:\Users\ASUS\Desktop\SEGURA EP\BITSAC\.git\objects\29\c7b8965e73c91d9a4952140dde7eead9718f58","311",""
"C:\Users\ASUS\Desktop\SEGURA EP\BITSAC\.git\objects\29\fb665dea5f0423a9450ea3fd9bfee1df878f97","462",""
"C:\Users\ASUS\Desktop\SEGURA EP\BITSAC\.git\objects\2a\14a29b4103725e1c79ed7ef2c67be7e64b052b","98",""
"C:\Users\ASUS\Desktop\SEGURA EP\BITSAC\.git\objects\2a\1ec589b9739f95169316e878376523649855ca","77",""
"C:\Users\ASUS\Desktop\SEGURA EP\BITSAC\.git\objects\2a\70414cdb171b695ebeb3d9cb792beb1a72eff9","213",""
"C:\Users\ASUS\Desktop\SEGURA EP\BITSAC\.git\objects\2a\71124fda8b4db734d58c992968e62621087849","279",""
"C:\Users\ASUS\Desktop\SEGURA EP\BITSAC\.git\objects\2b\087112edf1242373f5ea9093126c2743e032d4","213",""
"C:\Users\ASUS\Desktop\SEGURA EP\BITSAC\.git\objects\2b\08bb82c6eda01d1a420eec4d83bc90ebe8690a","207",""
"C:\Users\ASUS\Desktop\SEGURA EP\BITSAC\.git\objects\2b\16dbe8ddb324531486daf9535cd537d8ef8a3b","166",""
"C:\Users\ASUS\Desktop\SEGURA EP\BITSAC\.git\objects\2c\cb3b2fa49456c486d0f577f7009ba6365a9ee1","278",""
"C:\Users\ASUS\Desktop\SEGURA EP\BITSAC\.git\objects\2c\d81f38a05dbda1ed546d21cfec5b547a84635c","98",""
"C:\Users\ASUS\Desktop\SEGURA EP\BITSAC\.git\objects\2d\082c1ecb2275c331109b43c14b7e9e6d9a4102","228",""
"C:\Users\ASUS\Desktop\SEGURA EP\BITSAC\.git\objects\2d\44c6e8fb3a1ca781596c5870c5b5d02b621ec5","213",""
"C:\Users\ASUS\Desktop\SEGURA EP\BITSAC\.git\objects\2d\c9bfe5bcbf7c7ce7722b02a8bdc9ce28167b29","6943",""
"C:\Users\ASUS\Desktop\SEGURA EP\BITSAC\.git\objects\2d\edb4d3b6fb843aeafab84dff8e9cd438959994","10761",""
"C:\Users\ASUS\Desktop\SEGURA EP\BITSAC\.git\objects\2d\f44d4a7e2cd3455824be96f26e2dca16224251","1185",""
"C:\Users\ASUS\Desktop\SEGURA EP\BITSAC\.git\objects\2e\20e2926e66eb5384c77928daa6474b3aff1505","10610",""
"C:\Users\ASUS\Desktop\SEGURA EP\BITSAC\.git\objects\2e\9298ca1af6c88a9800f7db37a37deefccf656a","53",""
"C:\Users\ASUS\Desktop\SEGURA EP\BITSAC\.git\objects\2e\a3f8aa87c3b70d1818536dd6a72ffdaf010c41","63",""
"C:\Users\ASUS\Desktop\SEGURA EP\BITSAC\.git\objects\2e\af5574eccdf1b18f765e6cd8d1a3e45417096e","9805",""
"C:\Users\ASUS\Desktop\SEGURA EP\BITSAC\.git\objects\2f\1019353c843065ca68945ae705c547086c9e66","181",""
"C:\Users\ASUS\Desktop\SEGURA EP\BITSAC\.git\objects\2f\40a5d53a42a61087d5c333e4fc6a2601c92d7f","67",""
"C:\Users\ASUS\Desktop\SEGURA EP\BITSAC\.git\objects\2f\465922dfdad4e11f7b1bb6b3217e02c9c62ccc","213",""
"C:\Users\ASUS\Desktop\SEGURA EP\BITSAC\.git\objects\2f\7cb4b65cee9e2c94cb9d940fce946cfae52c13","6712",""
"C:\Users\ASUS\Desktop\SEGURA EP\BITSAC\.git\objects\2f\98823d67cde669fe1ff90ff6d73bf4af18d2e1","67",""
"C:\Users\ASUS\Desktop\SEGURA EP\BITSAC\.git\objects\2f\99b338af2f1684908be7c91e0f16263d51138b","194",""
"C:\Users\ASUS\Desktop\SEGURA EP\BITSAC\.git\objects\2f\c26d026349396e9f3ff3a711e0b696dadb7a7a","531",""
"C:\Users\ASUS\Desktop\SEGURA EP\BITSAC\.git\objects\2f\e23809de8e56210352de7485ce3858c9bbd008","8660",""
"C:\Users\ASUS\Desktop\SEGURA EP\BITSAC\.git\objects\2f\e2c91828a3f0a5a8f51d6daf3087cc2540f546","2998",""
"C:\Users\ASUS\Desktop\SEGURA EP\BITSAC\.git\objects\30\4f90a30e82607855d3149057f838f14b8af2aa","77",""
"C:\Users\ASUS\Desktop\SEGURA EP\BITSAC\.git\objects\30\590a17859e4ab067574f7e17d7e504400f8312","1347",""
"C:\Users\ASUS\Desktop\SEGURA EP\BITSAC\.git\objects\30\898c6d0eca4f0ac6f25b673a14afc9cdd2ca5e","98",""
"C:\Users\ASUS\Desktop\SEGURA EP\BITSAC\.git\objects\30\9dd89204fdbb710d9658eed03b19d9279edd6c","7192",""
"C:\Users\ASUS\Desktop\SEGURA EP\BITSAC\.git\objects\30\c90cd7e6197383bcb88ce8b9cf376c4cf19c7e","885",""
"C:\Users\ASUS\Desktop\SEGURA EP\BITSAC\.git\objects\30\ea8fed64c21396ae1ff1ada44c045f0bd56319","77",""
"C:\Users\ASUS\Desktop\SEGURA EP\BITSAC\.git\objects\31\12f07866fd2ecdb8c7286270ec6077ced7cd77","63",""
"C:\Users\ASUS\Desktop\SEGURA EP\BITSAC\.git\objects\31\4d056c2d35f8c9e9d2aae207b087d72b05d24e","5076",""
"C:\Users\ASUS\Desktop\SEGURA EP\BITSAC\.git\objects\31\6c4b336a56bcb0b865ba87fc3ff8b586b2345f","17810",""
"C:\Users\ASUS\Desktop\SEGURA EP\BITSAC\.git\objects\31\ab88c63b0ea550e9a445de7b3e048fe6c845ce","98",""
"C:\Users\ASUS\Desktop\SEGURA EP\BITSAC\.git\objects\31\cde2d3ce8adccc0109de472d6ae5f2938a916f","1416",""
"C:\Users\ASUS\Desktop\SEGURA EP\BITSAC\.git\objects\32\2d6db8e646052381a0a2867df895720b383980","14873",""
"C:\Users\ASUS\Desktop\SEGURA EP\BITSAC\.git\objects\32\604981a826c52ef4ebc4298bd1b7ddea2e40dc","654",""
"C:\Users\ASUS\Desktop\SEGURA EP\BITSAC\.git\objects\32\deb15a3e65d4eee48e587db335cf1e130a33d4","153",""
"C:\Users\ASUS\Desktop\SEGURA EP\BITSAC\.git\objects\33\2d0839607f4c3627a1e3cd8c82eb73f865f404","3643",""
"C:\Users\ASUS\Desktop\SEGURA EP\BITSAC\.git\objects\33\ebf0aa2dbc5d2c709e61d343dfee0fe4a4cb2a","2214",""
"C:\Users\ASUS\Desktop\SEGURA EP\BITSAC\.git\objects\33\fe70d166a03d4739575f0c140c866d9838657f","4814",""
"C:\Users\ASUS\Desktop\SEGURA EP\BITSAC\.git\objects\34\1ada041c4dd1bdda2260784f1a331e14567f18","213",""
"C:\Users\ASUS\Desktop\SEGURA EP\BITSAC\.git\objects\34\56063cbdaf6231dfcb6358c40dff2c083eb548","174",""
"C:\Users\ASUS\Desktop\SEGURA EP\BITSAC\.git\objects\34\890489c99f3ba35eb48c892f2efa84a1bc32dd","54",""
"C:\Users\ASUS\Desktop\SEGURA EP\BITSAC\.git\objects\34\bfc13b4addc373c48fbf85a154d04eea12dd3d","2851",""
"C:\Users\ASUS\Desktop\SEGURA EP\BITSAC\.git\objects\34\cdb879506faaf835e1802cd3075b87343a248f","228",""
"C:\Users\ASUS\Desktop\SEGURA EP\BITSAC\.git\objects\34\df15a93d3d8e75b1ce7ae0df460778b748d289","851",""
"C:\Users\ASUS\Desktop\SEGURA EP\BITSAC\.git\objects\35\00deabf6bb98dd3a2aeb75640245ac65924140","161",""
"C:\Users\ASUS\Desktop\SEGURA EP\BITSAC\.git\objects\35\5dd2062145872aaea395139b44ef46f8dae49b","434",""
"C:\Users\ASUS\Desktop\SEGURA EP\BITSAC\.git\objects\35\8f81e4173457be31e19ef7f1efcccd90a542d6","180",""
"C:\Users\ASUS\Desktop\SEGURA EP\BITSAC\.git\objects\35\ab334c7bdc5d7321aa02e857b8e96b151f0e2c","496",""
"C:\Users\ASUS\Desktop\SEGURA EP\BITSAC\.git\objects\35\ade0070fd6f87d250ce24486dcf0b29a9ad478","20530",""
"C:\Users\ASUS\Desktop\SEGURA EP\BITSAC\.git\objects\35\d8567ec4b4310fe8ba296c266be45305be8d39","200",""
"C:\Users\ASUS\Desktop\SEGURA EP\BITSAC\.git\objects\36\35e04ac589a24b0188ee0a506dbd10592c8d76","54",""
"C:\Users\ASUS\Desktop\SEGURA EP\BITSAC\.git\objects\36\54987414fc029a029ad1093795f0f97cd40ae4","5255",""
"C:\Users\ASUS\Desktop\SEGURA EP\BITSAC\.git\objects\36\e0489dc65341c0098940b00c8cf760c59fccf9","54",""
"C:\Users\ASUS\Desktop\SEGURA EP\BITSAC\.git\objects\37\03609e930a3599b4a38531416f629428a7d8a9","971",""
"C:\Users\ASUS\Desktop\SEGURA EP\BITSAC\.git\objects\37\19bc4f1dd66bbf08d1b2060d44f143f20bfb5e","24015",""
"C:\Users\ASUS\Desktop\SEGURA EP\BITSAC\.git\objects\37\1bbb5e7f90dbdaf5ce64eae8998d842e43fc31","122",""
"C:\Users\ASUS\Desktop\SEGURA EP\BITSAC\.git\objects\37\3b3f9c78a1acc481b73ae367593163b9ae8199","67",""
"C:\Users\ASUS\Desktop\SEGURA EP\BITSAC\.git\objects\37\da6de9d516139642009ef57de0378306ebdd43","6895",""
"C:\Users\ASUS\Desktop\SEGURA EP\BITSAC\.git\objects\38\0fadae82fac25c134acf8b17d0f885fef67798","6371",""
"C:\Users\ASUS\Desktop\SEGURA EP\BITSAC\.git\objects\38\53286fc0a85d0b89a79561f695d11ee4b57d2f","99",""
"C:\Users\ASUS\Desktop\SEGURA EP\BITSAC\.git\objects\38\7f5a305c31202231d8aec27e8e9724ea46bb1b","53",""
"C:\Users\ASUS\Desktop\SEGURA EP\BITSAC\.git\objects\38\91308c054189e964339a4d09886292a880c527","4787",""
"C:\Users\ASUS\Desktop\SEGURA EP\BITSAC\.git\objects\38\ae1d44ab4d5c91492a004c2b11d4f00ddbb0ba","213",""
"C:\Users\ASUS\Desktop\SEGURA EP\BITSAC\.git\objects\38\c3ec0b8a46fd025e6dc1a1fa07670b48d1b08b","153",""
"C:\Users\ASUS\Desktop\SEGURA EP\BITSAC\.git\objects\38\ec01c6c47178e4023bcdeb9920ab72e4f91484","90",""
"C:\Users\ASUS\Desktop\SEGURA EP\BITSAC\.git\objects\39\06d6bcebb5fa6d794f62007f6f352351ce8cd0","10679",""
"C:\Users\ASUS\Desktop\SEGURA EP\BITSAC\.git\objects\39\550c734a607c45104d85897a38c94932a4073a","228",""
"C:\Users\ASUS\Desktop\SEGURA EP\BITSAC\.git\objects\39\6471ab01c165f876048aca04d9e2981d43df83","539",""
"C:\Users\ASUS\Desktop\SEGURA EP\BITSAC\.git\objects\39\67f60ce6d25c66613bad38647f055f8dc86d6b","86",""
"C:\Users\ASUS\Desktop\SEGURA EP\BITSAC\.git\objects\39\6f4e7e26c55c1fd2d6d9e285a113f8fb5f76c5","181",""
"C:\Users\ASUS\Desktop\SEGURA EP\BITSAC\.git\objects\39\9bc06a1008fa8b7731d6f1346adac424dbb5dc","240",""
"C:\Users\ASUS\Desktop\SEGURA EP\BITSAC\.git\objects\39\befb205e6acafaf235cf991e74156f89cdfeb9","167",""
"C:\Users\ASUS\Desktop\SEGURA EP\BITSAC\.git\objects\3a\a418d28465f1b67f8b4eee6f85c84c9522531e","278",""
"C:\Users\ASUS\Desktop\SEGURA EP\BITSAC\.git\objects\3b\252848245288fdf261207c068550957848865c","212",""
"C:\Users\ASUS\Desktop\SEGURA EP\BITSAC\.git\objects\3b\3e89382e220a318cd318c182f5ac4f7f5a93e7","3448",""
"C:\Users\ASUS\Desktop\SEGURA EP\BITSAC\.git\objects\3b\dcc7f4d9a2af3f41d1f8fb41940e0813863ca5","3581",""
"C:\Users\ASUS\Desktop\SEGURA EP\BITSAC\.git\objects\3c\d190ded5bef1690740e3ada0c0c42494c94c9f","76",""
"C:\Users\ASUS\Desktop\SEGURA EP\BITSAC\.git\objects\3d\0533b3020c99fa63b526b0dade5d1f0e9a2b6e","1245",""
"C:\Users\ASUS\Desktop\SEGURA EP\BITSAC\.git\objects\3d\56521c43b301d058bdbca0b1016d4e29d98ff7","538",""
"C:\Users\ASUS\Desktop\SEGURA EP\BITSAC\.git\objects\3d\afa115eceec6cf0104ff94b39d8ec39160bc7d","102",""
"C:\Users\ASUS\Desktop\SEGURA EP\BITSAC\.git\objects\3d\d0dea99ae8581280d1cfb6d5aec396279e198c","496",""
"C:\Users\ASUS\Desktop\SEGURA EP\BITSAC\.git\objects\3e\618483243a01e2d940dab26fcf63db82311cb9","4309",""
"C:\Users\ASUS\Desktop\SEGURA EP\BITSAC\.git\objects\3e\aa199bf83443fa63ca4c28460df2f1327beabb","311",""
"C:\Users\ASUS\Desktop\SEGURA EP\BITSAC\.git\objects\3e\dd6e8bf1fddc6e924368b913936eee3e420d08","804",""
"C:\Users\ASUS\Desktop\SEGURA EP\BITSAC\.git\objects\3e\e16caaee056c37e41c3824315548b0b574eb1f","2149",""
"C:\Users\ASUS\Desktop\SEGURA EP\BITSAC\.git\objects\3f\2e2976d9f79000dd519f30e721de1ede87178b","232",""
"C:\Users\ASUS\Desktop\SEGURA EP\BITSAC\.git\objects\3f\50b3179247ce10276659368d09efed855f7ae0","98",""
"C:\Users\ASUS\Desktop\SEGURA EP\BITSAC\.git\objects\3f\bded50c627817c49a848bd3ab05220736eff02","886",""
"C:\Users\ASUS\Desktop\SEGURA EP\BITSAC\.git\objects\3f\dde16292bf3824bc56eb904d1febc0a8d4b1ae","90",""
"C:\Users\ASUS\Desktop\SEGURA EP\BITSAC\.git\objects\40\452b62674c4bea46a897cdbc7647eced292722","7999",""
"C:\Users\ASUS\Desktop\SEGURA EP\BITSAC\.git\objects\40\78f4c30017ed9dfd984a62932325a6cd4690f4","64",""
"C:\Users\ASUS\Desktop\SEGURA EP\BITSAC\.git\objects\40\9d3cc1ff55291ab8a84722200be454ca3c0bff","6423",""
"C:\Users\ASUS\Desktop\SEGURA EP\BITSAC\.git\objects\40\9e9563b55900557d441f8c91fb82f4bcc582cf","87",""
"C:\Users\ASUS\Desktop\SEGURA EP\BITSAC\.git\objects\40\dfce5e41324e55a29cd1e81030c10414e973eb","898",""
"C:\Users\ASUS\Desktop\SEGURA EP\BITSAC\.git\objects\40\eda761d318be65414c7b3c8a340c225f2181d8","86",""
"C:\Users\ASUS\Desktop\SEGURA EP\BITSAC\.git\objects\41\28ff2a42dc804424c21cb6627dae0f757a9c3b","3714",""
"C:\Users\ASUS\Desktop\SEGURA EP\BITSAC\.git\objects\41\50d5efa467fbd173a1f5e85c8af82034b900bc","737",""
"C:\Users\ASUS\Desktop\SEGURA EP\BITSAC\.git\objects\41\61557e0fb3e1778233737fd5d738ee7ace31ac","180",""
"C:\Users\ASUS\Desktop\SEGURA EP\BITSAC\.git\objects\41\be836415574cf24fffb5c8ab934514205a6150","199",""
"C:\Users\ASUS\Desktop\SEGURA EP\BITSAC\.git\objects\41\d0d75693354a5c9817c644129fc99c9b676e3f","849",""
"C:\Users\ASUS\Desktop\SEGURA EP\BITSAC\.git\objects\41\f4edb0a207e9c1702027856454099b61722a8e","3101",""
"C:\Users\ASUS\Desktop\SEGURA EP\BITSAC\.git\objects\42\a22c87ef5cd1b0093d91b6447753ca9bee5317","560",""
"C:\Users\ASUS\Desktop\SEGURA EP\BITSAC\.git\objects\43\10ba252c4877a915013652c794370fcae12ab6","848",""
"C:\Users\ASUS\Desktop\SEGURA EP\BITSAC\.git\objects\43\1b44a690b6b13c77a040ec40215d10ee238bb8","4799",""
"C:\Users\ASUS\Desktop\SEGURA EP\BITSAC\.git\objects\43\3d7a472efc6f5b71bb0dd1bf8424f874c79801","5255",""
"C:\Users\ASUS\Desktop\SEGURA EP\BITSAC\.git\objects\43\41ce63519fbd97076e0e44084d7c97eee4c95c","86",""
"C:\Users\ASUS\Desktop\SEGURA EP\BITSAC\.git\objects\43\64a9a82b15807916c6b43d361049ff2e13a67d","89",""
"C:\Users\ASUS\Desktop\SEGURA EP\BITSAC\.git\objects\43\7b14761f5a94707a3e4868cfda191aa0687757","886",""
"C:\Users\ASUS\Desktop\SEGURA EP\BITSAC\.git\objects\43\caf4bb4e7598b506320425d5642b31217527a3","152",""
"C:\Users\ASUS\Desktop\SEGURA EP\BITSAC\.git\objects\43\d20cdbb1b38460726a0ee9a7132b76cc74ae0f","99",""
"C:\Users\ASUS\Desktop\SEGURA EP\BITSAC\.git\objects\43\ff203285123eed7c5b7609b6ecfed2efa4fbee","1292",""
"C:\Users\ASUS\Desktop\SEGURA EP\BITSAC\.git\objects\44\bd1004c6b760a9237b30328e83bacbdd51080b","180",""
"C:\Users\ASUS\Desktop\SEGURA EP\BITSAC\.git\objects\44\e1d0feaf1689cd280bdec9483a5e813385e336","212",""
"C:\Users\ASUS\Desktop\SEGURA EP\BITSAC\.git\objects\45\091a73c075e539dc72f6567f5b0b2285f05cfe","1822",""
"C:\Users\ASUS\Desktop\SEGURA EP\BITSAC\.git\objects\45\0f21b7206ad59a4ede8e2681443901f72bb561","80",""
"C:\Users\ASUS\Desktop\SEGURA EP\BITSAC\.git\objects\45\8fc2be9373362482e11f01efbdb090c183ec87","9138",""
"C:\Users\ASUS\Desktop\SEGURA EP\BITSAC\.git\objects\45\cefcdc14d7655b15bf17c38fbd4eedd47fcd5f","87",""
"C:\Users\ASUS\Desktop\SEGURA EP\BITSAC\.git\objects\45\fb0f32877507134adc65b104e7ae7b58ae7791","214",""
"C:\Users\ASUS\Desktop\SEGURA EP\BITSAC\.git\objects\46\3e74bdd971fac4b41302dfbee1d586380a3845","271",""
"C:\Users\ASUS\Desktop\SEGURA EP\BITSAC\.git\objects\46\3fd2fc0ed730e64b35c8cb83dbfbec82a90140","228",""
"C:\Users\ASUS\Desktop\SEGURA EP\BITSAC\.git\objects\46\9226f5a7eeed00fdca3be685d9a4608d1db8c4","503",""
"C:\Users\ASUS\Desktop\SEGURA EP\BITSAC\.git\objects\46\b7e9d6ba8f3fa0017e866558a726b4575194bf","4980",""
"C:\Users\ASUS\Desktop\SEGURA EP\BITSAC\.git\objects\46\cdf5f0620dae1fa01a741c24b2a133b23df7b5","213",""
"C:\Users\ASUS\Desktop\SEGURA EP\BITSAC\.git\objects\46\f1404bc0cb3ec25ba5d18848ba8226cc9e382f","200",""
"C:\Users\ASUS\Desktop\SEGURA EP\BITSAC\.git\objects\47\363b3bfc01ae27038c4ecb46a7b21877dc9ce4","2095",""
"C:\Users\ASUS\Desktop\SEGURA EP\BITSAC\.git\objects\47\8e1b8b84c3bfb7c176b19f090d5c05f7447621","278",""
"C:\Users\ASUS\Desktop\SEGURA EP\BITSAC\.git\objects\47\c1e3b0b13cdd8cf41d7f6fb38605a61815002b","5294",""
"C:\Users\ASUS\Desktop\SEGURA EP\BITSAC\.git\objects\47\d516ccc4452709d15b0e08daff4cd527a845ae","9229",""
"C:\Users\ASUS\Desktop\SEGURA EP\BITSAC\.git\objects\48\269bd022ce4e5633a37a7a1b87a9d1de37fc1a","99",""
"C:\Users\ASUS\Desktop\SEGURA EP\BITSAC\.git\objects\49\935fa82b8cf8f5561a82efb0ba3fca9365198e","166",""
"C:\Users\ASUS\Desktop\SEGURA EP\BITSAC\.git\objects\49\a9a36523e7d95359d670d6b4a69cbd5668601e","53",""
"C:\Users\ASUS\Desktop\SEGURA EP\BITSAC\.git\objects\49\be6386645e11444044ae3772ab111d8ebc718f","5246",""
"C:\Users\ASUS\Desktop\SEGURA EP\BITSAC\.git\objects\49\c519450d31d3b05912db3a70c0cea5cfcc7436","54",""
"C:\Users\ASUS\Desktop\SEGURA EP\BITSAC\.git\objects\49\fd310bc611847b4ff0d5decfb5d0cb6ae25540","121",""
"C:\Users\ASUS\Desktop\SEGURA EP\BITSAC\.git\objects\4a\4a9dbe405d5b076b9df1d6ffa9e90c7d2cf1e9","86",""
"C:\Users\ASUS\Desktop\SEGURA EP\BITSAC\.git\objects\4a\bb198ae5c720657c27af8e9344a3f8dc3ec83f","23136",""
"C:\Users\ASUS\Desktop\SEGURA EP\BITSAC\.git\objects\4a\d255f190e9d9f1343775d92fc9bbd04ad47ce8","54",""
"C:\Users\ASUS\Desktop\SEGURA EP\BITSAC\.git\objects\4a\dd77af1f35f3fbb2440b858c3b9c8f6c5d0a48","53",""
"C:\Users\ASUS\Desktop\SEGURA EP\BITSAC\.git\objects\4b\21afb887ed32f9129174c06421b1120bef3da2","6918",""
"C:\Users\ASUS\Desktop\SEGURA EP\BITSAC\.git\objects\4b\de9d7f01055ae16469f12cfa9ef83f4a53d591","214",""
"C:\Users\ASUS\Desktop\SEGURA EP\BITSAC\.git\objects\4c\11681303b2c7f36300004d05b75ba041c58c27","180",""
"C:\Users\ASUS\Desktop\SEGURA EP\BITSAC\.git\objects\4c\eacdc2b502fa50f26976985f4c87d8cd58a607","98",""
"C:\Users\ASUS\Desktop\SEGURA EP\BITSAC\.git\objects\4d\285a6409a88698aeca9fa344dd078a7e731a87","1827",""
"C:\Users\ASUS\Desktop\SEGURA EP\BITSAC\.git\objects\4d\317492372ea2bf4cb27ef2fca4e0ab4f52b613","179",""
"C:\Users\ASUS\Desktop\SEGURA EP\BITSAC\.git\objects\4d\6dc011163e7e79b1b642cec936a1ee4f0e13dd","6210",""
"C:\Users\ASUS\Desktop\SEGURA EP\BITSAC\.git\objects\4d\8a3280e66eb66be5bc7b1ff52ff2606adb2dd3","19862",""
"C:\Users\ASUS\Desktop\SEGURA EP\BITSAC\.git\objects\4d\a6c0e0d0840fb1ade9fcefc7e38a478c293421","9438",""
"C:\Users\ASUS\Desktop\SEGURA EP\BITSAC\.git\objects\4e\3a3c2a2571f6a00e96488ea21f41f472bd8f8e","65",""
"C:\Users\ASUS\Desktop\SEGURA EP\BITSAC\.git\objects\4e\3cefe964a457c4299b29e7fa2b80f00f58c04e","2239",""
"C:\Users\ASUS\Desktop\SEGURA EP\BITSAC\.git\objects\4e\58c7a5f6bccb007974967da0aa98f375d28d3f","3537",""
"C:\Users\ASUS\Desktop\SEGURA EP\BITSAC\.git\objects\4e\6e4e14cff2aa35f686a826a61064d60c477120","918",""
"C:\Users\ASUS\Desktop\SEGURA EP\BITSAC\.git\objects\4e\75481c4d05a2cad779ee6e69b9e1584e0cc273","680",""
"C:\Users\ASUS\Desktop\SEGURA EP\BITSAC\.git\objects\4e\8a53b49009cecf9806d21416dcd6121523eb55","53",""
"C:\Users\ASUS\Desktop\SEGURA EP\BITSAC\.git\objects\4e\8c776cf4b393d79b20b4f4c27e178cf2cef676","848",""
"C:\Users\ASUS\Desktop\SEGURA EP\BITSAC\.git\objects\4e\964994a4bceca7d3c0d3085ed4aaff16c3f668","8374",""
"C:\Users\ASUS\Desktop\SEGURA EP\BITSAC\.git\objects\4f\006f6b0af4fadd4d7452304c23a91bedb96b40","569",""
"C:\Users\ASUS\Desktop\SEGURA EP\BITSAC\.git\objects\4f\1d7b3ec44728df82b78cc1cba6e197a1db9312","180",""
"C:\Users\ASUS\Desktop\SEGURA EP\BITSAC\.git\objects\4f\a96ce6a6dbb946fa26bcfb6dfda74ef1bc44d6","538",""
"C:\Users\ASUS\Desktop\SEGURA EP\BITSAC\.git\objects\4f\b05c95a6a7d4644d2921d6a91a9d5cc2b180b3","537",""
"C:\Users\ASUS\Desktop\SEGURA EP\BITSAC\.git\objects\4f\bd95d3c6f26fc6b4b743b21fe5bf8b44f1ca60","99",""
"C:\Users\ASUS\Desktop\SEGURA EP\BITSAC\.git\objects\50\b17ea6cf5600f884e8902ae18e30569f33d8b4","1047",""
"C:\Users\ASUS\Desktop\SEGURA EP\BITSAC\.git\objects\50\f75a5b3f053bd9983cf6022d32b27a4948efa1","152",""
"C:\Users\ASUS\Desktop\SEGURA EP\BITSAC\.git\objects\51\4d728d4102eedcfa3042bca9a6a709f97bc334","918",""
"C:\Users\ASUS\Desktop\SEGURA EP\BITSAC\.git\objects\51\6bfb9795a7133088b44d29734b563bffc6ad81","5269",""
"C:\Users\ASUS\Desktop\SEGURA EP\BITSAC\.git\objects\51\70aed08c86a7b736f6b594acdfef97ab94ab60","560",""
"C:\Users\ASUS\Desktop\SEGURA EP\BITSAC\.git\objects\52\7a9c761f95bc80943d5aa0fda4295f4a310abf","1470",""
"C:\Users\ASUS\Desktop\SEGURA EP\BITSAC\.git\objects\52\a8e761fd986c9d16a7b2da9d99ee57a1dd14d3","2164194",""
"C:\Users\ASUS\Desktop\SEGURA EP\BITSAC\.git\objects\52\ab33d99730da18dacef3d2dbe2873deb50414f","77",""
"C:\Users\ASUS\Desktop\SEGURA EP\BITSAC\.git\objects\52\ab772bf956e64221a94282dfe49f543e2d21e8","207",""
"C:\Users\ASUS\Desktop\SEGURA EP\BITSAC\.git\objects\53\0cb6b8d8ce615e479375ca45b15eaf98025b0f","181",""
"C:\Users\ASUS\Desktop\SEGURA EP\BITSAC\.git\objects\53\246a5be35abcb097f7e4058609cbeb27fca318","885",""
"C:\Users\ASUS\Desktop\SEGURA EP\BITSAC\.git\objects\54\15a8c649040597240514213b9ec9e7542e459d","4742",""
"C:\Users\ASUS\Desktop\SEGURA EP\BITSAC\.git\objects\54\385f976b430e3e7207ee14d3bf2f2c28f64670","2869",""
"C:\Users\ASUS\Desktop\SEGURA EP\BITSAC\.git\objects\54\59db860bed818afb54430b92d85040782a8e59","6871",""
"C:\Users\ASUS\Desktop\SEGURA EP\BITSAC\.git\objects\54\7e8c49ecf780b12f312b90571048f365ab844a","152",""
"C:\Users\ASUS\Desktop\SEGURA EP\BITSAC\.git\objects\54\9170fa4412e734df8fe596038394fc57cbaa0e","1295347",""
"C:\Users\ASUS\Desktop\SEGURA EP\BITSAC\.git\objects\55\19d1e3f663ff65f2f7b51f93c5a769ae91a418","848",""
"C:\Users\ASUS\Desktop\SEGURA EP\BITSAC\.git\objects\55\458b9c11b0b3ebc93c06e4f0a76fb8a1e5abab","7721",""
"C:\Users\ASUS\Desktop\SEGURA EP\BITSAC\.git\objects\55\9e10a63a33f03875bee8b0eca5833c641ef483","4580",""
"C:\Users\ASUS\Desktop\SEGURA EP\BITSAC\.git\objects\56\35d80aea9c9fba09d1d8709d48ff38f4ffde11","8781",""
"C:\Users\ASUS\Desktop\SEGURA EP\BITSAC\.git\objects\56\7589bf2892205db7448ad41e8a05415bbaa931","848",""
"C:\Users\ASUS\Desktop\SEGURA EP\BITSAC\.git\objects\56\c1e7c6063a696023dbed45354251144f8ef2eb","496",""
"C:\Users\ASUS\Desktop\SEGURA EP\BITSAC\.git\objects\57\0f213904e0d0b08d215e5efdab0b055f552345","5364",""
"C:\Users\ASUS\Desktop\SEGURA EP\BITSAC\.git\objects\57\571de4ef48d2467efbfd95f4fd321d6e848e31","213",""
"C:\Users\ASUS\Desktop\SEGURA EP\BITSAC\.git\objects\57\f2679044ccc3feef604bced0f33dfb59e8d8c8","54",""
"C:\Users\ASUS\Desktop\SEGURA EP\BITSAC\.git\objects\57\f5b1ab1974447701ae6a7ced6921c65bf2cb5f","4439",""
"C:\Users\ASUS\Desktop\SEGURA EP\BITSAC\.git\objects\58\2d72cc1384fe96863112b44dc58ecd751a3778","4799",""
"C:\Users\ASUS\Desktop\SEGURA EP\BITSAC\.git\objects\58\591d24c488ef3dc296b294f0c620171128f6fe","86",""
"C:\Users\ASUS\Desktop\SEGURA EP\BITSAC\.git\objects\58\8fe27b36b3dc6048f488dd907e3f5fc6b1001b","1959",""
"C:\Users\ASUS\Desktop\SEGURA EP\BITSAC\.git\objects\58\9744cd37713abd81e5d7f0b893c295b3f9b735","6374",""
"C:\Users\ASUS\Desktop\SEGURA EP\BITSAC\.git\objects\58\d0e875166e0d7fa356db638c6e45d3f6907108","160",""
"C:\Users\ASUS\Desktop\SEGURA EP\BITSAC\.git\objects\59\2f31d6a397fcb28332179a0ed205e982d0b8df","98",""
"C:\Users\ASUS\Desktop\SEGURA EP\BITSAC\.git\objects\59\3b26bd79b4a9b7d8893dafd36f5b1532125ef8","17717",""
"C:\Users\ASUS\Desktop\SEGURA EP\BITSAC\.git\objects\59\5f80ac24f5ba056b093dd2ac4644b914847964","11481",""
"C:\Users\ASUS\Desktop\SEGURA EP\BITSAC\.git\objects\59\8c31dd78964f25fa3e9ba8cc88c0701d7ab1fc","153",""
"C:\Users\ASUS\Desktop\SEGURA EP\BITSAC\.git\objects\59\9bbcf86acbf9cb0b2e42ef7d54d29f77641a5e","54",""
"C:\Users\ASUS\Desktop\SEGURA EP\BITSAC\.git\objects\59\ce8e2d2427f394e8b6666c36ef3accbcd5248d","200",""
"C:\Users\ASUS\Desktop\SEGURA EP\BITSAC\.git\objects\59\dd30f8f0766f943d921cfa12da4ea5c4a893ca","23754",""
"C:\Users\ASUS\Desktop\SEGURA EP\BITSAC\.git\objects\59\ef3e1a6fab4460603530ba1afd51f1ef222a38","164",""
"C:\Users\ASUS\Desktop\SEGURA EP\BITSAC\.git\objects\59\eff2d342d954cef16d7ce9601aad1ab0eaa816","8252",""
"C:\Users\ASUS\Desktop\SEGURA EP\BITSAC\.git\objects\5a\36a86e3ce55ac3e5834cd9723c5ebede77685f","214",""
"C:\Users\ASUS\Desktop\SEGURA EP\BITSAC\.git\objects\5a\3d1010e10a32f0af86accdc0f545ab468db6d1","4420",""
"C:\Users\ASUS\Desktop\SEGURA EP\BITSAC\.git\objects\5a\4983f96950fac60972ad5d50215c78158f5382","560",""
"C:\Users\ASUS\Desktop\SEGURA EP\BITSAC\.git\objects\5b\33cd64da65e593d131ed2c011912b1fde29cad","181",""
"C:\Users\ASUS\Desktop\SEGURA EP\BITSAC\.git\objects\5b\e9a7f653621dca3a1211e687dfbf5a9a4d8011","70",""
"C:\Users\ASUS\Desktop\SEGURA EP\BITSAC\.git\objects\5b\f0400d1ae7aa476df66ac4090b37a1fcf97893","496",""
"C:\Users\ASUS\Desktop\SEGURA EP\BITSAC\.git\objects\5c\1730466b43dd33ab212bb959acec1c031d54ae","278",""
"C:\Users\ASUS\Desktop\SEGURA EP\BITSAC\.git\objects\5c\48c51fda7593f7e3af0e221059de7bc8fd7e7c","115",""
"C:\Users\ASUS\Desktop\SEGURA EP\BITSAC\.git\objects\5c\7e504811e2283e1bfec4844c77fb69c9bb5420","4817",""
"C:\Users\ASUS\Desktop\SEGURA EP\BITSAC\.git\objects\5c\9de0bab2716a73579cde46fac11ee2682852bb","283",""
"C:\Users\ASUS\Desktop\SEGURA EP\BITSAC\.git\objects\5c\9fbda74f765b77d6da99e3eef1ff4c3e77731d","884",""
"C:\Users\ASUS\Desktop\SEGURA EP\BITSAC\.git\objects\5c\c49e52e8d6951cddf72cf50cbf415ac04de76e","181",""
"C:\Users\ASUS\Desktop\SEGURA EP\BITSAC\.git\objects\5d\2299cb69c3b9f51b45bddce52638e98807196b","157",""
"C:\Users\ASUS\Desktop\SEGURA EP\BITSAC\.git\objects\5d\7f1ce4ff64e7c6e58e181d949c1bb1400c2147","98",""
"C:\Users\ASUS\Desktop\SEGURA EP\BITSAC\.git\objects\5e\625d25a8de8f4a9d8c04bdad91b4cf8605c6f2","1443",""
"C:\Users\ASUS\Desktop\SEGURA EP\BITSAC\.git\objects\5e\88b835f16185f1e667b4e736504d25891416cf","886",""
"C:\Users\ASUS\Desktop\SEGURA EP\BITSAC\.git\objects\5e\ad9f9ce615567e6f1e7452c30a20391408870e","64",""
"C:\Users\ASUS\Desktop\SEGURA EP\BITSAC\.git\objects\5f\3adfba0e60abcabfddb78606c4eaf1ef04c28b","98",""
"C:\Users\ASUS\Desktop\SEGURA EP\BITSAC\.git\objects\5f\ad54123a59f5d66b56b461bae9d4e07ad69a00","7678",""
"C:\Users\ASUS\Desktop\SEGURA EP\BITSAC\.git\objects\5f\b5b902af602f57f80ed588690c6081eb037a80","228",""
"C:\Users\ASUS\Desktop\SEGURA EP\BITSAC\.git\objects\5f\fe8d310fdfd8f4e2de73459a75dcd4802760e8","5719",""
"C:\Users\ASUS\Desktop\SEGURA EP\BITSAC\.git\objects\60\18f814bd1bc53e1872ed704d6eb19d2ed187ef","86",""
"C:\Users\ASUS\Desktop\SEGURA EP\BITSAC\.git\objects\60\1c5a119e2d54cac61cc0903e96281a8bfc4b87","64",""
"C:\Users\ASUS\Desktop\SEGURA EP\BITSAC\.git\objects\60\5bc8edb55a8680aec318d866c946b646929706","631",""
"C:\Users\ASUS\Desktop\SEGURA EP\BITSAC\.git\objects\60\ada3e5f0479c6e143ec0f44e7f43b540dc01d5","8720",""
"C:\Users\ASUS\Desktop\SEGURA EP\BITSAC\.git\objects\60\bf11c3fc466462588f9060afe08c80abe373c6","77",""
"C:\Users\ASUS\Desktop\SEGURA EP\BITSAC\.git\objects\60\cebb5e837a0028ff39d64229c718f13e752962","1433",""
"C:\Users\ASUS\Desktop\SEGURA EP\BITSAC\.git\objects\60\fa93627b974b4aafc18b522eaa485015bacfc2","10748",""
"C:\Users\ASUS\Desktop\SEGURA EP\BITSAC\.git\objects\61\100fbbb9b2fa499fc19f7518a724fe63bd6a50","700",""
"C:\Users\ASUS\Desktop\SEGURA EP\BITSAC\.git\objects\61\108d5778857aff99b57d2a17afe94cc3340d71","54",""
"C:\Users\ASUS\Desktop\SEGURA EP\BITSAC\.git\objects\61\7af4eb93f66a3e65834bb32e9cecb522765a03","99",""
"C:\Users\ASUS\Desktop\SEGURA EP\BITSAC\.git\objects\61\7dd3edb7307f97a9d60e0514f2c2aaa18b101c","569",""
"C:\Users\ASUS\Desktop\SEGURA EP\BITSAC\.git\objects\61\b2d3ed6987b218ee0e60125b4b829a1d84b502","4775",""
"C:\Users\ASUS\Desktop\SEGURA EP\BITSAC\.git\objects\62\6a8238d981e7696c5f6268267c8ae6e4b35c2c","157",""
"C:\Users\ASUS\Desktop\SEGURA EP\BITSAC\.git\objects\62\a1b50393263b7312ebb2a73e8ae4a14e903a9e","850",""
"C:\Users\ASUS\Desktop\SEGURA EP\BITSAC\.git\objects\63\b4ed57910e70050dcfe25b1b3ae89e5d31f5b2","12910",""
"C:\Users\ASUS\Desktop\SEGURA EP\BITSAC\.git\objects\63\e279381aefd67d17c20a23a646d660d86edaf3","199",""
"C:\Users\ASUS\Desktop\SEGURA EP\BITSAC\.git\objects\63\e8765112e3bd49703a2ea660d0f216f1007823","1515",""
"C:\Users\ASUS\Desktop\SEGURA EP\BITSAC\.git\objects\64\34052e5b47a489be77ed178b57f313a3801dee","14936",""
"C:\Users\ASUS\Desktop\SEGURA EP\BITSAC\.git\objects\64\7ebc45e8572f9eb95f889d17866476cb04baaa","180",""
"C:\Users\ASUS\Desktop\SEGURA EP\BITSAC\.git\objects\64\99aa7357b69431de4bc73add78857b6d39cc4e","77",""
"C:\Users\ASUS\Desktop\SEGURA EP\BITSAC\.git\objects\64\9c978b1e4fb26c583310992dafc25734b138cd","86",""
"C:\Users\ASUS\Desktop\SEGURA EP\BITSAC\.git\objects\64\9ed6a08659a56a59f3b9d81eae39a29005fe2b","569",""
"C:\Users\ASUS\Desktop\SEGURA EP\BITSAC\.git\objects\64\af708966b4b2c6d00a0d7e4fe3412434322427","233",""
"C:\Users\ASUS\Desktop\SEGURA EP\BITSAC\.git\objects\64\bccc09a0574c56ab8f0562bc038e93c4db2df0","848",""
"C:\Users\ASUS\Desktop\SEGURA EP\BITSAC\.git\objects\65\05c25c2047a3af9b2ba37a457981f258cd2c2d","213",""
"C:\Users\ASUS\Desktop\SEGURA EP\BITSAC\.git\objects\65\063e2f1859f80e8f8403e2c44daef5cf8c5a05","121",""
"C:\Users\ASUS\Desktop\SEGURA EP\BITSAC\.git\objects\65\1421f5d974ccae06c84dff40982aed8b86f37c","86",""
"C:\Users\ASUS\Desktop\SEGURA EP\BITSAC\.git\objects\65\23fc5ca0adfb3f5cf83866b559aebc54fd39bf","238",""
"C:\Users\ASUS\Desktop\SEGURA EP\BITSAC\.git\objects\65\345b759b5aa3b2c35d213975fefe98963c13e7","54",""
"C:\Users\ASUS\Desktop\SEGURA EP\BITSAC\.git\objects\65\478af10c218093e59e4fa8ff7e1db3960d0196","1205907",""
"C:\Users\ASUS\Desktop\SEGURA EP\BITSAC\.git\objects\65\47f02a097efc06b4e0a9b411c9b7607648fc94","238",""
"C:\Users\ASUS\Desktop\SEGURA EP\BITSAC\.git\objects\65\725b1213b74fecd61fc3fa4c6b727b4d176049","311",""
"C:\Users\ASUS\Desktop\SEGURA EP\BITSAC\.git\objects\65\83616413f449049c6bff6f9996bfb0accdb49f","54",""
"C:\Users\ASUS\Desktop\SEGURA EP\BITSAC\.git\objects\65\98f1374c5d6c5fe023828fd56bc37a5710dff5","328",""
"C:\Users\ASUS\Desktop\SEGURA EP\BITSAC\.git\objects\66\0c92b0bc50991640bf39d41ecaffbcf73f1eb4","152",""
"C:\Users\ASUS\Desktop\SEGURA EP\BITSAC\.git\objects\66\793b833424b6836b1f9c75ad78151d137cd0d3","66",""
"C:\Users\ASUS\Desktop\SEGURA EP\BITSAC\.git\objects\66\f5ec8ab32b31e03406e3795aacafd78970ce7c","1340",""
"C:\Users\ASUS\Desktop\SEGURA EP\BITSAC\.git\objects\67\3fa8c166ad67fea7c77189c6850b88cc2fa547","99",""
"C:\Users\ASUS\Desktop\SEGURA EP\BITSAC\.git\objects\67\f001795deb5bb1cfe12147204045396f12937c","87",""
"C:\Users\ASUS\Desktop\SEGURA EP\BITSAC\.git\objects\68\1ee46c8d2997ff7d2cb3d750205850914f4586","87",""
"C:\Users\ASUS\Desktop\SEGURA EP\BITSAC\.git\objects\68\2b09922bc55c6e29948615f210ee085bfef9f4","156",""
"C:\Users\ASUS\Desktop\SEGURA EP\BITSAC\.git\objects\68\37605bfcb63c20305a22463bceb52fc64bb171","311",""
"C:\Users\ASUS\Desktop\SEGURA EP\BITSAC\.git\objects\68\6321065896f09e64e5b92780316b537ef4fd9f","489",""
"C:\Users\ASUS\Desktop\SEGURA EP\BITSAC\.git\objects\68\7e7386387e0b74081e5bc3605ee601197656a2","6819",""
"C:\Users\ASUS\Desktop\SEGURA EP\BITSAC\.git\objects\68\e6686d2ac58cf102ac3733b3081eb379a993d7","1357",""
"C:\Users\ASUS\Desktop\SEGURA EP\BITSAC\.git\objects\69\3a56309bbfffa87a36fc5b6924bf4bb2d2eb2c","1114",""
"C:\Users\ASUS\Desktop\SEGURA EP\BITSAC\.git\objects\69\ddec531184b4e2922b16077af61cf9c22225c6","4523",""
"C:\Users\ASUS\Desktop\SEGURA EP\BITSAC\.git\objects\6a\422ae40cb6448c4f253752ccdf414bdff2a226","234",""
"C:\Users\ASUS\Desktop\SEGURA EP\BITSAC\.git\objects\6b\16631aec10ddf08a075f97ff190e92ed90feaf","87",""
"C:\Users\ASUS\Desktop\SEGURA EP\BITSAC\.git\objects\6b\2b2b0ec33085dfe8f791268928ee80f85da541","2571",""
"C:\Users\ASUS\Desktop\SEGURA EP\BITSAC\.git\objects\6b\62a9e96d3d953500d094fd66e716723fdc8e74","2281505",""
"C:\Users\ASUS\Desktop\SEGURA EP\BITSAC\.git\objects\6b\a03991beeab9443063490072baa3cc7d8e2ca3","180",""
"C:\Users\ASUS\Desktop\SEGURA EP\BITSAC\.git\objects\6b\c3a9b64bc1f01fa4d06f880bf483c63acb8c32","2072",""
"C:\Users\ASUS\Desktop\SEGURA EP\BITSAC\.git\objects\6b\e3b43ce7a6ebdb0adef85b0a61b348f1b8d8dd","6328",""
"C:\Users\ASUS\Desktop\SEGURA EP\BITSAC\.git\objects\6c\14cb06f8dd5cf3e41b99b1b5f6c604ce31e0d8","489",""
"C:\Users\ASUS\Desktop\SEGURA EP\BITSAC\.git\objects\6c\2b71c15d2d583cc2a2e7105828ff52889503de","6891",""
"C:\Users\ASUS\Desktop\SEGURA EP\BITSAC\.git\objects\6c\36c42209cd29077ac68f03ebb56d1de946de2b","607",""
"C:\Users\ASUS\Desktop\SEGURA EP\BITSAC\.git\objects\6c\5c2c0740572449da66af87b26e874d9c0ba5aa","1358",""
"C:\Users\ASUS\Desktop\SEGURA EP\BITSAC\.git\objects\6c\93ed110e1b7e357ee01977bc561f0a0d874ff7","6575",""
"C:\Users\ASUS\Desktop\SEGURA EP\BITSAC\.git\objects\6c\f053ad250d05359379e34d5847230f95d36343","86",""
"C:\Users\ASUS\Desktop\SEGURA EP\BITSAC\.git\objects\6d\0193d34ae7e6b9ee7d0868f1fc68ee30388e0a","77",""
"C:\Users\ASUS\Desktop\SEGURA EP\BITSAC\.git\objects\6d\122a2f6f6a97e3693599a49a2313cf1bc27380","86",""
"C:\Users\ASUS\Desktop\SEGURA EP\BITSAC\.git\objects\6d\1f84a5382159d10d37992668030a6a03b995fb","166",""
"C:\Users\ASUS\Desktop\SEGURA EP\BITSAC\.git\objects\6d\2734d58190ba37abbab0d1f320889a08e534e1","311",""
"C:\Users\ASUS\Desktop\SEGURA EP\BITSAC\.git\objects\6d\3b42bffe8d4583bfdcf99bc77d4873b281968b","162",""
"C:\Users\ASUS\Desktop\SEGURA EP\BITSAC\.git\objects\6d\5d69cc97d57188196e6422ce2ff5876b9bc402","1523",""
"C:\Users\ASUS\Desktop\SEGURA EP\BITSAC\.git\objects\6d\a8a872fecbc695f197042e882991eea17502d7","54",""
"C:\Users\ASUS\Desktop\SEGURA EP\BITSAC\.git\objects\6d\b445a58577d289402fb0f3411ea0e965ca3fa7","560",""
"C:\Users\ASUS\Desktop\SEGURA EP\BITSAC\.git\objects\6e\88399405614200025df6897d46a55a2a3ebbd6","53",""
"C:\Users\ASUS\Desktop\SEGURA EP\BITSAC\.git\objects\6f\30c1e135eeb90678d67a2a6a0957becbb28af7","1981",""
"C:\Users\ASUS\Desktop\SEGURA EP\BITSAC\.git\objects\6f\eac34f2ba75c9695d61a72188a4ca1a27d325b","3389",""
"C:\Users\ASUS\Desktop\SEGURA EP\BITSAC\.git\objects\70\6e3fafeacd16c3a21fe61482ed1dc7a5d71a20","21931",""
"C:\Users\ASUS\Desktop\SEGURA EP\BITSAC\.git\objects\70\82da56d492965f0537cbd3029d453f6e5d6176","560",""
"C:\Users\ASUS\Desktop\SEGURA EP\BITSAC\.git\objects\70\9a504470b179b25bcef767635467ce38ac2e21","4373",""
"C:\Users\ASUS\Desktop\SEGURA EP\BITSAC\.git\objects\70\d42cdd29bdbcd1e75a708d30945bf29ba35b26","102",""
"C:\Users\ASUS\Desktop\SEGURA EP\BITSAC\.git\objects\71\089ba703340e9affc2e75c3d98c76b6b60e6fb","77",""
"C:\Users\ASUS\Desktop\SEGURA EP\BITSAC\.git\objects\71\1c1812b7e981c846f59a90a3984f23c5e57048","206",""
"C:\Users\ASUS\Desktop\SEGURA EP\BITSAC\.git\objects\71\2e2982d5e384cb6f9df191de42d3553f0a191e","175",""
"C:\Users\ASUS\Desktop\SEGURA EP\BITSAC\.git\objects\71\775e2ec8c92323db4863e1eae6669409307439","180",""
"C:\Users\ASUS\Desktop\SEGURA EP\BITSAC\.git\objects\71\7fb5c0f7521366865b16be5dd9dcd770d45f81","99",""
"C:\Users\ASUS\Desktop\SEGURA EP\BITSAC\.git\objects\71\84413823a14e198b93c9cf4527648941f20de3","9861",""
"C:\Users\ASUS\Desktop\SEGURA EP\BITSAC\.git\objects\71\cd868b03365b9a2a03427533b075f6c07ad3f1","496",""
"C:\Users\ASUS\Desktop\SEGURA EP\BITSAC\.git\objects\71\fb21459d964061fdbadc3936ef130c06a0e885","560",""
"C:\Users\ASUS\Desktop\SEGURA EP\BITSAC\.git\objects\72\0c9befc39cf6532bd6ac685f334cae0516e968","158",""
"C:\Users\ASUS\Desktop\SEGURA EP\BITSAC\.git\objects\72\4125387cca1b6fdb32e90a92c3aa219c0443e7","213",""
"C:\Users\ASUS\Desktop\SEGURA EP\BITSAC\.git\objects\72\5fecd9db0fb106a584cf10b86c6e008d979b3b","311",""
"C:\Users\ASUS\Desktop\SEGURA EP\BITSAC\.git\objects\72\fd90e26829a4ee55f01426cd21c2ccc42d97f8","1219",""
"C:\Users\ASUS\Desktop\SEGURA EP\BITSAC\.git\objects\73\390912ce23949b58f2e76a959e5d36a49a8a8d","1372",""
"C:\Users\ASUS\Desktop\SEGURA EP\BITSAC\.git\objects\73\c7452433767ede48381d634f2b6ff30dba395d","24633",""
"C:\Users\ASUS\Desktop\SEGURA EP\BITSAC\.git\objects\74\007052489b778997e62a1d341ec904df382640","1335",""
"C:\Users\ASUS\Desktop\SEGURA EP\BITSAC\.git\objects\74\36508891a86112fba706bed2fc11ad1798f67b","200",""
"C:\Users\ASUS\Desktop\SEGURA EP\BITSAC\.git\objects\74\458785c45fb6d33f0f2b6a707fe87a9b946e78","1306",""
"C:\Users\ASUS\Desktop\SEGURA EP\BITSAC\.git\objects\74\4d039aacd01fa7488b87d84e4d35b6bd70405a","497",""
"C:\Users\ASUS\Desktop\SEGURA EP\BITSAC\.git\objects\74\8a6886e769693c98f6a9f9c8ebe53a72edec58","4479",""
"C:\Users\ASUS\Desktop\SEGURA EP\BITSAC\.git\objects\75\814be6472803ac79a1c7c0e28dc1448dcc747a","54",""
"C:\Users\ASUS\Desktop\SEGURA EP\BITSAC\.git\objects\75\f39b34c546bc250b4c707ddb92ad5160b23310","207",""
"C:\Users\ASUS\Desktop\SEGURA EP\BITSAC\.git\objects\75\fbc36a3116a33eeef147f6ddecac5b294ca9aa","537",""
"C:\Users\ASUS\Desktop\SEGURA EP\BITSAC\.git\objects\76\7273ba8ef7c153838fe4d6fba45c75b8fca831","5109",""
"C:\Users\ASUS\Desktop\SEGURA EP\BITSAC\.git\objects\76\90d762c11ddd1e65edd6574d846e6e02bc0077","921",""
"C:\Users\ASUS\Desktop\SEGURA EP\BITSAC\.git\objects\76\d0f6c090887ba495f696b0afa573650251251a","8518",""
"C:\Users\ASUS\Desktop\SEGURA EP\BITSAC\.git\objects\76\f34935733543c44c43f9f2598fd6d8a2dc8915","171",""
"C:\Users\ASUS\Desktop\SEGURA EP\BITSAC\.git\objects\76\f86e53072d939877fc8b62f6f58708460979b3","4403",""
"C:\Users\ASUS\Desktop\SEGURA EP\BITSAC\.git\objects\77\3b1e47e7b3c478f74a11bc111573b0df108e23","153",""
"C:\Users\ASUS\Desktop\SEGURA EP\BITSAC\.git\objects\77\53b5705fe788f4f0e3dd077aea07e8c2641479","499",""
"C:\Users\ASUS\Desktop\SEGURA EP\BITSAC\.git\objects\78\f48b6f1323e8bcd7727567f8225013dcf34346","5318",""
"C:\Users\ASUS\Desktop\SEGURA EP\BITSAC\.git\objects\79\1492c7655ef50bbbdad358b10598b39e7b82d1","4036",""
"C:\Users\ASUS\Desktop\SEGURA EP\BITSAC\.git\objects\79\639cee5a348400bb067be6ab6c08d1ed682775","71",""
"C:\Users\ASUS\Desktop\SEGURA EP\BITSAC\.git\objects\79\916074c180c0811f9569500cbae872cb44bc58","6746",""
"C:\Users\ASUS\Desktop\SEGURA EP\BITSAC\.git\objects\79\b285cf687148556da795bf5e810c7705758608","4230",""
"C:\Users\ASUS\Desktop\SEGURA EP\BITSAC\.git\objects\79\c898cf39e6dcfcc5701086319ca6710b36573f","153",""
"C:\Users\ASUS\Desktop\SEGURA EP\BITSAC\.git\objects\7a\16bd0d721ba13e80b2373a7332aebdf3b51c9d","86",""
"C:\Users\ASUS\Desktop\SEGURA EP\BITSAC\.git\objects\7a\2eec239e16f893d43a2769c40dec73c9730a3d","1033",""
"C:\Users\ASUS\Desktop\SEGURA EP\BITSAC\.git\objects\7a\4dfea7c802118419c3fce8ca559a5db9c292d0","468",""
"C:\Users\ASUS\Desktop\SEGURA EP\BITSAC\.git\objects\7b\0fda32adc414b7f8fa140476c77de87ca3113e","63",""
"C:\Users\ASUS\Desktop\SEGURA EP\BITSAC\.git\objects\7b\5de1c972a937bd44c4113c14bddd9f56cc4b1f","1504",""
"C:\Users\ASUS\Desktop\SEGURA EP\BITSAC\.git\objects\7b\85e726bbbd03d8858bd02be5c1b82945d0d386","9468",""
"C:\Users\ASUS\Desktop\SEGURA EP\BITSAC\.git\objects\7b\a2cdf251409bf20b05e4424efc196a0f45324c","213",""
"C:\Users\ASUS\Desktop\SEGURA EP\BITSAC\.git\objects\7b\eb5b2fb9fdc922663ffff7176647225f5e21f3","13796",""
"C:\Users\ASUS\Desktop\SEGURA EP\BITSAC\.git\objects\7b\tmp_obj_ELFC0u","32706560",""
"C:\Users\ASUS\Desktop\SEGURA EP\BITSAC\.git\objects\7b\tmp_obj_J6I4WF","25468928",""
"C:\Users\ASUS\Desktop\SEGURA EP\BITSAC\.git\objects\7b\tmp_obj_KfqIHD","25190400",""
"C:\Users\ASUS\Desktop\SEGURA EP\BITSAC\.git\objects\7b\tmp_obj_kpqUs8","24174592",""
"C:\Users\ASUS\Desktop\SEGURA EP\BITSAC\.git\objects\7b\tmp_obj_OKDXVK","25190400",""
"C:\Users\ASUS\Desktop\SEGURA EP\BITSAC\.git\objects\7c\3282785e6c1c96b758a6e9791846353493a73c","98",""
"C:\Users\ASUS\Desktop\SEGURA EP\BITSAC\.git\objects\7c\836d5ab36136cc473da42e0e7fd9539479ebc3","229",""
"C:\Users\ASUS\Desktop\SEGURA EP\BITSAC\.git\objects\7c\a8048e34e5574f31d8f7d2b555a3c648237738","491",""
"C:\Users\ASUS\Desktop\SEGURA EP\BITSAC\.git\objects\7c\e997b2fad6fa347a2284a4b65880c69563562f","77",""
"C:\Users\ASUS\Desktop\SEGURA EP\BITSAC\.git\objects\7d\35579340164d0f09a71de53e4248f261cd4686","5237",""
"C:\Users\ASUS\Desktop\SEGURA EP\BITSAC\.git\objects\7d\af4a6d53c31380c114cc4c3da29fe15fe3bb82","98",""
"C:\Users\ASUS\Desktop\SEGURA EP\BITSAC\.git\objects\7d\cf238cbcdb0938b2664f0deeaa110de384736b","165",""
"C:\Users\ASUS\Desktop\SEGURA EP\BITSAC\.git\objects\7d\e386e450fd2915a06c7a96311d1d7bbc7cb34c","127",""
"C:\Users\ASUS\Desktop\SEGURA EP\BITSAC\.git\objects\7e\2e86edaac3737a6e65fd046ebffee550f276fc","4561",""
"C:\Users\ASUS\Desktop\SEGURA EP\BITSAC\.git\objects\7e\d1fde50afc0b33f62332dc9c241560811049fb","54",""
"C:\Users\ASUS\Desktop\SEGURA EP\BITSAC\.git\objects\7f\8450df6e645a633ee4d0fd372e4a9363c22b61","53",""
"C:\Users\ASUS\Desktop\SEGURA EP\BITSAC\.git\objects\7f\b11764e2931c1736070e39fc87771955bb5b23","1800",""
"C:\Users\ASUS\Desktop\SEGURA EP\BITSAC\.git\objects\7f\ff0fb1c9ffb03018495350eab2abe29b18c23d","495",""
"C:\Users\ASUS\Desktop\SEGURA EP\BITSAC\.git\objects\80\6949760d61c66cd36a863ca1e39c66b6e9f8ba","22691",""
"C:\Users\ASUS\Desktop\SEGURA EP\BITSAC\.git\objects\80\a66143ac9b46b4d5b9fde1c590336ed05e62a4","211",""
"C:\Users\ASUS\Desktop\SEGURA EP\BITSAC\.git\objects\80\aa78cb33a739d0417559501b8c1e751b3b1ed3","85",""
"C:\Users\ASUS\Desktop\SEGURA EP\BITSAC\.git\objects\80\c3a812c42df732da8ee7077b17eb7eed79a165","850",""
"C:\Users\ASUS\Desktop\SEGURA EP\BITSAC\.git\objects\81\45abd6c4ea69a356a43ffa41668329110b7c0a","435",""
"C:\Users\ASUS\Desktop\SEGURA EP\BITSAC\.git\objects\81\57b5d04bdd1b4a89a0d80286d68a437fbb79d2","1374",""
"C:\Users\ASUS\Desktop\SEGURA EP\BITSAC\.git\objects\81\b0c5157476344540c59751fb6bc06a3a053cfd","213",""
"C:\Users\ASUS\Desktop\SEGURA EP\BITSAC\.git\objects\81\b410842258f9245fbb477756f2b2119cc55c58","153",""
"C:\Users\ASUS\Desktop\SEGURA EP\BITSAC\.git\objects\81\b88dc2aedbd4ba56a3c01241b8e4564b6c1944","496",""
"C:\Users\ASUS\Desktop\SEGURA EP\BITSAC\.git\objects\82\0a3152f671a5e821bfe6099d1bcdac94d50d54","2726644",""
"C:\Users\ASUS\Desktop\SEGURA EP\BITSAC\.git\objects\82\845ded13e027d0beba03238ae7718107e9820e","98",""
"C:\Users\ASUS\Desktop\SEGURA EP\BITSAC\.git\objects\83\b6406d7ce5f8dbd248e34d7e485a1d21f03072","5730",""
"C:\Users\ASUS\Desktop\SEGURA EP\BITSAC\.git\objects\84\44f4da97f4c8406d57d412dd15321cd67d6e8e","208",""
"C:\Users\ASUS\Desktop\SEGURA EP\BITSAC\.git\objects\84\65906ffdd1fb213a71be02caa304388438b367","495",""
"C:\Users\ASUS\Desktop\SEGURA EP\BITSAC\.git\objects\85\a8e0bbd0cdf5410c268398252cc64e94d1d205","6750",""
"C:\Users\ASUS\Desktop\SEGURA EP\BITSAC\.git\objects\85\ad16d9ffee31b8ffedc7dcd5d0872017d1111c","9794",""
"C:\Users\ASUS\Desktop\SEGURA EP\BITSAC\.git\objects\85\f56a81359adb98bc7677aad082f85e9c7ca72b","213",""
"C:\Users\ASUS\Desktop\SEGURA EP\BITSAC\.git\objects\86\5993cb3386074bf9767673909955940b457a78","194",""
"C:\Users\ASUS\Desktop\SEGURA EP\BITSAC\.git\objects\86\69cc68b7db763b85aeca5b237d4293190616a2","886",""
"C:\Users\ASUS\Desktop\SEGURA EP\BITSAC\.git\objects\86\9f06c793eea77d0f774b7a4648ec4b41455962","3927",""
"C:\Users\ASUS\Desktop\SEGURA EP\BITSAC\.git\objects\86\a3cc3ae596bf80f8fc4798815dcae8f840c2b7","538",""
"C:\Users\ASUS\Desktop\SEGURA EP\BITSAC\.git\objects\86\ea87ecba2ef64549830881fc963bb5e3df3131","1517",""
"C:\Users\ASUS\Desktop\SEGURA EP\BITSAC\.git\objects\87\135ad5cf5907e0b31f5100fff23ba7109052d2","242",""
"C:\Users\ASUS\Desktop\SEGURA EP\BITSAC\.git\objects\87\4573bad13a43786e273283867c8e11fda07553","4699",""
"C:\Users\ASUS\Desktop\SEGURA EP\BITSAC\.git\objects\87\a0162af464f36a4251179bcbfcdbf008c83c00","886",""
"C:\Users\ASUS\Desktop\SEGURA EP\BITSAC\.git\objects\87\b654409218459886c01ea04f45e8ba7e06d4a7","21145",""
"C:\Users\ASUS\Desktop\SEGURA EP\BITSAC\.git\objects\87\edf5a837fc6b1b3831820c60411894661aeeb1","165",""
"C:\Users\ASUS\Desktop\SEGURA EP\BITSAC\.git\objects\87\f1d81ee903462960e3d6c0e4692321da03d3ff","4665",""
"C:\Users\ASUS\Desktop\SEGURA EP\BITSAC\.git\objects\88\c5c5ed599c8b23372d754cec95007210e66182","213",""
"C:\Users\ASUS\Desktop\SEGURA EP\BITSAC\.git\objects\88\e5fb9ed5356a260c924e5a0cef7aa6b526f9ae","459",""
"C:\Users\ASUS\Desktop\SEGURA EP\BITSAC\.git\objects\88\fd8e12f77e9d1ea4f475831da7c865d2109c55","4536",""
"C:\Users\ASUS\Desktop\SEGURA EP\BITSAC\.git\objects\89\1f330f494a869b03b88ce7ff46c25eacd98f60","13096",""
"C:\Users\ASUS\Desktop\SEGURA EP\BITSAC\.git\objects\89\3da23a43ae83c97dbae880b9fd6f07cd793eaa","152",""
"C:\Users\ASUS\Desktop\SEGURA EP\BITSAC\.git\objects\89\719954adef8181b62be5389062b075c5c06908","2141362",""
"C:\Users\ASUS\Desktop\SEGURA EP\BITSAC\.git\objects\89\719d39987536f054ee95445482200727f3a00c","99",""
"C:\Users\ASUS\Desktop\SEGURA EP\BITSAC\.git\objects\89\749f110bd396113ac0db111a7054ef2bd64817","10533",""
"C:\Users\ASUS\Desktop\SEGURA EP\BITSAC\.git\objects\89\e6b8898415b70a3d54d17430e4698c2227fdc9","208",""
"C:\Users\ASUS\Desktop\SEGURA EP\BITSAC\.git\objects\89\f7d1a5050b8180bb913f9368c232da5e010f2c","435",""
"C:\Users\ASUS\Desktop\SEGURA EP\BITSAC\.git\objects\8a\1557b65eeb7e70bcb50953dc337a6594b15b66","207",""
"C:\Users\ASUS\Desktop\SEGURA EP\BITSAC\.git\objects\8a\362d455c76c3da796fbfc6205acf21d752f790","54",""
"C:\Users\ASUS\Desktop\SEGURA EP\BITSAC\.git\objects\8a\46714f5d83a109bd38d5aabf52a7947397705e","926",""
"C:\Users\ASUS\Desktop\SEGURA EP\BITSAC\.git\objects\8a\5e222e06ae4925562c64dfd1122930751b1cb8","77",""
"C:\Users\ASUS\Desktop\SEGURA EP\BITSAC\.git\objects\8a\a8789a1bf51bda13c36b43d8f05acf07702b47","115",""
"C:\Users\ASUS\Desktop\SEGURA EP\BITSAC\.git\objects\8a\ccba9a2333cd96971ef66f6f1894a5c25fcd83","522",""
"C:\Users\ASUS\Desktop\SEGURA EP\BITSAC\.git\objects\8a\e80c4fe3faee4e8cb6fe3b75f7c7c32ab9c65a","2044",""
"C:\Users\ASUS\Desktop\SEGURA EP\BITSAC\.git\objects\8b\03a535454a11bc24b10348950a413b128c6592","214",""
"C:\Users\ASUS\Desktop\SEGURA EP\BITSAC\.git\objects\8b\3ec15fe44752c59544c29db421f9dac819aae9","99",""
"C:\Users\ASUS\Desktop\SEGURA EP\BITSAC\.git\objects\8b\444e04cff5b1cc46fbd85a6c290dd25888e853","86",""
"C:\Users\ASUS\Desktop\SEGURA EP\BITSAC\.git\objects\8b\49145d8c4fe6de19b24b447dd3e4e998141c5b","200",""
"C:\Users\ASUS\Desktop\SEGURA EP\BITSAC\.git\objects\8b\871a8a4662f429f57f766537b1fe8b9aa074e2","496",""
"C:\Users\ASUS\Desktop\SEGURA EP\BITSAC\.git\objects\8b\955928c321a058990f3e5bef0a8aa27c6577fc","239",""
"C:\Users\ASUS\Desktop\SEGURA EP\BITSAC\.git\objects\8b\d7176d2469a7a83298df80db2b518f6ae31480","10303",""
"C:\Users\ASUS\Desktop\SEGURA EP\BITSAC\.git\objects\8c\53c4b78b4aaf58de7fa810db1e38fb1e6a6361","8680",""
"C:\Users\ASUS\Desktop\SEGURA EP\BITSAC\.git\objects\8c\87777df774f6e476fa0706a2ed955bea8bfa38","77",""
"C:\Users\ASUS\Desktop\SEGURA EP\BITSAC\.git\objects\8d\065d5d3d1f65ac63d6c714096f8bf98fac5d3d","152",""
"C:\Users\ASUS\Desktop\SEGURA EP\BITSAC\.git\objects\8d\816d94662583deee3de2710c0b749143d1d2a2","3924",""
"C:\Users\ASUS\Desktop\SEGURA EP\BITSAC\.git\objects\8d\e23318c552d17a326c042e818f003b5669db06","849",""
"C:\Users\ASUS\Desktop\SEGURA EP\BITSAC\.git\objects\8d\ffc0c83aae91d2a1bdfce682beaa577756f08d","537",""
"C:\Users\ASUS\Desktop\SEGURA EP\BITSAC\.git\objects\8e\2a86b33bdbfbae225ae6cc727454a34ee81130","80",""
"C:\Users\ASUS\Desktop\SEGURA EP\BITSAC\.git\objects\8e\2ba154a8b0c1b26748185381ddbad5882bc1a4","538",""
"C:\Users\ASUS\Desktop\SEGURA EP\BITSAC\.git\objects\8e\4da77c683ef66382e191949849fc04059a128b","23780",""
"C:\Users\ASUS\Desktop\SEGURA EP\BITSAC\.git\objects\8e\62fdbf977d842db51e9a793ca7108b986ce5a4","116",""
"C:\Users\ASUS\Desktop\SEGURA EP\BITSAC\.git\objects\8e\f7c3eb174eef9392ee327f449f789c5e974ebd","1189",""
"C:\Users\ASUS\Desktop\SEGURA EP\BITSAC\.git\objects\8f\559e9a986d201d4b166a800fd62eac67db6734","848",""
"C:\Users\ASUS\Desktop\SEGURA EP\BITSAC\.git\objects\8f\8925ca3e767af84ea26749aaf6438386363037","1181",""
"C:\Users\ASUS\Desktop\SEGURA EP\BITSAC\.git\objects\8f\eb4599c46f5050ee5480b7e50425adceaca3ef","132",""
"C:\Users\ASUS\Desktop\SEGURA EP\BITSAC\.git\objects\90\2a69b5a9219e9358b29c3e92ddf7fb89cd2cba","1625",""
"C:\Users\ASUS\Desktop\SEGURA EP\BITSAC\.git\objects\90\33a5446547e6febf26a0c57da795fd8d90a940","719",""
"C:\Users\ASUS\Desktop\SEGURA EP\BITSAC\.git\objects\90\5454762e3cfc3720f69e32a9821620628a6f93","5291",""
"C:\Users\ASUS\Desktop\SEGURA EP\BITSAC\.git\objects\90\875d465236f701d090ba7df89c4eff94a04f60","207",""
"C:\Users\ASUS\Desktop\SEGURA EP\BITSAC\.git\objects\90\9a958c96776c0184454830c93756acdcbf9cf2","1265",""
"C:\Users\ASUS\Desktop\SEGURA EP\BITSAC\.git\objects\90\d743ea1b57198f6b434c4e9009808f520be850","848",""
"C:\Users\ASUS\Desktop\SEGURA EP\BITSAC\.git\objects\90\e587e66db9808b0eeb708c3073580801b188b2","2974",""
"C:\Users\ASUS\Desktop\SEGURA EP\BITSAC\.git\objects\90\e7ac0b27acbcdf5a5481014a254267bca0cf98","279",""
"C:\Users\ASUS\Desktop\SEGURA EP\BITSAC\.git\objects\92\775263d7877d675e3919a5585251869e05df92","152",""
"C:\Users\ASUS\Desktop\SEGURA EP\BITSAC\.git\objects\92\ced3d02179ad16cbf48034fc5b3ee6c726cdae","86",""
"C:\Users\ASUS\Desktop\SEGURA EP\BITSAC\.git\objects\92\d8d2d48607362ada43036ed69a0d4230d22659","1000",""
"C:\Users\ASUS\Desktop\SEGURA EP\BITSAC\.git\objects\93\51e42773cd82a03e9a2e8273e87969a1e9e0ba","2510",""
"C:\Users\ASUS\Desktop\SEGURA EP\BITSAC\.git\objects\93\7a1fa3c02b01aee49fa1d836e5c17bf2682a6f","86",""
"C:\Users\ASUS\Desktop\SEGURA EP\BITSAC\.git\objects\93\ba03d49e011c3ee4096f0534701db75ce69333","3530",""
"C:\Users\ASUS\Desktop\SEGURA EP\BITSAC\.git\objects\93\f7de22b1a6669f58f9f17a89e676fdcf8c0b62","1526",""
"C:\Users\ASUS\Desktop\SEGURA EP\BITSAC\.git\objects\94\150314c1f00ff4c7ad5b5722892877614f7258","4185",""
"C:\Users\ASUS\Desktop\SEGURA EP\BITSAC\.git\objects\94\19188edf9fd1f2521977ffa817dbf2b1e0c8bc","2825",""
"C:\Users\ASUS\Desktop\SEGURA EP\BITSAC\.git\objects\94\7d90f6753ef3424918a538af32194c8fe97117","180",""
"C:\Users\ASUS\Desktop\SEGURA EP\BITSAC\.git\objects\94\884043a480025848565e04016aa1c79a36aa5f","310",""
"C:\Users\ASUS\Desktop\SEGURA EP\BITSAC\.git\objects\95\029c1d82569e6c4ec5d743ac353d6ca42cb7a4","538",""
"C:\Users\ASUS\Desktop\SEGURA EP\BITSAC\.git\objects\95\24ac77669a8eaa8edba44db96ae85ad4e5dc10","333",""
"C:\Users\ASUS\Desktop\SEGURA EP\BITSAC\.git\objects\95\7df735ed2ef3f13374530cbb528661223f517b","273",""
"C:\Users\ASUS\Desktop\SEGURA EP\BITSAC\.git\objects\95\eeb1643a94e6025f41fc69deb2180881ddb871","867",""
"C:\Users\ASUS\Desktop\SEGURA EP\BITSAC\.git\objects\96\1ff0d2709ec715bb65f5fd3886f6dc06a1082f","1235",""
"C:\Users\ASUS\Desktop\SEGURA EP\BITSAC\.git\objects\96\26eaa6c4112b41880f9aa414425588c41e9650","90",""
"C:\Users\ASUS\Desktop\SEGURA EP\BITSAC\.git\objects\96\4b485982d8eb3df38a6c44519985bf2d681c19","8179",""
"C:\Users\ASUS\Desktop\SEGURA EP\BITSAC\.git\objects\96\7230b54ce5402ecfd8de6f740532973bf7a828","181",""
"C:\Users\ASUS\Desktop\SEGURA EP\BITSAC\.git\objects\97\13083771ea44124d0de9354f24c83878864b71","87",""
"C:\Users\ASUS\Desktop\SEGURA EP\BITSAC\.git\objects\97\5cc65f617b075d844ee26d4ff6418d3591fb8c","6360",""
"C:\Users\ASUS\Desktop\SEGURA EP\BITSAC\.git\objects\97\6a4248f39c501912d600a8dcdb03f5da8e04aa","522",""
"C:\Users\ASUS\Desktop\SEGURA EP\BITSAC\.git\objects\97\6b9d29e14f759c456f9b1732a992ab609b5b42","152",""
"C:\Users\ASUS\Desktop\SEGURA EP\BITSAC\.git\objects\97\8ac1a7df2617b56d8dfe5d416da3b9bbe5e777","848",""
"C:\Users\ASUS\Desktop\SEGURA EP\BITSAC\.git\objects\97\b0e751719bd4562c2043e8a08c756f31e1ec00","7876",""
"C:\Users\ASUS\Desktop\SEGURA EP\BITSAC\.git\objects\97\b1562efdecdff0f283f3a1a1e3967a15a1716d","849",""
"C:\Users\ASUS\Desktop\SEGURA EP\BITSAC\.git\objects\97\f9fc845d339744259ca064ba73883a14e9d1b4","21591",""
"C:\Users\ASUS\Desktop\SEGURA EP\BITSAC\.git\objects\98\0721d6191571786b33dd61dfddfcf45261b5e0","569",""
"C:\Users\ASUS\Desktop\SEGURA EP\BITSAC\.git\objects\98\5540d1c6a64fd52b969c82508ebd69036e9210","415",""
"C:\Users\ASUS\Desktop\SEGURA EP\BITSAC\.git\objects\98\73ceff6a4fde0c0306392071757cb3cb5b0d6b","77",""
"C:\Users\ASUS\Desktop\SEGURA EP\BITSAC\.git\objects\98\b06d37808fd27f205087d67d8fb21499c59c15","64",""
"C:\Users\ASUS\Desktop\SEGURA EP\BITSAC\.git\objects\98\cdcfed4aa4caa86e8ecff516932ce056d8a2f3","54",""
"C:\Users\ASUS\Desktop\SEGURA EP\BITSAC\.git\objects\98\f0f5dc11d399f2bcf8456214d95e24d345b259","200",""
"C:\Users\ASUS\Desktop\SEGURA EP\BITSAC\.git\objects\99\0a0c6792bd2a9cfc8ef0f210990e3ca74a70a1","537",""
"C:\Users\ASUS\Desktop\SEGURA EP\BITSAC\.git\objects\99\1a617d779bdd12a2a671d6a5082f3c3e4167df","10631",""
"C:\Users\ASUS\Desktop\SEGURA EP\BITSAC\.git\objects\99\294eb15a5c4b57a4c03e65ccb887ed856636d9","278",""
"C:\Users\ASUS\Desktop\SEGURA EP\BITSAC\.git\objects\99\77fac7192de66292a1bc1b6ab30c99e005d3f9","99",""
"C:\Users\ASUS\Desktop\SEGURA EP\BITSAC\.git\objects\99\b3a5b08429e31bb9157321469082355670b610","99",""
"C:\Users\ASUS\Desktop\SEGURA EP\BITSAC\.git\objects\9a\095f9bae6ada6445da5bea1fa06a388e3f2902","10905",""
"C:\Users\ASUS\Desktop\SEGURA EP\BITSAC\.git\objects\9a\7e43dbe12c04f124d07802fe12c524f8dad0a4","181",""
"C:\Users\ASUS\Desktop\SEGURA EP\BITSAC\.git\objects\9b\1ac412fb018cbde841438625aadfb0ad63223b","181",""
"C:\Users\ASUS\Desktop\SEGURA EP\BITSAC\.git\objects\9b\23f3d2940c8f064779950fd6411484ebd2692b","77",""
"C:\Users\ASUS\Desktop\SEGURA EP\BITSAC\.git\objects\9b\3ba908159c28185ccd9e473daa58e6b89b0d75","21938",""
"C:\Users\ASUS\Desktop\SEGURA EP\BITSAC\.git\objects\9c\46b54fef26b731e2bc3a8079d3dea7a06ffe61","279",""
"C:\Users\ASUS\Desktop\SEGURA EP\BITSAC\.git\objects\9c\560d1172e44a861fcc0711fa500e663171c399","174",""
"C:\Users\ASUS\Desktop\SEGURA EP\BITSAC\.git\objects\9c\8b9edc0667b36f31110c528a7ae4e256713451","570",""
"C:\Users\ASUS\Desktop\SEGURA EP\BITSAC\.git\objects\9c\af21ee397200f09f964cc9c989c6a017d6628f","33",""
"C:\Users\ASUS\Desktop\SEGURA EP\BITSAC\.git\objects\9c\c7e140fff87fceefc6cc54cb65244756bbb42f","279",""
"C:\Users\ASUS\Desktop\SEGURA EP\BITSAC\.git\objects\9c\f7b67edd01d9f2458710781ea4d9591b5aba05","1322832",""
"C:\Users\ASUS\Desktop\SEGURA EP\BITSAC\.git\objects\9d\055d50fa096c2b3378b500756b15f2f010ba75","560",""
"C:\Users\ASUS\Desktop\SEGURA EP\BITSAC\.git\objects\9d\0865d0e8993e6405e9164f92f5ccf782156284","569",""
"C:\Users\ASUS\Desktop\SEGURA EP\BITSAC\.git\objects\9d\47e58122c05f0a7dc5687e824359b0bcc199f4","1005",""
"C:\Users\ASUS\Desktop\SEGURA EP\BITSAC\.git\objects\9d\5b5472fae8984f00aab773a3be88369c481990","229",""
"C:\Users\ASUS\Desktop\SEGURA EP\BITSAC\.git\objects\9d\7f6cb4aa7ba89364f4e774dc3b9f6b3a5ea9da","5798",""
"C:\Users\ASUS\Desktop\SEGURA EP\BITSAC\.git\objects\9d\ad12edaa0c135602daf31933a746cac62fc832","99",""
"C:\Users\ASUS\Desktop\SEGURA EP\BITSAC\.git\objects\9d\d5720809329bce2b2df3e1439dc542d087dc77","1698",""
"C:\Users\ASUS\Desktop\SEGURA EP\BITSAC\.git\objects\9d\da100eb1f57ec4fe750c36554ff009c3d9555a","228",""
"C:\Users\ASUS\Desktop\SEGURA EP\BITSAC\.git\objects\9e\146744474e1c2ddd041adf6df3b706f993859f","199",""
"C:\Users\ASUS\Desktop\SEGURA EP\BITSAC\.git\objects\9e\6ed46930f2ad7fc14bee066535664b30c2fd4f","1273",""
"C:\Users\ASUS\Desktop\SEGURA EP\BITSAC\.git\objects\9e\df5c86ec575013973045a40ff8a39c13dbaf79","1918",""
"C:\Users\ASUS\Desktop\SEGURA EP\BITSAC\.git\objects\9f\3a7d235b5ec6401ca02a8bd2a3dfa21aa93e42","6901",""
"C:\Users\ASUS\Desktop\SEGURA EP\BITSAC\.git\objects\9f\ba307f37ffac8e1b96edd2b992c7dd72f13431","538",""
"C:\Users\ASUS\Desktop\SEGURA EP\BITSAC\.git\objects\9f\c6d1cef27979d5dda5dc8c0b7ad846f824e1fb","277",""
"C:\Users\ASUS\Desktop\SEGURA EP\BITSAC\.git\objects\9f\f6e8e7a5460f1faf7a7cb424b780d2e1f1c8c0","9952",""
"C:\Users\ASUS\Desktop\SEGURA EP\BITSAC\.git\objects\9f\fb6c09f871793ca2485f17d8f36c3eb69508c0","67",""
"C:\Users\ASUS\Desktop\SEGURA EP\BITSAC\.git\objects\a0\01a062760c1f905d8ad950fc2704c70349eaa0","848",""
"C:\Users\ASUS\Desktop\SEGURA EP\BITSAC\.git\objects\a0\09df6e34d179a0757ed9a804943f6c17bb6f60","917",""
"C:\Users\ASUS\Desktop\SEGURA EP\BITSAC\.git\objects\a0\6c9795c71b12a84a935b8005cc8a098688ef8f","569",""
"C:\Users\ASUS\Desktop\SEGURA EP\BITSAC\.git\objects\a0\8425a88830409aaf9d393d3ae4e7f4f0b2409d","3895",""
"C:\Users\ASUS\Desktop\SEGURA EP\BITSAC\.git\objects\a0\e491da40bfb42456b3debc6ff5b328c0d477c9","122",""
"C:\Users\ASUS\Desktop\SEGURA EP\BITSAC\.git\objects\a1\0272e0310fac383a97407d8ea14bc2989c9983","8306",""
"C:\Users\ASUS\Desktop\SEGURA EP\BITSAC\.git\objects\a1\0ba8727f6f01801be4d7f1c753510f3e7fafb8","102",""
"C:\Users\ASUS\Desktop\SEGURA EP\BITSAC\.git\objects\a1\38cc2bf6ca2367a6ccf700ef79715da258e495","166",""
"C:\Users\ASUS\Desktop\SEGURA EP\BITSAC\.git\objects\a1\40064760fcaf87140a45e6d6984a89eb63dbe3","21037",""
"C:\Users\ASUS\Desktop\SEGURA EP\BITSAC\.git\objects\a1\6ffca45560407de53ad991ba7ccb8dea1099fc","181",""
"C:\Users\ASUS\Desktop\SEGURA EP\BITSAC\.git\objects\a2\19923613a87070805900554feb846ab3e8e43a","7707",""
"C:\Users\ASUS\Desktop\SEGURA EP\BITSAC\.git\objects\a2\534b342c7ad550e7106c40c0f919db33ea4278","77",""
"C:\Users\ASUS\Desktop\SEGURA EP\BITSAC\.git\objects\a2\801a8bb10bdc0b79d12c2da500b9a75b327a50","273",""
"C:\Users\ASUS\Desktop\SEGURA EP\BITSAC\.git\objects\a2\a447821f10d4ba5c6182f3d86992bee8b027b3","90",""
"C:\Users\ASUS\Desktop\SEGURA EP\BITSAC\.git\objects\a2\f40d1c6654827a463a3bcea43b5e08828f63c1","67",""
"C:\Users\ASUS\Desktop\SEGURA EP\BITSAC\.git\objects\a3\199979ab6575fd0826e9a9095627df46c47d5f","4264",""
"C:\Users\ASUS\Desktop\SEGURA EP\BITSAC\.git\objects\a3\464affa9244b4ccacbd7802063ae1e1717867a","207",""
"C:\Users\ASUS\Desktop\SEGURA EP\BITSAC\.git\objects\a3\6a3b88a90af3b509d32827ad92003454709d09","1536",""
"C:\Users\ASUS\Desktop\SEGURA EP\BITSAC\.git\objects\a3\f793d3e3ed6fb4c0aff57a0c76a2e79e1c43f4","10999",""
"C:\Users\ASUS\Desktop\SEGURA EP\BITSAC\.git\objects\a4\31c8141b4c2e28425485f065e67995b1c158fd","6005",""
"C:\Users\ASUS\Desktop\SEGURA EP\BITSAC\.git\objects\a4\8354638710d786b45d147198df25eb386b61ad","86",""
"C:\Users\ASUS\Desktop\SEGURA EP\BITSAC\.git\objects\a4\cd66a58c0afa1f2d60640d7f709b261391ec94","86",""
"C:\Users\ASUS\Desktop\SEGURA EP\BITSAC\.git\objects\a4\f57140b1014f5c0972a6351f29789b71a49712","179",""
"C:\Users\ASUS\Desktop\SEGURA EP\BITSAC\.git\objects\a5\096a8edbb9fc9587efa6a69ebfc083cf085f79","5321",""
"C:\Users\ASUS\Desktop\SEGURA EP\BITSAC\.git\objects\a5\27a8a0b4fce888c8b85c91bb15b46b2b3cc1de","213",""
"C:\Users\ASUS\Desktop\SEGURA EP\BITSAC\.git\objects\a6\1f8bc478dbd7b9df20346d4a48d976c79c9154","155",""
"C:\Users\ASUS\Desktop\SEGURA EP\BITSAC\.git\objects\a6\2e5281deb5ea0e0abf71f26ab986c2c1c43486","462",""
"C:\Users\ASUS\Desktop\SEGURA EP\BITSAC\.git\objects\a6\38ae0f46d4f2aca5f9b433ff8f8c88ee5e518d","918",""
"C:\Users\ASUS\Desktop\SEGURA EP\BITSAC\.git\objects\a6\590cbaa3a4f477335511df8e9ab6a13de8eaa3","918",""
"C:\Users\ASUS\Desktop\SEGURA EP\BITSAC\.git\objects\a6\8c5913804f6f03c2eb382517eecbe8daaaafca","99",""
"C:\Users\ASUS\Desktop\SEGURA EP\BITSAC\.git\objects\a7\3177b47b381ae5528d88be7edbd4dcabec0173","200",""
"C:\Users\ASUS\Desktop\SEGURA EP\BITSAC\.git\objects\a7\8b9d49ff9996d01c25005cf41b49eb9ea5416d","5281",""
"C:\Users\ASUS\Desktop\SEGURA EP\BITSAC\.git\objects\a7\f05cf83fe4728ad4ab8674aa31bddb278b2010","180",""
"C:\Users\ASUS\Desktop\SEGURA EP\BITSAC\.git\objects\a8\499a2448acbae3f30f68ee138d5a5dbdecab2d","849",""
"C:\Users\ASUS\Desktop\SEGURA EP\BITSAC\.git\objects\a8\6d803ddcd6f06ee794098bfbda12bd646c1ea7","232",""
"C:\Users\ASUS\Desktop\SEGURA EP\BITSAC\.git\objects\a8\aa545033bf3ecb1d63b3200c74f7232b5010c4","99",""
"C:\Users\ASUS\Desktop\SEGURA EP\BITSAC\.git\objects\a8\fa4d4311f92921e9e9ca7a30fa61f9d4ea9ce3","1853",""
"C:\Users\ASUS\Desktop\SEGURA EP\BITSAC\.git\objects\a9\3177f50bb391cf2e46bddf099559968d44905a","560",""
"C:\Users\ASUS\Desktop\SEGURA EP\BITSAC\.git\objects\a9\74c515af068aa5856acbc524ec420177dc034d","54",""
"C:\Users\ASUS\Desktop\SEGURA EP\BITSAC\.git\objects\aa\0845d92f737681466c9da2e06053965e3dcf2f","1728",""
"C:\Users\ASUS\Desktop\SEGURA EP\BITSAC\.git\objects\aa\216cdbcb60da4b8af5bd430827468c04a58060","98",""
"C:\Users\ASUS\Desktop\SEGURA EP\BITSAC\.git\objects\aa\53f1bc17392abd0ab60c670b1e20ac8e071190","243",""
"C:\Users\ASUS\Desktop\SEGURA EP\BITSAC\.git\objects\aa\9ce75bf700964b14c78eb7c740b73613c4281c","2604",""
"C:\Users\ASUS\Desktop\SEGURA EP\BITSAC\.git\objects\aa\b5e302b326fb37583a93315f3b85576076c864","1218",""
"C:\Users\ASUS\Desktop\SEGURA EP\BITSAC\.git\objects\ab\300c366e7224c4b6cc59fe6ec4e8808d77f1d8","200",""
"C:\Users\ASUS\Desktop\SEGURA EP\BITSAC\.git\objects\ab\9abcc69f8c3cd493dfcdc62a40db35dd5403eb","165",""
"C:\Users\ASUS\Desktop\SEGURA EP\BITSAC\.git\objects\ac\01a52579a76a1b05a1777a1a202c07b460b4d8","213",""
"C:\Users\ASUS\Desktop\SEGURA EP\BITSAC\.git\objects\ac\2b0b60485bedc81a905de43f8ae9540d1291f5","3197",""
"C:\Users\ASUS\Desktop\SEGURA EP\BITSAC\.git\objects\ac\80e4371b48477bf328909968c98f3420f8fa1a","569",""
"C:\Users\ASUS\Desktop\SEGURA EP\BITSAC\.git\objects\ac\b2fff75ddab619a61a1aadf7c08734309b430b","2170",""
"C:\Users\ASUS\Desktop\SEGURA EP\BITSAC\.git\objects\ac\e8b566607a885bc0cacd38617f041dc223f3d3","86",""
"C:\Users\ASUS\Desktop\SEGURA EP\BITSAC\.git\objects\ac\f2b3a79eaf2c1c4f90fd41d7c35b532fcc5344","5449",""
"C:\Users\ASUS\Desktop\SEGURA EP\BITSAC\.git\objects\ad\af4af1e0e981ca2564228ddf20683a64bf0fb0","161",""
"C:\Users\ASUS\Desktop\SEGURA EP\BITSAC\.git\objects\ae\19b7c404a4b09eecdafbbf04c7c858764df548","98",""
"C:\Users\ASUS\Desktop\SEGURA EP\BITSAC\.git\objects\ae\3660d2aabf0436b0bc322aea45435bae1394c2","64",""
"C:\Users\ASUS\Desktop\SEGURA EP\BITSAC\.git\objects\ae\a159dd069c23e6aef369a565fa5c800238c5c0","86",""
"C:\Users\ASUS\Desktop\SEGURA EP\BITSAC\.git\objects\ae\ba5d0a6bc6fbeaea5935ec0cc2dfcd1acc45b4","54",""
"C:\Users\ASUS\Desktop\SEGURA EP\BITSAC\.git\objects\ae\f6be01e4bf2d8a059c37d47e6c799d059e821f","850",""
"C:\Users\ASUS\Desktop\SEGURA EP\BITSAC\.git\objects\af\33e3f0a3ed5cd394e84cded606caeaecac97aa","668",""
"C:\Users\ASUS\Desktop\SEGURA EP\BITSAC\.git\objects\af\5129032d3d500aec8bc9b33698ba6f73f761d0","86",""
"C:\Users\ASUS\Desktop\SEGURA EP\BITSAC\.git\objects\af\545fb6b4ed8132ba482b1b9dd2422827b64e7e","9291",""
"C:\Users\ASUS\Desktop\SEGURA EP\BITSAC\.git\objects\af\5b9334bba71da8d571dbb12d3076a0b1eb0865","239",""
"C:\Users\ASUS\Desktop\SEGURA EP\BITSAC\.git\objects\af\92acd8ad5c7a13a0ec69c7384191c8782e44f9","81",""
"C:\Users\ASUS\Desktop\SEGURA EP\BITSAC\.git\objects\af\9e8abcddc7d27a7f00c64dfa2bb9ec2f348563","86",""
"C:\Users\ASUS\Desktop\SEGURA EP\BITSAC\.git\objects\af\d7c676abfb825f3aa76e08c24983a392f3a317","602",""
"C:\Users\ASUS\Desktop\SEGURA EP\BITSAC\.git\objects\b0\212494187a16ef01d4c46b1270a71cb7f433e2","539",""
"C:\Users\ASUS\Desktop\SEGURA EP\BITSAC\.git\objects\b0\316c841193a9af30f3305256f0fb532347a13c","53",""
"C:\Users\ASUS\Desktop\SEGURA EP\BITSAC\.git\objects\b0\4b97ad0db2f05ccd60d298beedaeb03a4b2522","229",""
"C:\Users\ASUS\Desktop\SEGURA EP\BITSAC\.git\objects\b0\e7d8d0949419dfae171f24b3fe945fcd8039fb","1378",""
"C:\Users\ASUS\Desktop\SEGURA EP\BITSAC\.git\objects\b0\eefb9894d99f9cce39b11a11588e4ea4bad74c","239",""
"C:\Users\ASUS\Desktop\SEGURA EP\BITSAC\.git\objects\b1\1d0b57bf9d6f64787d57c77299ed70b6130e40","2243",""
"C:\Users\ASUS\Desktop\SEGURA EP\BITSAC\.git\objects\b1\58520f40b12eedd8cc411d52a78266df2c6bcf","5276",""
"C:\Users\ASUS\Desktop\SEGURA EP\BITSAC\.git\objects\b1\8d12580aa01675961967b1b70f9ffdfdb56796","98",""
"C:\Users\ASUS\Desktop\SEGURA EP\BITSAC\.git\objects\b2\69e26fb2c5b973ff89e93eb816c075a3024ad2","2668",""
"C:\Users\ASUS\Desktop\SEGURA EP\BITSAC\.git\objects\b2\6c9ef3100bb3d8e3712bbe9ae34f44c082dcf3","279",""
"C:\Users\ASUS\Desktop\SEGURA EP\BITSAC\.git\objects\b2\97442e748ca290285f35be8e4aa4d8cf9137c9","849",""
"C:\Users\ASUS\Desktop\SEGURA EP\BITSAC\.git\objects\b2\e887d59b2b680533c10c89eee4e6294061f4b4","3071",""
"C:\Users\ASUS\Desktop\SEGURA EP\BITSAC\.git\objects\b3\1acc4805d0d2dd102ccba5edc1d0334b606889","212",""
"C:\Users\ASUS\Desktop\SEGURA EP\BITSAC\.git\objects\b3\1c71243f3afd4bab1a3673597b34dcf0ff5841","87",""
"C:\Users\ASUS\Desktop\SEGURA EP\BITSAC\.git\objects\b3\23d3ffdc83a1a8b1f660b952b69eb0ed6ef950","570",""
"C:\Users\ASUS\Desktop\SEGURA EP\BITSAC\.git\objects\b3\2bcd117cc79b604a7ce2227d111429add26465","122",""
"C:\Users\ASUS\Desktop\SEGURA EP\BITSAC\.git\objects\b3\938fc2168b51ed096e88d43657cc1a356acbe9","6443",""
"C:\Users\ASUS\Desktop\SEGURA EP\BITSAC\.git\objects\b3\fd09e804fc127858a7a0f46f8239b6356b474c","1409",""
"C:\Users\ASUS\Desktop\SEGURA EP\BITSAC\.git\objects\b4\2253694541287de0a2561403d8ea2be40f07b5","21578",""
"C:\Users\ASUS\Desktop\SEGURA EP\BITSAC\.git\objects\b4\58300ca509cd7cfb7e88c3959dd937f6c5a8a8","21943",""
"C:\Users\ASUS\Desktop\SEGURA EP\BITSAC\.git\objects\b4\60d1246ffee683a6fd1ea537915de773f75562","436",""
"C:\Users\ASUS\Desktop\SEGURA EP\BITSAC\.git\objects\b4\6f293845667e10e6869a2d23816559f9ffe494","5776",""
"C:\Users\ASUS\Desktop\SEGURA EP\BITSAC\.git\objects\b4\ef69aac7998cc81d1b8144ec400b7849fc0c8d","1992",""
"C:\Users\ASUS\Desktop\SEGURA EP\BITSAC\.git\objects\b5\96c0d57879eaaec2f375f472ff93340a0926d7","153",""
"C:\Users\ASUS\Desktop\SEGURA EP\BITSAC\.git\objects\b6\5004ba18c10459a8ece3a2dbf08817914dae4a","849",""
"C:\Users\ASUS\Desktop\SEGURA EP\BITSAC\.git\objects\b6\c2dabdece4e0e22c897b8cf8a140a7fbd5e34f","459",""
"C:\Users\ASUS\Desktop\SEGURA EP\BITSAC\.git\objects\b7\043a7fa86fcde2b97c7de4113a0a60df479677","66",""
"C:\Users\ASUS\Desktop\SEGURA EP\BITSAC\.git\objects\b7\120544b15fd0287f0039bdbd8fbc8e24e1785a","1266",""
"C:\Users\ASUS\Desktop\SEGURA EP\BITSAC\.git\objects\b7\73383b069c87981b7df36c4be13028d4dcfe9d","569",""
"C:\Users\ASUS\Desktop\SEGURA EP\BITSAC\.git\objects\b7\7cc58671b9293144dcc15798f6ed5b7c630e68","649",""
"C:\Users\ASUS\Desktop\SEGURA EP\BITSAC\.git\objects\b7\a485c2170e768528761424483b0c8c642342bd","3062",""
"C:\Users\ASUS\Desktop\SEGURA EP\BITSAC\.git\objects\b7\bdfc3509d4fd2605489e4b00943191ad0838f4","278",""
"C:\Users\ASUS\Desktop\SEGURA EP\BITSAC\.git\objects\b7\d0c2eb53067412552b1a1e84d94823c6054923","946",""
"C:\Users\ASUS\Desktop\SEGURA EP\BITSAC\.git\objects\b7\d97065dfa401a1a4a04b20f80a080b7df21b29","310",""
"C:\Users\ASUS\Desktop\SEGURA EP\BITSAC\.git\objects\b8\148532596dd66f02668aaa5677245161871bf0","161",""
"C:\Users\ASUS\Desktop\SEGURA EP\BITSAC\.git\objects\b8\c5660fce48ffad5d29f8e8c0090cf88a9dad58","180",""
"C:\Users\ASUS\Desktop\SEGURA EP\BITSAC\.git\objects\b9\64db921ed1086201880d29586f6270fbceb7e5","310",""
"C:\Users\ASUS\Desktop\SEGURA EP\BITSAC\.git\objects\ba\60f571817add50c0d2dec90e206dbe32ce774d","54",""
"C:\Users\ASUS\Desktop\SEGURA EP\BITSAC\.git\objects\ba\c44c16383d051460454be165768b573c4f2c7c","9151",""
"C:\Users\ASUS\Desktop\SEGURA EP\BITSAC\.git\objects\ba\da1701f54fa3d7e36f97cf48fcfde370f9258f","498",""
"C:\Users\ASUS\Desktop\SEGURA EP\BITSAC\.git\objects\bb\22a0145ce5da9e8c74f14388eeadde0536dc50","180",""
"C:\Users\ASUS\Desktop\SEGURA EP\BITSAC\.git\objects\bb\26363142587012aece43a59c0315e014fffbc5","6176",""
"C:\Users\ASUS\Desktop\SEGURA EP\BITSAC\.git\objects\bb\2c89093f14ce660769ee582cf5d8b60b03f1c8","560",""
"C:\Users\ASUS\Desktop\SEGURA EP\BITSAC\.git\objects\bb\41436febdc32db86443c7876cfc40647f0f9e9","568",""
"C:\Users\ASUS\Desktop\SEGURA EP\BITSAC\.git\objects\bb\45ccc557a87207ad3e834c52be9dac2be0c11a","98",""
"C:\Users\ASUS\Desktop\SEGURA EP\BITSAC\.git\objects\bb\47a5d35fdf2916ae528f1fd2c5f3d1d12f701f","99",""
"C:\Users\ASUS\Desktop\SEGURA EP\BITSAC\.git\objects\bb\5616d14e29c9e96306fc95d33ad35eb6af0866","54",""
"C:\Users\ASUS\Desktop\SEGURA EP\BITSAC\.git\objects\bb\615cceeddbd1baa4184c98840c32c47815c953","80",""
"C:\Users\ASUS\Desktop\SEGURA EP\BITSAC\.git\objects\bb\759cd1daa42cf884ecafd6593837421ad05461","180",""
"C:\Users\ASUS\Desktop\SEGURA EP\BITSAC\.git\objects\bb\7918e2b8513b63986b10ff96cbd44f2d033802","560",""
"C:\Users\ASUS\Desktop\SEGURA EP\BITSAC\.git\objects\bb\853cf73e3c3572de49c5b55153866d5f6db0af","850",""
"C:\Users\ASUS\Desktop\SEGURA EP\BITSAC\.git\objects\bb\9a3a4b04e5712333a6846864362308c35594a4","20953",""
"C:\Users\ASUS\Desktop\SEGURA EP\BITSAC\.git\objects\bb\fad31445f83326df529c59df6221590cb29dcd","461",""
"C:\Users\ASUS\Desktop\SEGURA EP\BITSAC\.git\objects\bc\562f8de6d036b82845e678f8f27f2116b93fcb","99",""
"C:\Users\ASUS\Desktop\SEGURA EP\BITSAC\.git\objects\bc\862c71e7df8ffc3ec77d3e9cce1008607b08a2","11178",""
"C:\Users\ASUS\Desktop\SEGURA EP\BITSAC\.git\objects\bc\b0a4bcf2bc945bc8f26a36b27f5caba7d35287","228",""
"C:\Users\ASUS\Desktop\SEGURA EP\BITSAC\.git\objects\bc\cbcaa1b5a2580b812510da90da874f0a497fda","437",""
"C:\Users\ASUS\Desktop\SEGURA EP\BITSAC\.git\objects\bd\0a20585cbc9c194cd2a523d232f128dbc00248","460",""
"C:\Users\ASUS\Desktop\SEGURA EP\BITSAC\.git\objects\bd\4a5d05dcf59efd679d385eb4a9d2f76d4d9de2","434",""
"C:\Users\ASUS\Desktop\SEGURA EP\BITSAC\.git\objects\bd\4de37de8d5df500bb7967495dc20dc114e0984","153",""
"C:\Users\ASUS\Desktop\SEGURA EP\BITSAC\.git\objects\bd\6271ac2099bd2c4f22e937f1dc3f401075d289","994",""
"C:\Users\ASUS\Desktop\SEGURA EP\BITSAC\.git\objects\bd\e6d4d4a8371d36a971cb2bd1aee31951be6b26","77",""
"C:\Users\ASUS\Desktop\SEGURA EP\BITSAC\.git\objects\be\0de664b8b8008a0cff465e2b3c4beb4b9ef69f","569",""
"C:\Users\ASUS\Desktop\SEGURA EP\BITSAC\.git\objects\be\257beed4022d7daf1a4038ac75818bf50a3b86","1603",""
"C:\Users\ASUS\Desktop\SEGURA EP\BITSAC\.git\objects\be\65e03631765285fe04598bdd4f22ff28db8e27","3956",""
"C:\Users\ASUS\Desktop\SEGURA EP\BITSAC\.git\objects\be\75c73e96f34ef3b56ce394abdb547650112377","18269",""
"C:\Users\ASUS\Desktop\SEGURA EP\BITSAC\.git\objects\be\be2ff44409b0b73f4d0b973cbb88b38b16c795","311",""
"C:\Users\ASUS\Desktop\SEGURA EP\BITSAC\.git\objects\be\c5747cdd1e31849f3163464f884b76e94dab6f","180",""
"C:\Users\ASUS\Desktop\SEGURA EP\BITSAC\.git\objects\be\fc649af3a4fe32813284f74509efb6213e6d62","4762",""
"C:\Users\ASUS\Desktop\SEGURA EP\BITSAC\.git\objects\bf\86000ac2561448216e61a798bb48b7b5dfc104","775",""
"C:\Users\ASUS\Desktop\SEGURA EP\BITSAC\.git\objects\c0\8312ae41c3a4be8e99e249c7174e85b09b4070","53",""
"C:\Users\ASUS\Desktop\SEGURA EP\BITSAC\.git\objects\c0\9a41c68569002b42e1789980690494c01b68a2","182",""
"C:\Users\ASUS\Desktop\SEGURA EP\BITSAC\.git\objects\c0\c476fa95caed89d8350866f4742a79eac7b624","24061",""
"C:\Users\ASUS\Desktop\SEGURA EP\BITSAC\.git\objects\c1\260348cbfa47f9d87d90e5eca92ffce1f76eaa","207",""
"C:\Users\ASUS\Desktop\SEGURA EP\BITSAC\.git\objects\c1\3dc7e47005446232a3c4b686c9d01ec317dcc4","885",""
"C:\Users\ASUS\Desktop\SEGURA EP\BITSAC\.git\objects\c1\5f824607b9111455fbe23c5e7d675edef3cbdb","86",""
"C:\Users\ASUS\Desktop\SEGURA EP\BITSAC\.git\objects\c1\b738cac5d86dd238ca82bd73d175394d39caec","66",""
"C:\Users\ASUS\Desktop\SEGURA EP\BITSAC\.git\objects\c1\bc7214eaf70e3ed1b92b6384cb89ba5117bd78","4206",""
"C:\Users\ASUS\Desktop\SEGURA EP\BITSAC\.git\objects\c2\cf1b75c8839b3bd2589abeca8e0e30033a40b8","4918",""
"C:\Users\ASUS\Desktop\SEGURA EP\BITSAC\.git\objects\c3\0642a69e46220f96b06911470a6ebdbdb136e0","434",""
"C:\Users\ASUS\Desktop\SEGURA EP\BITSAC\.git\objects\c3\13f4f964f1ee960985260b91f487a8b29bc2af","6752",""
"C:\Users\ASUS\Desktop\SEGURA EP\BITSAC\.git\objects\c3\b0516449ec8edb2ff4ab853330ea1dc10db48d","90",""
"C:\Users\ASUS\Desktop\SEGURA EP\BITSAC\.git\objects\c3\bff28932ee84ecdfad89260e838ce4296f4573","167",""
"C:\Users\ASUS\Desktop\SEGURA EP\BITSAC\.git\objects\c3\dcef6fe6149082abfba94d8a7689af74f3df59","8265",""
"C:\Users\ASUS\Desktop\SEGURA EP\BITSAC\.git\objects\c4\20560a91cf95f056a4d79439bed4f8787c190f","2214970",""
"C:\Users\ASUS\Desktop\SEGURA EP\BITSAC\.git\objects\c4\309ef124b82d5d107793588c9613a747623ee8","496",""
"C:\Users\ASUS\Desktop\SEGURA EP\BITSAC\.git\objects\c4\35061aeca65a4afe69f0cc55c631375de30b25","174",""
"C:\Users\ASUS\Desktop\SEGURA EP\BITSAC\.git\objects\c4\f9d76bfd09074ef0c924a1b831f9ca29755348","560",""
"C:\Users\ASUS\Desktop\SEGURA EP\BITSAC\.git\objects\c5\60aa8dc62d075419e188d47201eb43c6966f3b","849",""
"C:\Users\ASUS\Desktop\SEGURA EP\BITSAC\.git\objects\c6\0729fb18a8b028d7f548bdaef3242de7edba27","849",""
"C:\Users\ASUS\Desktop\SEGURA EP\BITSAC\.git\objects\c6\0a5a26e700e421f8c0db7f76aa5c5aee8cdea7","86",""
"C:\Users\ASUS\Desktop\SEGURA EP\BITSAC\.git\objects\c6\5e633fa4309dd9c68fd86d60cb338ce4d0d686","213",""
"C:\Users\ASUS\Desktop\SEGURA EP\BITSAC\.git\objects\c6\a94ffe1c6a1affa407cae7b4c858bb74dd92a6","885",""
"C:\Users\ASUS\Desktop\SEGURA EP\BITSAC\.git\objects\c6\bc09a7e11f8d24eca10cec33b20337689bb065","98",""
"C:\Users\ASUS\Desktop\SEGURA EP\BITSAC\.git\objects\c6\bc41def40f32aae12a6e0c502e2759e0a70079","2799",""
"C:\Users\ASUS\Desktop\SEGURA EP\BITSAC\.git\objects\c6\df1bde308b8352949cb8c20a379e8e7298833b","53",""
"C:\Users\ASUS\Desktop\SEGURA EP\BITSAC\.git\objects\c6\e13715386ff244729201ea906621438e5ac3e2","5720",""
"C:\Users\ASUS\Desktop\SEGURA EP\BITSAC\.git\objects\c6\f9d142e1a1371486a59e236a9db29469125678","804",""
"C:\Users\ASUS\Desktop\SEGURA EP\BITSAC\.git\objects\c7\0012ed856dac06b0f2354bfe033c1a4a70ca01","201",""
"C:\Users\ASUS\Desktop\SEGURA EP\BITSAC\.git\objects\c7\2bdaf5fb7f163802b50c4309be1e1dbb764d94","133",""
"C:\Users\ASUS\Desktop\SEGURA EP\BITSAC\.git\objects\c7\37ce23c2211ed46a011dabe452a4d0cf5d5195","8648",""
"C:\Users\ASUS\Desktop\SEGURA EP\BITSAC\.git\objects\c7\44f3dc25c1591f48cc9c5cabb82f995aaa57cb","1899",""
"C:\Users\ASUS\Desktop\SEGURA EP\BITSAC\.git\objects\c7\7e16acab92d44575ed9e59a42e77f10bff2d3e","8639",""
"C:\Users\ASUS\Desktop\SEGURA EP\BITSAC\.git\objects\c7\c9dce73afd8754591e4e67bbd7f54e3868d624","1555",""
"C:\Users\ASUS\Desktop\SEGURA EP\BITSAC\.git\objects\c7\f3832014f3f29226d9e5bf729d90e2fa4ef12b","463",""
"C:\Users\ASUS\Desktop\SEGURA EP\BITSAC\.git\objects\c8\62f2a56025e58c3516e66e1845848c9e18406c","213",""
"C:\Users\ASUS\Desktop\SEGURA EP\BITSAC\.git\objects\c8\91aa546358312063a081d894dccb30b954fee6","121",""
"C:\Users\ASUS\Desktop\SEGURA EP\BITSAC\.git\objects\c8\a72c839db5d83213d84268f65fc9f951f4cbeb","87",""
"C:\Users\ASUS\Desktop\SEGURA EP\BITSAC\.git\objects\c8\f090d8da7f6d73f6a93d7c706a7452b5f1818c","18413",""
"C:\Users\ASUS\Desktop\SEGURA EP\BITSAC\.git\objects\c9\0f48386b429d65d2b99d6b6a8364d1f8c57204","560",""
"C:\Users\ASUS\Desktop\SEGURA EP\BITSAC\.git\objects\c9\561ff81422fdfc38f1a9dfec5f0e9516e83642","18238",""
"C:\Users\ASUS\Desktop\SEGURA EP\BITSAC\.git\objects\c9\94890c41e4be256f83e14ec86ca2d62130294f","1334",""
"C:\Users\ASUS\Desktop\SEGURA EP\BITSAC\.git\objects\c9\be65be5d4d04018bef60c9a74e6a1f400abb27","1493",""
"C:\Users\ASUS\Desktop\SEGURA EP\BITSAC\.git\objects\ca\20a2572f11af570ccd7653902f3757d97089db","3825",""
"C:\Users\ASUS\Desktop\SEGURA EP\BITSAC\.git\objects\ca\25813c06450b894b55edba459d32439ca91cba","1074940",""
"C:\Users\ASUS\Desktop\SEGURA EP\BITSAC\.git\objects\ca\324d860ce0572b548332a46be6de149eb6ce72","569",""
"C:\Users\ASUS\Desktop\SEGURA EP\BITSAC\.git\objects\ca\c8f5157432a8da53d0625d1e4887b062da3876","6646",""
"C:\Users\ASUS\Desktop\SEGURA EP\BITSAC\.git\objects\cb\0108326e4960689506282f9b371b054c69cb4f","90",""
"C:\Users\ASUS\Desktop\SEGURA EP\BITSAC\.git\objects\cb\0a75b8c7ce9fe7d2e0d93c27f40c31329b6653","180",""
"C:\Users\ASUS\Desktop\SEGURA EP\BITSAC\.git\objects\cb\3940de16fe245eacb088457e7a7384b4f185df","67",""
"C:\Users\ASUS\Desktop\SEGURA EP\BITSAC\.git\objects\cb\9c330a1b81c32f5afe8362ce7905a0c1a142cd","99",""
"C:\Users\ASUS\Desktop\SEGURA EP\BITSAC\.git\objects\cc\573e186927801b85f734537791471752229d54","918",""
"C:\Users\ASUS\Desktop\SEGURA EP\BITSAC\.git\objects\cc\8597cca625e384df8f3103a114d8f550dec306","86",""
"C:\Users\ASUS\Desktop\SEGURA EP\BITSAC\.git\objects\cc\b17e62770e87147e5f55dddcb9a364423b6a85","1828",""
"C:\Users\ASUS\Desktop\SEGURA EP\BITSAC\.git\objects\cc\b1e48b371692c142c7bae697d3ca28fd58e6ae","886",""
"C:\Users\ASUS\Desktop\SEGURA EP\BITSAC\.git\objects\cc\eab94f2bf307abf882515134b6042b6e3795aa","1341",""
"C:\Users\ASUS\Desktop\SEGURA EP\BITSAC\.git\objects\cd\020c14922f7fa1298c613d7fbd004d7fce47da","74",""
"C:\Users\ASUS\Desktop\SEGURA EP\BITSAC\.git\objects\cd\0f1000cde2be1ce9d627456ae5617bce841455","559",""
"C:\Users\ASUS\Desktop\SEGURA EP\BITSAC\.git\objects\cd\de774be5e2c2b0b81b5ed53ecdf22f9a14d1f3","537",""
"C:\Users\ASUS\Desktop\SEGURA EP\BITSAC\.git\objects\ce\017d54cad8aac3ef8ea00fb1fd4e296e452e13","667",""
"C:\Users\ASUS\Desktop\SEGURA EP\BITSAC\.git\objects\ce\69f83a9956d629b2037ee176e9c8b59a2b4b13","54",""
"C:\Users\ASUS\Desktop\SEGURA EP\BITSAC\.git\objects\ce\76e36c855661c706efa8df0f83702c3de94500","498",""
"C:\Users\ASUS\Desktop\SEGURA EP\BITSAC\.git\objects\cf\3b783d79e0fd73ac064922c35c359dff662a9f","66",""
"C:\Users\ASUS\Desktop\SEGURA EP\BITSAC\.git\objects\cf\4b1ac587b6ba1968f114908215f18ac189171a","213",""
"C:\Users\ASUS\Desktop\SEGURA EP\BITSAC\.git\objects\d0\56ef318ccf8a54aef2cba13bc56117891f49a1","172",""
"C:\Users\ASUS\Desktop\SEGURA EP\BITSAC\.git\objects\d0\5ea6a02cbc3d53966cbea3869531eddc702bbc","7807",""
"C:\Users\ASUS\Desktop\SEGURA EP\BITSAC\.git\objects\d0\a994d6c7f6085eac93f9abe3b28e06460e4fca","229",""
"C:\Users\ASUS\Desktop\SEGURA EP\BITSAC\.git\objects\d1\157e210e65e68d0fc55280dc18736a13b73759","181",""
"C:\Users\ASUS\Desktop\SEGURA EP\BITSAC\.git\objects\d1\6bc86cc6cb1df83ce8523e067f29795505b105","212",""
"C:\Users\ASUS\Desktop\SEGURA EP\BITSAC\.git\objects\d1\900ac3066ff9ede3c46e87e16b301f8863bf5f","1557",""
"C:\Users\ASUS\Desktop\SEGURA EP\BITSAC\.git\objects\d1\94e9d00112f19d89531975fb9630c76ca3860c","98",""
"C:\Users\ASUS\Desktop\SEGURA EP\BITSAC\.git\objects\d1\951ab3b124f865a46d91a0512c7f645cb9c09d","102",""
"C:\Users\ASUS\Desktop\SEGURA EP\BITSAC\.git\objects\d1\c23f65c7fe9523c6771cdc15e4178940d57b4d","90",""
"C:\Users\ASUS\Desktop\SEGURA EP\BITSAC\.git\objects\d2\2d83fd9d45c2c2d2db0ad19ce4ddba793d6ad3","497",""
"C:\Users\ASUS\Desktop\SEGURA EP\BITSAC\.git\objects\d2\5ed3ab616c57b031e83b28ed4ad5a931baf97f","560",""
"C:\Users\ASUS\Desktop\SEGURA EP\BITSAC\.git\objects\d2\63422ebd8f87fc8814f9378bc1fe1337bea39c","1868",""
"C:\Users\ASUS\Desktop\SEGURA EP\BITSAC\.git\objects\d2\64c578d37ea7fa902129a7cff020874324c2ea","871",""
"C:\Users\ASUS\Desktop\SEGURA EP\BITSAC\.git\objects\d2\dbf672d90d4d3f3e4e0a0f01309a10d9b9b182","159",""
"C:\Users\ASUS\Desktop\SEGURA EP\BITSAC\.git\objects\d3\49378067250265c529424729ad86c61c33b75c","539",""
"C:\Users\ASUS\Desktop\SEGURA EP\BITSAC\.git\objects\d4\165d4c4581fa9fc8317c1f807be9c539714d36","1749",""
"C:\Users\ASUS\Desktop\SEGURA EP\BITSAC\.git\objects\d4\8b0665e3fb22255ca197f706e5bd5a4998edf4","1974",""
"C:\Users\ASUS\Desktop\SEGURA EP\BITSAC\.git\objects\d4\fd6a065146e4879cd6ab6f724ed113c1517ac8","54",""
"C:\Users\ASUS\Desktop\SEGURA EP\BITSAC\.git\objects\d4\tmp_obj_Jnevju","23666688",""
"C:\Users\ASUS\Desktop\SEGURA EP\BITSAC\.git\objects\d4\tmp_obj_LAS0tI","43294720",""
"C:\Users\ASUS\Desktop\SEGURA EP\BITSAC\.git\objects\d4\tmp_obj_UtFaNj","25174016",""
"C:\Users\ASUS\Desktop\SEGURA EP\BITSAC\.git\objects\d4\tmp_obj_vW7hS9","25468928",""
"C:\Users\ASUS\Desktop\SEGURA EP\BITSAC\.git\objects\d5\081dea3b3393ea1393a1d4241e620d71381223","1238",""
"C:\Users\ASUS\Desktop\SEGURA EP\BITSAC\.git\objects\d5\6dfd0217b50d071d35ff5a3ddffad1af39cfd0","133",""
"C:\Users\ASUS\Desktop\SEGURA EP\BITSAC\.git\objects\d5\73b13aa26c778868778099f7932f15aca8897d","5285",""
"C:\Users\ASUS\Desktop\SEGURA EP\BITSAC\.git\objects\d6\09ec142b65fc9383381e1ebef0e24850ca142a","121",""
"C:\Users\ASUS\Desktop\SEGURA EP\BITSAC\.git\objects\d6\b05300e212575e8baf6548a4ad504f7369300c","851",""
"C:\Users\ASUS\Desktop\SEGURA EP\BITSAC\.git\objects\d6\ca0d7b870e3aa250a010ab17bbefff1bca1580","54",""
"C:\Users\ASUS\Desktop\SEGURA EP\BITSAC\.git\objects\d6\d1786be8fb7d413638a1dde273a2d7524d0610","2114",""
"C:\Users\ASUS\Desktop\SEGURA EP\BITSAC\.git\objects\d7\01e3e9f65335e940c2d13db4cb7141cbc4ffcf","157",""
"C:\Users\ASUS\Desktop\SEGURA EP\BITSAC\.git\objects\d7\067c4268ed035ff9adb3ca9d1b50d0f913b8bb","77",""
"C:\Users\ASUS\Desktop\SEGURA EP\BITSAC\.git\objects\d7\1b39237dc021666cc231fc29b0e37fd423300b","1406",""
"C:\Users\ASUS\Desktop\SEGURA EP\BITSAC\.git\objects\d7\bf4edd8d115625c3647a83934167c32a85af13","279",""
"C:\Users\ASUS\Desktop\SEGURA EP\BITSAC\.git\objects\d7\dc026f0c0ce6211f4dc9ac70919d1207103e46","6591",""
"C:\Users\ASUS\Desktop\SEGURA EP\BITSAC\.git\objects\d7\f29cae79e20ff49267168d7adc127c81b345b2","77",""
"C:\Users\ASUS\Desktop\SEGURA EP\BITSAC\.git\objects\d8\dd50eff59eb052678d3dd6f5126aead7e7f2b8","90",""
"C:\Users\ASUS\Desktop\SEGURA EP\BITSAC\.git\objects\d8\e8482f9f55eede503024204464c50c3aadc60a","54",""
"C:\Users\ASUS\Desktop\SEGURA EP\BITSAC\.git\objects\d9\8be5645439ba5c3b36f0d0c2a472f528207f52","98",""
"C:\Users\ASUS\Desktop\SEGURA EP\BITSAC\.git\objects\da\87cdf394e3c2957766cb3b8094dbc4b0f5cd74","420",""
"C:\Users\ASUS\Desktop\SEGURA EP\BITSAC\.git\objects\db\1b78f64f20f431c619c1fd2ac661aad3b995f3","15712",""
"C:\Users\ASUS\Desktop\SEGURA EP\BITSAC\.git\objects\db\a5fa202322943af67ce409fb859199d4cfd7b0","87",""
"C:\Users\ASUS\Desktop\SEGURA EP\BITSAC\.git\objects\db\cf0656ccecff6ce1924cf8e3cc9d0dd62fc1fc","1289",""
"C:\Users\ASUS\Desktop\SEGURA EP\BITSAC\.git\objects\dc\15169df351067f49f6edac7e2d34176eb5fe54","67",""
"C:\Users\ASUS\Desktop\SEGURA EP\BITSAC\.git\objects\dc\a694423c728a66cc76251d6e9ba6bfcbe78722","499",""
"C:\Users\ASUS\Desktop\SEGURA EP\BITSAC\.git\objects\dc\b6209bb4b9cd3e450a478b87249523206e4715","1446",""
"C:\Users\ASUS\Desktop\SEGURA EP\BITSAC\.git\objects\dc\dc08769dc86da7ced7363bd93b1a9cce5af796","561",""
"C:\Users\ASUS\Desktop\SEGURA EP\BITSAC\.git\objects\dc\e1b88a7edee297e016577897b45727f1bd289a","2301",""
"C:\Users\ASUS\Desktop\SEGURA EP\BITSAC\.git\objects\dc\f6ccfcc4b9175da9d46990af30a8b903e68d59","489",""
"C:\Users\ASUS\Desktop\SEGURA EP\BITSAC\.git\objects\dd\530f190d508b9b53fdc7c74380747f6cf5fb4e","181",""
"C:\Users\ASUS\Desktop\SEGURA EP\BITSAC\.git\objects\dd\5b57b7327c9bf485576e85d9f6988b6ed5a0af","87",""
"C:\Users\ASUS\Desktop\SEGURA EP\BITSAC\.git\objects\dd\74b23db104c986edb4bc9f046817a622d20034","54",""
"C:\Users\ASUS\Desktop\SEGURA EP\BITSAC\.git\objects\dd\7f55412e8df83f8cd54110c88f86cc39bfb8f6","54",""
"C:\Users\ASUS\Desktop\SEGURA EP\BITSAC\.git\objects\dd\fa2885d089ea883898880ac146f7d0bcd603ee","849",""
"C:\Users\ASUS\Desktop\SEGURA EP\BITSAC\.git\objects\dd\fcbad4aebdf464981f12a93a3cbfe709e979aa","153",""
"C:\Users\ASUS\Desktop\SEGURA EP\BITSAC\.git\objects\de\2e2c18cef72c7e488970d5507028af976c4632","1211",""
"C:\Users\ASUS\Desktop\SEGURA EP\BITSAC\.git\objects\de\7a27bb92e6d16975dfa69cd7f3e520b8797dd4","181",""
"C:\Users\ASUS\Desktop\SEGURA EP\BITSAC\.git\objects\de\9452431b790f49e2618185f4f0154f1ce74e52","77",""
"C:\Users\ASUS\Desktop\SEGURA EP\BITSAC\.git\objects\de\99de141a0916596749bd5665906fcdad0ee32e","1180",""
"C:\Users\ASUS\Desktop\SEGURA EP\BITSAC\.git\objects\de\be9f9d808ea6ae7c5abe78647d51a4f5933c4b","180",""
"C:\Users\ASUS\Desktop\SEGURA EP\BITSAC\.git\objects\de\f5ceb30b3afc92b1caa34845d20e3f3117bf20","1200",""
"C:\Users\ASUS\Desktop\SEGURA EP\BITSAC\.git\objects\df\19156d1989d43cd50ad7b20c7fa81a8a29c73c","53",""
"C:\Users\ASUS\Desktop\SEGURA EP\BITSAC\.git\objects\df\afd98cec5e3d576a59045d3f92a52479a380ac","311",""
"C:\Users\ASUS\Desktop\SEGURA EP\BITSAC\.git\objects\df\bcc30b71f496b77e15660621cd52f5fd2b08a0","15545",""
"C:\Users\ASUS\Desktop\SEGURA EP\BITSAC\.git\objects\df\cc0d67f1a65215fe567605ac19fd0744150573","11405",""
"C:\Users\ASUS\Desktop\SEGURA EP\BITSAC\.git\objects\e0\1ca3bda7c56ac1521365aed738dab9d248fe89","86",""
"C:\Users\ASUS\Desktop\SEGURA EP\BITSAC\.git\objects\e0\baea92e5d1142b3ac473f7a3a3354d2ecab1e1","849",""
"C:\Users\ASUS\Desktop\SEGURA EP\BITSAC\.git\objects\e0\ef4261b0216e246973cbedb1f5a455d9aa188c","77",""
"C:\Users\ASUS\Desktop\SEGURA EP\BITSAC\.git\objects\e1\004dedce0ebb156f143fb184fa752139d56161","179",""
"C:\Users\ASUS\Desktop\SEGURA EP\BITSAC\.git\objects\e1\119d8f244dc6b09a5d2cd5fd8e56707f8fad5b","9667",""
"C:\Users\ASUS\Desktop\SEGURA EP\BITSAC\.git\objects\e1\1cae7a46b3a8b22ee395391114a7b764dcdcca","174",""
"C:\Users\ASUS\Desktop\SEGURA EP\BITSAC\.git\objects\e1\507152253ea4ccaba89a6e53f8f05840765b44","157",""
"C:\Users\ASUS\Desktop\SEGURA EP\BITSAC\.git\objects\e1\51975337d59f847bc590965ef0fd93dd0422a6","166",""
"C:\Users\ASUS\Desktop\SEGURA EP\BITSAC\.git\objects\e1\6f5d03e07423368084070ebe25bec17a69d892","68",""
"C:\Users\ASUS\Desktop\SEGURA EP\BITSAC\.git\objects\e1\7af710c59213235ffefcb8dbc77e55e66db1e8","98",""
"C:\Users\ASUS\Desktop\SEGURA EP\BITSAC\.git\objects\e1\da0ed6d041fe8e4d35f7d2c83fe5377c0066b1","180",""
"C:\Users\ASUS\Desktop\SEGURA EP\BITSAC\.git\objects\e1\fe8ae7f58ad1b8d97ff31f9a41b8435d9d9090","560",""
"C:\Users\ASUS\Desktop\SEGURA EP\BITSAC\.git\objects\e2\3656c5d147134694d5ee8bf7c82aefe454757b","850",""
"C:\Users\ASUS\Desktop\SEGURA EP\BITSAC\.git\objects\e2\e43c99dc7410c03517c95b3505e12bee39f99c","6432",""
"C:\Users\ASUS\Desktop\SEGURA EP\BITSAC\.git\objects\e3\1f4bca308dfedbe06d914fb512a507b0ae524f","53",""
"C:\Users\ASUS\Desktop\SEGURA EP\BITSAC\.git\objects\e4\0e5147f1b130796de2dcf344adb6d2ad59234a","462",""
"C:\Users\ASUS\Desktop\SEGURA EP\BITSAC\.git\objects\e4\1617bf544321033581273eba3f54d422d6e0d0","54",""
"C:\Users\ASUS\Desktop\SEGURA EP\BITSAC\.git\objects\e4\4d39111dea42d696cf241982bad3ffcd685670","81",""
"C:\Users\ASUS\Desktop\SEGURA EP\BITSAC\.git\objects\e4\9bd5a8f75f2b5945e1840feebbfa263a3c9b49","228",""
"C:\Users\ASUS\Desktop\SEGURA EP\BITSAC\.git\objects\e4\ceea67505627bf494367a791fbf6b65ea217d8","180",""
"C:\Users\ASUS\Desktop\SEGURA EP\BITSAC\.git\objects\e4\e8de93b9033244cca960599cb6db6c60236789","311",""
"C:\Users\ASUS\Desktop\SEGURA EP\BITSAC\.git\objects\e5\64f00720f685a965b25fa4fb9c4cb6ce0a680f","522",""
"C:\Users\ASUS\Desktop\SEGURA EP\BITSAC\.git\objects\e6\1036dd9b7a3148242ff650e0ec40d75f8ebdcf","886",""
"C:\Users\ASUS\Desktop\SEGURA EP\BITSAC\.git\objects\e6\27c6017fb3d5eedada6299a166b8efc2703161","86",""
"C:\Users\ASUS\Desktop\SEGURA EP\BITSAC\.git\objects\e6\55f905a303ea5a1fde1dfa1b9feed94bd47caf","229",""
"C:\Users\ASUS\Desktop\SEGURA EP\BITSAC\.git\objects\e6\932164e915a6b390b333ef6a0a67767e9d03a6","278",""
"C:\Users\ASUS\Desktop\SEGURA EP\BITSAC\.git\objects\e6\99e9dd019940f47483f00c0187e1b2bb0d6b86","54",""
"C:\Users\ASUS\Desktop\SEGURA EP\BITSAC\.git\objects\e6\d421e79b9aeb49a412e9209db612099bcb12c9","498",""
"C:\Users\ASUS\Desktop\SEGURA EP\BITSAC\.git\objects\e7\0aebaa76faeb0923f089057166ba79e8108d17","86",""
"C:\Users\ASUS\Desktop\SEGURA EP\BITSAC\.git\objects\e7\47bf1173d4a27f74fb42844614b80a47a5476d","538",""
"C:\Users\ASUS\Desktop\SEGURA EP\BITSAC\.git\objects\e8\0367dd16a34bb75511d0709cb5703678a203c5","80",""
"C:\Users\ASUS\Desktop\SEGURA EP\BITSAC\.git\objects\e8\4142e8d860c126e24e1aad2c7377926e865502","1107060",""
"C:\Users\ASUS\Desktop\SEGURA EP\BITSAC\.git\objects\e8\4a1a0dcbbddbb37575892be86a263483848976","570",""
"C:\Users\ASUS\Desktop\SEGURA EP\BITSAC\.git\objects\e8\9fc713cd798c10b023d7fca26f36dec925bed8","3036",""
"C:\Users\ASUS\Desktop\SEGURA EP\BITSAC\.git\objects\e8\aa2f4bf3e736694a8ac9e0dfd5fb421e092a1a","54",""
"C:\Users\ASUS\Desktop\SEGURA EP\BITSAC\.git\objects\e9\4ca1ecb88da998da55527372d1fcc45b471cfd","2985",""
"C:\Users\ASUS\Desktop\SEGURA EP\BITSAC\.git\objects\e9\b8e05e92e2a9b864b07170c91d4df1444f98b3","6462",""
"C:\Users\ASUS\Desktop\SEGURA EP\BITSAC\.git\objects\e9\cddce32bdfe5cf34a2894c434dc48985f064fa","212",""
"C:\Users\ASUS\Desktop\SEGURA EP\BITSAC\.git\objects\ea\121dad18f7dfbb4fcf074f9d8d7e64ab6ffbd4","312",""
"C:\Users\ASUS\Desktop\SEGURA EP\BITSAC\.git\objects\ea\72ca5457865812dd7660bc6360fdc9d3c2f2bc","886",""
"C:\Users\ASUS\Desktop\SEGURA EP\BITSAC\.git\objects\ea\7f543f88dd60af06a59b9977259e740a46f64c","6556",""
"C:\Users\ASUS\Desktop\SEGURA EP\BITSAC\.git\objects\ea\a044c88c0d548be5872c8e6db298b6c037deb2","229",""
"C:\Users\ASUS\Desktop\SEGURA EP\BITSAC\.git\objects\ea\bdbc195e95fbc77444b98473d135c23f86b3a3","181",""
"C:\Users\ASUS\Desktop\SEGURA EP\BITSAC\.git\objects\eb\66b03abe6a3680b02919464b3e50f8ca4c238a","98",""
"C:\Users\ASUS\Desktop\SEGURA EP\BITSAC\.git\objects\eb\ff7e884be91e302ac370f1584ac17c2098c892","15357",""
"C:\Users\ASUS\Desktop\SEGURA EP\BITSAC\.git\objects\ec\02ede380da0fc9a341fc1847c35b45d8399cd9","2087",""
"C:\Users\ASUS\Desktop\SEGURA EP\BITSAC\.git\objects\ec\2371ac73b73d38fd468860b9fd0eabc909f16d","99",""
"C:\Users\ASUS\Desktop\SEGURA EP\BITSAC\.git\objects\ec\3581e43ca9315b361615dbd1ebfe90112090ed","886",""
"C:\Users\ASUS\Desktop\SEGURA EP\BITSAC\.git\objects\ec\d2758197b7be0af18952d71b24d411d3575dde","849",""
"C:\Users\ASUS\Desktop\SEGURA EP\BITSAC\.git\objects\ed\4f879f2b450abf0c2e3d4324043e292a7fb30d","3959",""
"C:\Users\ASUS\Desktop\SEGURA EP\BITSAC\.git\objects\ed\7aaa77e7faedcf30d9cb2b57f8c0e6d87eb9c9","2420",""
"C:\Users\ASUS\Desktop\SEGURA EP\BITSAC\.git\objects\ed\7d72212bd901e0be77a52209570bb56715d179","122",""
"C:\Users\ASUS\Desktop\SEGURA EP\BITSAC\.git\objects\ed\a96a9e62b54a1f42e9ffd756a8a2a3a1663cbc","213",""
"C:\Users\ASUS\Desktop\SEGURA EP\BITSAC\.git\objects\ed\c927947019e782e0e614341350547e8a3b9c13","194",""
"C:\Users\ASUS\Desktop\SEGURA EP\BITSAC\.git\objects\ee\05a3246fd3a838bf3f1ea2b0a6e458aee2d125","23559",""
"C:\Users\ASUS\Desktop\SEGURA EP\BITSAC\.git\objects\ee\809dd3e797fc1462c1466129aeb70cf9cc5144","918",""
"C:\Users\ASUS\Desktop\SEGURA EP\BITSAC\.git\objects\ef\3a3ba29baf03ca7c73540a20099699b1982846","570",""
"C:\Users\ASUS\Desktop\SEGURA EP\BITSAC\.git\objects\ef\8a9d2c5070dab4aea5d65452f9f68239de28fd","7520",""
"C:\Users\ASUS\Desktop\SEGURA EP\BITSAC\.git\objects\ef\9c326667ea473dc38d51fd785ae1a518ce5f0f","90",""
"C:\Users\ASUS\Desktop\SEGURA EP\BITSAC\.git\objects\f0\43d7475108ac046c56029ffc5ac7bda646e33c","560",""
"C:\Users\ASUS\Desktop\SEGURA EP\BITSAC\.git\objects\f0\4b8165b79ca1248e6b1fb4d0df4981c73ce62f","87",""
"C:\Users\ASUS\Desktop\SEGURA EP\BITSAC\.git\objects\f0\b23841f0e64657fe5bd051752ff1a7d8055a8b","1598",""
"C:\Users\ASUS\Desktop\SEGURA EP\BITSAC\.git\objects\f0\d1d7847a1fcf21336046b7aa2b6a636b72ecc6","86",""
"C:\Users\ASUS\Desktop\SEGURA EP\BITSAC\.git\objects\f0\dfad7f2ee59c707698e3eb9151ac3539f5fe1f","2669892",""
"C:\Users\ASUS\Desktop\SEGURA EP\BITSAC\.git\objects\f1\4a07f6206bdce4b3c34cde03a8c57605b0dced","435",""
"C:\Users\ASUS\Desktop\SEGURA EP\BITSAC\.git\objects\f1\e59a3e2c02cb1e645a5d435738b3d702f76882","152",""
"C:\Users\ASUS\Desktop\SEGURA EP\BITSAC\.git\objects\f1\ef71eded84e80bfdabfd59f4c61f805e3e3183","6766",""
"C:\Users\ASUS\Desktop\SEGURA EP\BITSAC\.git\objects\f2\996864873d0281380ee7543931772f46ec5ed3","538",""
"C:\Users\ASUS\Desktop\SEGURA EP\BITSAC\.git\objects\f3\addea06812e64d832bb67985848ff326ef783e","848",""
"C:\Users\ASUS\Desktop\SEGURA EP\BITSAC\.git\objects\f3\c28bc3a968b5affee32c2bcb2ad48e9d010bd8","496",""
"C:\Users\ASUS\Desktop\SEGURA EP\BITSAC\.git\objects\f4\457b8d418acc63a8b5c7af77e43ef4f73de24e","180",""
"C:\Users\ASUS\Desktop\SEGURA EP\BITSAC\.git\objects\f4\aae3d335ff51dcc9fe0a672214a8eaa26a550d","132",""
"C:\Users\ASUS\Desktop\SEGURA EP\BITSAC\.git\objects\f6\3da253a38e4c6385e3d061301481daf0865ba2","1299",""
"C:\Users\ASUS\Desktop\SEGURA EP\BITSAC\.git\objects\f6\62fcc66970de277f1cbf15239cd1e986d70b94","16103",""
"C:\Users\ASUS\Desktop\SEGURA EP\BITSAC\.git\objects\f6\79bc4f480238c0cd4ad5231a4d9b14df04fa48","164",""
"C:\Users\ASUS\Desktop\SEGURA EP\BITSAC\.git\objects\f6\8c6f755be2778b202290de4c5c42f749a54e1e","154",""
"C:\Users\ASUS\Desktop\SEGURA EP\BITSAC\.git\objects\f6\9488ed4f1603f4e7538dce6dac2b2c72973678","14377",""
"C:\Users\ASUS\Desktop\SEGURA EP\BITSAC\.git\objects\f7\049c2bea172e526e5dd0dfd7b00eb979a50938","198",""
"C:\Users\ASUS\Desktop\SEGURA EP\BITSAC\.git\objects\f7\43570b80dd52d17374d23be2c0924a5e9ef390","2168",""
"C:\Users\ASUS\Desktop\SEGURA EP\BITSAC\.git\objects\f7\e2622d2247c2684459182a6e9665dd3a3b8c1e","98",""
"C:\Users\ASUS\Desktop\SEGURA EP\BITSAC\.git\objects\f8\42bbe3e7cfbcf75faae77ff258557840ac167e","1475",""
"C:\Users\ASUS\Desktop\SEGURA EP\BITSAC\.git\objects\f8\7ba5b25ea86e6a066ec9b7adb572a39a982db5","173",""
"C:\Users\ASUS\Desktop\SEGURA EP\BITSAC\.git\objects\f8\c8672d1086da28d1a60c57693f8891699660b8","86",""
"C:\Users\ASUS\Desktop\SEGURA EP\BITSAC\.git\objects\f8\c8a4d024231538a916441891d2cd8a7e5d490b","3062",""
"C:\Users\ASUS\Desktop\SEGURA EP\BITSAC\.git\objects\f9\046a75b5db05e635d8f460efb36efa06c7c992","21142",""
"C:\Users\ASUS\Desktop\SEGURA EP\BITSAC\.git\objects\f9\532692658d8bc3e27cb5a2c95ef42630738f17","559",""
"C:\Users\ASUS\Desktop\SEGURA EP\BITSAC\.git\objects\f9\bb3374faab9fafffdb876535bf2ce215e0ea31","98",""
"C:\Users\ASUS\Desktop\SEGURA EP\BITSAC\.git\objects\f9\c7fb8cbcac4200c87c5205db35ff6bdda0949b","153",""
"C:\Users\ASUS\Desktop\SEGURA EP\BITSAC\.git\objects\f9\ca97926b97f21230d7be377603612e50075572","3999",""
"C:\Users\ASUS\Desktop\SEGURA EP\BITSAC\.git\objects\fa\5afb89bec0412c855ea5a0d2a452436b465e07","4716",""
"C:\Users\ASUS\Desktop\SEGURA EP\BITSAC\.git\objects\fa\8b8f420a578864535e87b05f6334b38639c7f8","559",""
"C:\Users\ASUS\Desktop\SEGURA EP\BITSAC\.git\objects\fa\b15f4a30a5191936d3f9daccfcbbec9cadb2cb","160",""
"C:\Users\ASUS\Desktop\SEGURA EP\BITSAC\.git\objects\fa\beadcfc9cf47a1733f0ca00629b52289c8df0b","181",""
"C:\Users\ASUS\Desktop\SEGURA EP\BITSAC\.git\objects\fb\5efc5379650f7c58fc25db7c5c4c397885e897","624",""
"C:\Users\ASUS\Desktop\SEGURA EP\BITSAC\.git\objects\fb\c21396db08cd0ce04fd91d0e0318e3771e04d8","214",""
"C:\Users\ASUS\Desktop\SEGURA EP\BITSAC\.git\objects\fb\d666919714cf29b2d655489502ccbff2822ce8","122",""
"C:\Users\ASUS\Desktop\SEGURA EP\BITSAC\.git\objects\fc\19a944a844bcdde0108efad3d29b23f6a9d99d","98",""
"C:\Users\ASUS\Desktop\SEGURA EP\BITSAC\.git\objects\fc\9a5291242fc8625216c3726080d298210a6cc7","2382754",""
"C:\Users\ASUS\Desktop\SEGURA EP\BITSAC\.git\objects\fd\4d1920b916e97f35e9cec4fd6fb8a77b7be965","228",""
"C:\Users\ASUS\Desktop\SEGURA EP\BITSAC\.git\objects\fd\8c654ea05a4acf2bed42378c01fdb06abbd2fc","279",""
"C:\Users\ASUS\Desktop\SEGURA EP\BITSAC\.git\objects\fe\21fd86e1f84b73cffa27e092ce2bb97147d0a4","496",""
"C:\Users\ASUS\Desktop\SEGURA EP\BITSAC\.git\objects\fe\cfd5e0df2b70d791d5c7eadcd923d1d3799871","886",""
"C:\Users\ASUS\Desktop\SEGURA EP\BITSAC\.git\objects\ff\3bd0f69e5a87acaac6c3415c6faf2e26d0e963","1295",""
"C:\Users\ASUS\Desktop\SEGURA EP\BITSAC\.git\objects\ff\495293f893da5ba4cda37ac7391f8e1811f59c","849",""
"C:\Users\ASUS\Desktop\SEGURA EP\BITSAC\.git\objects\ff\6077980505018d119d41a8d99adfc7fdb9d732","98",""
"C:\Users\ASUS\Desktop\SEGURA EP\BITSAC\.git\objects\ff\80ead5ebfac7b7980637d91ac924f5f01ec782","1432",""
"C:\Users\ASUS\Desktop\SEGURA EP\BITSAC\.git\objects\ff\d756324b454c6f37e834beedf8b928fd1f606d","213",""
"C:\Users\ASUS\Desktop\SEGURA EP\BITSAC\.git\objects\ff\f1d7b687cb720d7dfb0ef8a3ff13bc668f2768","233",""
"C:\Users\ASUS\Desktop\SEGURA EP\BITSAC\.git\objects\info\commit-graphs",,""
"C:\Users\ASUS\Desktop\SEGURA EP\BITSAC\.git\objects\info\packs","160",""
"C:\Users\ASUS\Desktop\SEGURA EP\BITSAC\.git\objects\info\commit-graphs\commit-graph-chain","41",""
"C:\Users\ASUS\Desktop\SEGURA EP\BITSAC\.git\objects\info\commit-graphs\graph-1773563c26e3028e5d0ffebbbcc301f6944a84ad.graph","13112",".graph"
"C:\Users\ASUS\Desktop\SEGURA EP\BITSAC\.git\objects\pack\multi-pack-index","317668",""
"C:\Users\ASUS\Desktop\SEGURA EP\BITSAC\.git\objects\pack\pack-a7e1151e3fce5898bc2c9aec57fb7e0bd92a03c2.idx","216812",".idx"
"C:\Users\ASUS\Desktop\SEGURA EP\BITSAC\.git\objects\pack\pack-a7e1151e3fce5898bc2c9aec57fb7e0bd92a03c2.pack","57341873",".pack"
"C:\Users\ASUS\Desktop\SEGURA EP\BITSAC\.git\objects\pack\pack-a7e1151e3fce5898bc2c9aec57fb7e0bd92a03c2.rev","30872",".rev"
"C:\Users\ASUS\Desktop\SEGURA EP\BITSAC\.git\objects\pack\pack-ce9bf824fd8e74e7e6a19b42e970feb64e22d4f1.idx","84092",".idx"
"C:\Users\ASUS\Desktop\SEGURA EP\BITSAC\.git\objects\pack\pack-ce9bf824fd8e74e7e6a19b42e970feb64e22d4f1.pack","60041421",".pack"
"C:\Users\ASUS\Desktop\SEGURA EP\BITSAC\.git\objects\pack\pack-ce9bf824fd8e74e7e6a19b42e970feb64e22d4f1.rev","11912",".rev"
"C:\Users\ASUS\Desktop\SEGURA EP\BITSAC\.git\objects\pack\pack-f69a927e2f981dbc145673889d86163e5db711c9.idx","18712",".idx"
"C:\Users\ASUS\Desktop\SEGURA EP\BITSAC\.git\objects\pack\pack-f69a927e2f981dbc145673889d86163e5db711c9.pack","143716353",".pack"
"C:\Users\ASUS\Desktop\SEGURA EP\BITSAC\.git\objects\pack\pack-f69a927e2f981dbc145673889d86163e5db711c9.rev","2572",".rev"
"C:\Users\ASUS\Desktop\SEGURA EP\BITSAC\.git\refs\codex",,""
"C:\Users\ASUS\Desktop\SEGURA EP\BITSAC\.git\refs\heads",,""
"C:\Users\ASUS\Desktop\SEGURA EP\BITSAC\.git\refs\remotes",,""
"C:\Users\ASUS\Desktop\SEGURA EP\BITSAC\.git\refs\tags",,""
"C:\Users\ASUS\Desktop\SEGURA EP\BITSAC\.git\refs\codex\turn-diffs",,""
"C:\Users\ASUS\Desktop\SEGURA EP\BITSAC\.git\refs\codex\turn-diffs\captures",,""
"C:\Users\ASUS\Desktop\SEGURA EP\BITSAC\.git\refs\codex\turn-diffs\checkpoints",,""
"C:\Users\ASUS\Desktop\SEGURA EP\BITSAC\.git\refs\codex\turn-diffs\captures\1786936527360",,""
"C:\Users\ASUS\Desktop\SEGURA EP\BITSAC\.git\refs\codex\turn-diffs\captures\1786936527360\8cbc4d18-ea1b-4403-aa7e-47f995dc5dd5",,""
"C:\Users\ASUS\Desktop\SEGURA EP\BITSAC\.git\refs\codex\turn-diffs\captures\1786936527360\8cbc4d18-ea1b-4403-aa7e-47f995dc5dd5\base","41",""
"C:\Users\ASUS\Desktop\SEGURA EP\BITSAC\.git\refs\codex\turn-diffs\checkpoints\2d6b7aed81dbdf964a44138442b30869ca3244de8cc8586b3861c58bdd512af3",,""
"C:\Users\ASUS\Desktop\SEGURA EP\BITSAC\.git\refs\codex\turn-diffs\checkpoints\481b3a8a669a672600695f0207595dfbea966eeac46b3cb3e1080fe96ed891e5",,""
"C:\Users\ASUS\Desktop\SEGURA EP\BITSAC\.git\refs\codex\turn-diffs\checkpoints\550412aa40d2b12cfe53ad2b2fb17f3200b142effb5549c829276eda11aabbcd",,""
"C:\Users\ASUS\Desktop\SEGURA EP\BITSAC\.git\refs\codex\turn-diffs\checkpoints\74c0c78eede7b0ef830cfb78ba68d4181ea0901b22251de01bd98f1db835e17b",,""
"C:\Users\ASUS\Desktop\SEGURA EP\BITSAC\.git\refs\codex\turn-diffs\checkpoints\77a90fab024613af521e6ea5d82ffa6200c9bd3809af66d49f860f85643d37b1",,""
"C:\Users\ASUS\Desktop\SEGURA EP\BITSAC\.git\refs\codex\turn-diffs\checkpoints\80d4f3cd26ec43af46118ac04baeab80df380943f278dde7fb01e0730a35544b",,""
"C:\Users\ASUS\Desktop\SEGURA EP\BITSAC\.git\refs\codex\turn-diffs\checkpoints\958b76919989ea684069ae6c58b76da0ef353db09ebdd4b14dcd5f97db3d8350",,""
"C:\Users\ASUS\Desktop\SEGURA EP\BITSAC\.git\refs\codex\turn-diffs\checkpoints\a174faae0ff0503702e85dd85fa388d37becbd92f84fa1af44f2f31b99c29a16",,""
"C:\Users\ASUS\Desktop\SEGURA EP\BITSAC\.git\refs\codex\turn-diffs\checkpoints\b217bb54a0e10364644bb275b88bbe8847ab13a1b8ce35a9f0a5403107e6b442",,""
"C:\Users\ASUS\Desktop\SEGURA EP\BITSAC\.git\refs\codex\turn-diffs\checkpoints\d4b5083c02acff77dd617059c5e142986c5930f8acfac7d68bc2cceb525a6d38",,""
"C:\Users\ASUS\Desktop\SEGURA EP\BITSAC\.git\refs\codex\turn-diffs\checkpoints\d7c56975e1c44a0b3304e8d405619a89ebbf981fc2dc763e904e414879cb95b1",,""
"C:\Users\ASUS\Desktop\SEGURA EP\BITSAC\.git\refs\codex\turn-diffs\checkpoints\df6cfd3cff7c8cb491c79d4ad56e9fefc4aafc1f11ba18763884f2f57ed39b27",,""
"C:\Users\ASUS\Desktop\SEGURA EP\BITSAC\.git\refs\codex\turn-diffs\checkpoints\e2e5344a114a39e4fe104e0fd8b06ee6fea4db47396b5f074546400bbe643e62",,""
"C:\Users\ASUS\Desktop\SEGURA EP\BITSAC\.git\refs\codex\turn-diffs\checkpoints\ec3648503798f7a6951bf7826b6e6647eec5f4863f145e77280b3fd595f45eed",,""
"C:\Users\ASUS\Desktop\SEGURA EP\BITSAC\.git\refs\codex\turn-diffs\checkpoints\fd4129cbb982a30067b7eb001aa9e6d9684f1a032dfdb7fb824e85b77a3f25c1",,""
"C:\Users\ASUS\Desktop\SEGURA EP\BITSAC\.git\refs\codex\turn-diffs\checkpoints\2d6b7aed81dbdf964a44138442b30869ca3244de8cc8586b3861c58bdd512af3\49d571a4ebedd539b6486a1c7474028bfccc9efc6a2b8819662217a59fdcc238",,""
"C:\Users\ASUS\Desktop\SEGURA EP\BITSAC\.git\refs\codex\turn-diffs\checkpoints\2d6b7aed81dbdf964a44138442b30869ca3244de8cc8586b3861c58bdd512af3\4f308338b9d7af753fd6fb389814217c7a5002499aaa650050d2cc152916d29a",,""
"C:\Users\ASUS\Desktop\SEGURA EP\BITSAC\.git\refs\codex\turn-diffs\checkpoints\2d6b7aed81dbdf964a44138442b30869ca3244de8cc8586b3861c58bdd512af3\c5276c976f834a8a6a760272692a7bc2ece1529be952675e8992ae604b7c0660",,""
"C:\Users\ASUS\Desktop\SEGURA EP\BITSAC\.git\refs\codex\turn-diffs\checkpoints\2d6b7aed81dbdf964a44138442b30869ca3244de8cc8586b3861c58bdd512af3\49d571a4ebedd539b6486a1c7474028bfccc9efc6a2b8819662217a59fdcc238\1784446191565",,""
"C:\Users\ASUS\Desktop\SEGURA EP\BITSAC\.git\refs\codex\turn-diffs\checkpoints\2d6b7aed81dbdf964a44138442b30869ca3244de8cc8586b3861c58bdd512af3\4f308338b9d7af753fd6fb389814217c7a5002499aaa650050d2cc152916d29a\1784447383967",,""
"C:\Users\ASUS\Desktop\SEGURA EP\BITSAC\.git\refs\codex\turn-diffs\checkpoints\2d6b7aed81dbdf964a44138442b30869ca3244de8cc8586b3861c58bdd512af3\c5276c976f834a8a6a760272692a7bc2ece1529be952675e8992ae604b7c0660\1784447646137",,""
"C:\Users\ASUS\Desktop\SEGURA EP\BITSAC\.git\refs\codex\turn-diffs\checkpoints\481b3a8a669a672600695f0207595dfbea966eeac46b3cb3e1080fe96ed891e5\22cbff52a1789aaea7c594a969e2b38264b7bd3d2d7186f7bedb3b154af02f53",,""
"C:\Users\ASUS\Desktop\SEGURA EP\BITSAC\.git\refs\codex\turn-diffs\checkpoints\481b3a8a669a672600695f0207595dfbea966eeac46b3cb3e1080fe96ed891e5\868933d72304b4570f4535ad3515faf6373fbf6a66d7dba9104ea385f6e1448f",,""
"C:\Users\ASUS\Desktop\SEGURA EP\BITSAC\.git\refs\codex\turn-diffs\checkpoints\481b3a8a669a672600695f0207595dfbea966eeac46b3cb3e1080fe96ed891e5\22cbff52a1789aaea7c594a969e2b38264b7bd3d2d7186f7bedb3b154af02f53\1784077903573",,""
"C:\Users\ASUS\Desktop\SEGURA EP\BITSAC\.git\refs\codex\turn-diffs\checkpoints\481b3a8a669a672600695f0207595dfbea966eeac46b3cb3e1080fe96ed891e5\868933d72304b4570f4535ad3515faf6373fbf6a66d7dba9104ea385f6e1448f\1784081106960",,""
"C:\Users\ASUS\Desktop\SEGURA EP\BITSAC\.git\refs\codex\turn-diffs\checkpoints\550412aa40d2b12cfe53ad2b2fb17f3200b142effb5549c829276eda11aabbcd\3b7d037be0edc38312f2ed7bf8581ed82278d86b468310921e7c43fcb62172ed",,""
"C:\Users\ASUS\Desktop\SEGURA EP\BITSAC\.git\refs\codex\turn-diffs\checkpoints\550412aa40d2b12cfe53ad2b2fb17f3200b142effb5549c829276eda11aabbcd\4c49d13e8098b95646ca6d4cf544ae64a4ab3a7be1cd04bebbaee50f6f9530ce",,""
"C:\Users\ASUS\Desktop\SEGURA EP\BITSAC\.git\refs\codex\turn-diffs\checkpoints\550412aa40d2b12cfe53ad2b2fb17f3200b142effb5549c829276eda11aabbcd\a806b598f1b7d96b7f9fe70926b4823528921e3224f9475390328c9411adf24c",,""
"C:\Users\ASUS\Desktop\SEGURA EP\BITSAC\.git\refs\codex\turn-diffs\checkpoints\550412aa40d2b12cfe53ad2b2fb17f3200b142effb5549c829276eda11aabbcd\b0070a0154e2d2ec3a7715d169dc749dff222dc37628a420b16214d15b75ddc3",,""
"C:\Users\ASUS\Desktop\SEGURA EP\BITSAC\.git\refs\codex\turn-diffs\checkpoints\550412aa40d2b12cfe53ad2b2fb17f3200b142effb5549c829276eda11aabbcd\b1774755a5a7cfc066e7d5b8af53f5afb731f3e7e4aaf611864b2dbe6037f976",,""
"C:\Users\ASUS\Desktop\SEGURA EP\BITSAC\.git\refs\codex\turn-diffs\checkpoints\550412aa40d2b12cfe53ad2b2fb17f3200b142effb5549c829276eda11aabbcd\3b7d037be0edc38312f2ed7bf8581ed82278d86b468310921e7c43fcb62172ed\1784072516381",,""
"C:\Users\ASUS\Desktop\SEGURA EP\BITSAC\.git\refs\codex\turn-diffs\checkpoints\550412aa40d2b12cfe53ad2b2fb17f3200b142effb5549c829276eda11aabbcd\4c49d13e8098b95646ca6d4cf544ae64a4ab3a7be1cd04bebbaee50f6f9530ce\1784063532963",,""
"C:\Users\ASUS\Desktop\SEGURA EP\BITSAC\.git\refs\codex\turn-diffs\checkpoints\550412aa40d2b12cfe53ad2b2fb17f3200b142effb5549c829276eda11aabbcd\a806b598f1b7d96b7f9fe70926b4823528921e3224f9475390328c9411adf24c\1784072095308",,""
"C:\Users\ASUS\Desktop\SEGURA EP\BITSAC\.git\refs\codex\turn-diffs\checkpoints\550412aa40d2b12cfe53ad2b2fb17f3200b142effb5549c829276eda11aabbcd\b0070a0154e2d2ec3a7715d169dc749dff222dc37628a420b16214d15b75ddc3\1784072269554",,""
"C:\Users\ASUS\Desktop\SEGURA EP\BITSAC\.git\refs\codex\turn-diffs\checkpoints\550412aa40d2b12cfe53ad2b2fb17f3200b142effb5549c829276eda11aabbcd\b1774755a5a7cfc066e7d5b8af53f5afb731f3e7e4aaf611864b2dbe6037f976\1784066939807",,""
"C:\Users\ASUS\Desktop\SEGURA EP\BITSAC\.git\refs\codex\turn-diffs\checkpoints\74c0c78eede7b0ef830cfb78ba68d4181ea0901b22251de01bd98f1db835e17b\65d60ac909b54335dbdab3a976805e576d63850481bb9898182ea4138057fd41",,""
"C:\Users\ASUS\Desktop\SEGURA EP\BITSAC\.git\refs\codex\turn-diffs\checkpoints\74c0c78eede7b0ef830cfb78ba68d4181ea0901b22251de01bd98f1db835e17b\65d60ac909b54335dbdab3a976805e576d63850481bb9898182ea4138057fd41\1783987704907",,""
"C:\Users\ASUS\Desktop\SEGURA EP\BITSAC\.git\refs\codex\turn-diffs\checkpoints\77a90fab024613af521e6ea5d82ffa6200c9bd3809af66d49f860f85643d37b1\8dd3622e33a4b03c2009e90474e7bf84f3e32bddcbc84218fd4e96c73be283df",,""
"C:\Users\ASUS\Desktop\SEGURA EP\BITSAC\.git\refs\codex\turn-diffs\checkpoints\77a90fab024613af521e6ea5d82ffa6200c9bd3809af66d49f860f85643d37b1\8dd3622e33a4b03c2009e90474e7bf84f3e32bddcbc84218fd4e96c73be283df\1784073977687",,""
"C:\Users\ASUS\Desktop\SEGURA EP\BITSAC\.git\refs\codex\turn-diffs\checkpoints\80d4f3cd26ec43af46118ac04baeab80df380943f278dde7fb01e0730a35544b\3ac40621c390da269e0fa5fd3f088c8a6704c90b215aa187997c6ee689df611b",,""
"C:\Users\ASUS\Desktop\SEGURA EP\BITSAC\.git\refs\codex\turn-diffs\checkpoints\80d4f3cd26ec43af46118ac04baeab80df380943f278dde7fb01e0730a35544b\65f23f22d16ddf387014b3eeb8be130d482cb5d6762d73a20f4e4efa61e9563c",,""
"C:\Users\ASUS\Desktop\SEGURA EP\BITSAC\.git\refs\codex\turn-diffs\checkpoints\80d4f3cd26ec43af46118ac04baeab80df380943f278dde7fb01e0730a35544b\a313039113781e94915579fd98cf33e6ebf787d08db5b2f06272ac0e0ab1d9e3",,""
"C:\Users\ASUS\Desktop\SEGURA EP\BITSAC\.git\refs\codex\turn-diffs\checkpoints\80d4f3cd26ec43af46118ac04baeab80df380943f278dde7fb01e0730a35544b\ce904595df4a8533fe1e02ac00db8ef608df9323eacd7da33a029815f382be71",,""
"C:\Users\ASUS\Desktop\SEGURA EP\BITSAC\.git\refs\codex\turn-diffs\checkpoints\80d4f3cd26ec43af46118ac04baeab80df380943f278dde7fb01e0730a35544b\e6f3189b84934ce2993b3b0b8e64a2c9862bbc9b8b4b8cff5047040d8bf7c62c",,""
"C:\Users\ASUS\Desktop\SEGURA EP\BITSAC\.git\refs\codex\turn-diffs\checkpoints\80d4f3cd26ec43af46118ac04baeab80df380943f278dde7fb01e0730a35544b\ee1a17cc2aeb39071d98a0fdd9ac5d63a3864a7a6f9e82393bdda0a73397f50e",,""
"C:\Users\ASUS\Desktop\SEGURA EP\BITSAC\.git\refs\codex\turn-diffs\checkpoints\80d4f3cd26ec43af46118ac04baeab80df380943f278dde7fb01e0730a35544b\3ac40621c390da269e0fa5fd3f088c8a6704c90b215aa187997c6ee689df611b\1784078007976",,""
"C:\Users\ASUS\Desktop\SEGURA EP\BITSAC\.git\refs\codex\turn-diffs\checkpoints\80d4f3cd26ec43af46118ac04baeab80df380943f278dde7fb01e0730a35544b\65f23f22d16ddf387014b3eeb8be130d482cb5d6762d73a20f4e4efa61e9563c\1784082693177",,""
"C:\Users\ASUS\Desktop\SEGURA EP\BITSAC\.git\refs\codex\turn-diffs\checkpoints\80d4f3cd26ec43af46118ac04baeab80df380943f278dde7fb01e0730a35544b\a313039113781e94915579fd98cf33e6ebf787d08db5b2f06272ac0e0ab1d9e3\1784081439315",,""
"C:\Users\ASUS\Desktop\SEGURA EP\BITSAC\.git\refs\codex\turn-diffs\checkpoints\80d4f3cd26ec43af46118ac04baeab80df380943f278dde7fb01e0730a35544b\ce904595df4a8533fe1e02ac00db8ef608df9323eacd7da33a029815f382be71\1784081156358",,""
"C:\Users\ASUS\Desktop\SEGURA EP\BITSAC\.git\refs\codex\turn-diffs\checkpoints\80d4f3cd26ec43af46118ac04baeab80df380943f278dde7fb01e0730a35544b\e6f3189b84934ce2993b3b0b8e64a2c9862bbc9b8b4b8cff5047040d8bf7c62c\1784084751408",,""
"C:\Users\ASUS\Desktop\SEGURA EP\BITSAC\.git\refs\codex\turn-diffs\checkpoints\80d4f3cd26ec43af46118ac04baeab80df380943f278dde7fb01e0730a35544b\ee1a17cc2aeb39071d98a0fdd9ac5d63a3864a7a6f9e82393bdda0a73397f50e\1784081588876",,""
"C:\Users\ASUS\Desktop\SEGURA EP\BITSAC\.git\refs\codex\turn-diffs\checkpoints\958b76919989ea684069ae6c58b76da0ef353db09ebdd4b14dcd5f97db3d8350\14df9a99c8565ea509f1c5c0888f72462f80f2b690281a44f3ad394a2a81bba8",,""
"C:\Users\ASUS\Desktop\SEGURA EP\BITSAC\.git\refs\codex\turn-diffs\checkpoints\958b76919989ea684069ae6c58b76da0ef353db09ebdd4b14dcd5f97db3d8350\1ada266fa06ce0cfeab4b3d661e5c319897951d9c7c773964cd0f0385a9a40d0",,""
"C:\Users\ASUS\Desktop\SEGURA EP\BITSAC\.git\refs\codex\turn-diffs\checkpoints\958b76919989ea684069ae6c58b76da0ef353db09ebdd4b14dcd5f97db3d8350\2679f6146522b27abfab6c8a39825e5325c4da83d399655456a5f4357e8cc61f",,""
"C:\Users\ASUS\Desktop\SEGURA EP\BITSAC\.git\refs\codex\turn-diffs\checkpoints\958b76919989ea684069ae6c58b76da0ef353db09ebdd4b14dcd5f97db3d8350\291fd20b8dbde14f9bc45639bb65d604eff8600e146165267e6448a3cbe2f344",,""
"C:\Users\ASUS\Desktop\SEGURA EP\BITSAC\.git\refs\codex\turn-diffs\checkpoints\958b76919989ea684069ae6c58b76da0ef353db09ebdd4b14dcd5f97db3d8350\2d2dd52106da0c7d1faa637d7764c4fbaf2da48103b0ac563d70b8383c72ac70",,""
"C:\Users\ASUS\Desktop\SEGURA EP\BITSAC\.git\refs\codex\turn-diffs\checkpoints\958b76919989ea684069ae6c58b76da0ef353db09ebdd4b14dcd5f97db3d8350\32f700ed8b3f3d28ed9315624b084b5bab4bbb44eba3e287d4b72720e70eafcc",,""
"C:\Users\ASUS\Desktop\SEGURA EP\BITSAC\.git\refs\codex\turn-diffs\checkpoints\958b76919989ea684069ae6c58b76da0ef353db09ebdd4b14dcd5f97db3d8350\3d55c71de78a607154df9574f4ea6f23832c080c9ecb48bb3296193f432a62ec",,""
"C:\Users\ASUS\Desktop\SEGURA EP\BITSAC\.git\refs\codex\turn-diffs\checkpoints\958b76919989ea684069ae6c58b76da0ef353db09ebdd4b14dcd5f97db3d8350\4bcd968f10550c707d6519dc2665db9da08201ec3dccc63681f516604a7b3bf3",,""
"C:\Users\ASUS\Desktop\SEGURA EP\BITSAC\.git\refs\codex\turn-diffs\checkpoints\958b76919989ea684069ae6c58b76da0ef353db09ebdd4b14dcd5f97db3d8350\5d40cfcf9f141940326face130eeddd01cead3d4d369d8b2642d676bc8df3a63",,""
"C:\Users\ASUS\Desktop\SEGURA EP\BITSAC\.git\refs\codex\turn-diffs\checkpoints\958b76919989ea684069ae6c58b76da0ef353db09ebdd4b14dcd5f97db3d8350\62e21626454aa14f07857f3451212825fb914b06a2d5033c05b8e4ed6030b48b",,""
"C:\Users\ASUS\Desktop\SEGURA EP\BITSAC\.git\refs\codex\turn-diffs\checkpoints\958b76919989ea684069ae6c58b76da0ef353db09ebdd4b14dcd5f97db3d8350\648d648cf0f3a4d50da57a090369affa3480837f0130d5b6741c8a78483a3cc5",,""
"C:\Users\ASUS\Desktop\SEGURA EP\BITSAC\.git\refs\codex\turn-diffs\checkpoints\958b76919989ea684069ae6c58b76da0ef353db09ebdd4b14dcd5f97db3d8350\6a8316882301c392baefa90392c7fb109e50c6b0f8a4c6a6fc4085d4a04ebb69",,""
"C:\Users\ASUS\Desktop\SEGURA EP\BITSAC\.git\refs\codex\turn-diffs\checkpoints\958b76919989ea684069ae6c58b76da0ef353db09ebdd4b14dcd5f97db3d8350\8d4c48cd1f4e55f6b2616f69e89fc6b12326953c02d3674d8ed2c0623b435ef7",,""
"C:\Users\ASUS\Desktop\SEGURA EP\BITSAC\.git\refs\codex\turn-diffs\checkpoints\958b76919989ea684069ae6c58b76da0ef353db09ebdd4b14dcd5f97db3d8350\93269e362211fbeda0aeb11f6f80acee97213822729fca2150f63f30ab6782a1",,""
"C:\Users\ASUS\Desktop\SEGURA EP\BITSAC\.git\refs\codex\turn-diffs\checkpoints\958b76919989ea684069ae6c58b76da0ef353db09ebdd4b14dcd5f97db3d8350\a1c0788694b56356e5edba5f5f0632a00b8ad59aee4230b51886bec29d9110dd",,""
"C:\Users\ASUS\Desktop\SEGURA EP\BITSAC\.git\refs\codex\turn-diffs\checkpoints\958b76919989ea684069ae6c58b76da0ef353db09ebdd4b14dcd5f97db3d8350\aeed4c47a1a86c6fd100e22119dfd2b64cd105dc8498b94dbf3973de03fcdffc",,""
"C:\Users\ASUS\Desktop\SEGURA EP\BITSAC\.git\refs\codex\turn-diffs\checkpoints\958b76919989ea684069ae6c58b76da0ef353db09ebdd4b14dcd5f97db3d8350\d11ed3ef9ac144eb6a95067e94d40b753e32ba9d1fab8f3145b29d4fb93ecfa1",,""
"C:\Users\ASUS\Desktop\SEGURA EP\BITSAC\.git\refs\codex\turn-diffs\checkpoints\958b76919989ea684069ae6c58b76da0ef353db09ebdd4b14dcd5f97db3d8350\d5595096178059ed6188f7d6f296922125b8a904e5fd7667f2f0133edd6e329c",,""
"C:\Users\ASUS\Desktop\SEGURA EP\BITSAC\.git\refs\codex\turn-diffs\checkpoints\958b76919989ea684069ae6c58b76da0ef353db09ebdd4b14dcd5f97db3d8350\e007754fd78f5f44f8d161a2e7841b369aa4ac5caa4d200345aa066008f46f58",,""
"C:\Users\ASUS\Desktop\SEGURA EP\BITSAC\.git\refs\codex\turn-diffs\checkpoints\958b76919989ea684069ae6c58b76da0ef353db09ebdd4b14dcd5f97db3d8350\e8e7f144e60e6189067a187ef26086f8026b179ca8c949d2260838cc2f8f519c",,""
"C:\Users\ASUS\Desktop\SEGURA EP\BITSAC\.git\refs\codex\turn-diffs\checkpoints\958b76919989ea684069ae6c58b76da0ef353db09ebdd4b14dcd5f97db3d8350\f38c215a3aef3c883cf3bad85e0f58aa278ab8049afd31875adb5c1950f77511",,""
"C:\Users\ASUS\Desktop\SEGURA EP\BITSAC\.git\refs\codex\turn-diffs\checkpoints\958b76919989ea684069ae6c58b76da0ef353db09ebdd4b14dcd5f97db3d8350\f64677f4f3892b76cad9abaa06061276c9556ed7ac57371f559fdc855d7e0afd",,""
"C:\Users\ASUS\Desktop\SEGURA EP\BITSAC\.git\refs\codex\turn-diffs\checkpoints\958b76919989ea684069ae6c58b76da0ef353db09ebdd4b14dcd5f97db3d8350\f833143de66bc84d99856959a74f1499a9d35756dac3267254dc932b33c37bb2",,""
"C:\Users\ASUS\Desktop\SEGURA EP\BITSAC\.git\refs\codex\turn-diffs\checkpoints\958b76919989ea684069ae6c58b76da0ef353db09ebdd4b14dcd5f97db3d8350\fbc62f2008c9c8a3055cab70e9f0dce773618bbfede382cbaddf8680fb5243b1",,""
"C:\Users\ASUS\Desktop\SEGURA EP\BITSAC\.git\refs\codex\turn-diffs\checkpoints\958b76919989ea684069ae6c58b76da0ef353db09ebdd4b14dcd5f97db3d8350\14df9a99c8565ea509f1c5c0888f72462f80f2b690281a44f3ad394a2a81bba8\1786935024661",,""
"C:\Users\ASUS\Desktop\SEGURA EP\BITSAC\.git\refs\codex\turn-diffs\checkpoints\958b76919989ea684069ae6c58b76da0ef353db09ebdd4b14dcd5f97db3d8350\1ada266fa06ce0cfeab4b3d661e5c319897951d9c7c773964cd0f0385a9a40d0\1786856277172",,""
"C:\Users\ASUS\Desktop\SEGURA EP\BITSAC\.git\refs\codex\turn-diffs\checkpoints\958b76919989ea684069ae6c58b76da0ef353db09ebdd4b14dcd5f97db3d8350\2679f6146522b27abfab6c8a39825e5325c4da83d399655456a5f4357e8cc61f\1786319384000",,""
"C:\Users\ASUS\Desktop\SEGURA EP\BITSAC\.git\refs\codex\turn-diffs\checkpoints\958b76919989ea684069ae6c58b76da0ef353db09ebdd4b14dcd5f97db3d8350\291fd20b8dbde14f9bc45639bb65d604eff8600e146165267e6448a3cbe2f344\1786387855420",,""
"C:\Users\ASUS\Desktop\SEGURA EP\BITSAC\.git\refs\codex\turn-diffs\checkpoints\958b76919989ea684069ae6c58b76da0ef353db09ebdd4b14dcd5f97db3d8350\2d2dd52106da0c7d1faa637d7764c4fbaf2da48103b0ac563d70b8383c72ac70\1786483892213",,""
"C:\Users\ASUS\Desktop\SEGURA EP\BITSAC\.git\refs\codex\turn-diffs\checkpoints\958b76919989ea684069ae6c58b76da0ef353db09ebdd4b14dcd5f97db3d8350\32f700ed8b3f3d28ed9315624b084b5bab4bbb44eba3e287d4b72720e70eafcc\1786468673278",,""
"C:\Users\ASUS\Desktop\SEGURA EP\BITSAC\.git\refs\codex\turn-diffs\checkpoints\958b76919989ea684069ae6c58b76da0ef353db09ebdd4b14dcd5f97db3d8350\3d55c71de78a607154df9574f4ea6f23832c080c9ecb48bb3296193f432a62ec\1786397820229",,""
"C:\Users\ASUS\Desktop\SEGURA EP\BITSAC\.git\refs\codex\turn-diffs\checkpoints\958b76919989ea684069ae6c58b76da0ef353db09ebdd4b14dcd5f97db3d8350\4bcd968f10550c707d6519dc2665db9da08201ec3dccc63681f516604a7b3bf3\1786489225739",,""
"C:\Users\ASUS\Desktop\SEGURA EP\BITSAC\.git\refs\codex\turn-diffs\checkpoints\958b76919989ea684069ae6c58b76da0ef353db09ebdd4b14dcd5f97db3d8350\5d40cfcf9f141940326face130eeddd01cead3d4d369d8b2642d676bc8df3a63\1786495136960",,""
"C:\Users\ASUS\Desktop\SEGURA EP\BITSAC\.git\refs\codex\turn-diffs\checkpoints\958b76919989ea684069ae6c58b76da0ef353db09ebdd4b14dcd5f97db3d8350\62e21626454aa14f07857f3451212825fb914b06a2d5033c05b8e4ed6030b48b\1786317339686",,""
"C:\Users\ASUS\Desktop\SEGURA EP\BITSAC\.git\refs\codex\turn-diffs\checkpoints\958b76919989ea684069ae6c58b76da0ef353db09ebdd4b14dcd5f97db3d8350\648d648cf0f3a4d50da57a090369affa3480837f0130d5b6741c8a78483a3cc5\1786937897174",,""
"C:\Users\ASUS\Desktop\SEGURA EP\BITSAC\.git\refs\codex\turn-diffs\checkpoints\958b76919989ea684069ae6c58b76da0ef353db09ebdd4b14dcd5f97db3d8350\6a8316882301c392baefa90392c7fb109e50c6b0f8a4c6a6fc4085d4a04ebb69\1786854446224",,""
"C:\Users\ASUS\Desktop\SEGURA EP\BITSAC\.git\refs\codex\turn-diffs\checkpoints\958b76919989ea684069ae6c58b76da0ef353db09ebdd4b14dcd5f97db3d8350\8d4c48cd1f4e55f6b2616f69e89fc6b12326953c02d3674d8ed2c0623b435ef7\1786857578552",,""
"C:\Users\ASUS\Desktop\SEGURA EP\BITSAC\.git\refs\codex\turn-diffs\checkpoints\958b76919989ea684069ae6c58b76da0ef353db09ebdd4b14dcd5f97db3d8350\93269e362211fbeda0aeb11f6f80acee97213822729fca2150f63f30ab6782a1\1785868667264",,""
"C:\Users\ASUS\Desktop\SEGURA EP\BITSAC\.git\refs\codex\turn-diffs\checkpoints\958b76919989ea684069ae6c58b76da0ef353db09ebdd4b14dcd5f97db3d8350\a1c0788694b56356e5edba5f5f0632a00b8ad59aee4230b51886bec29d9110dd\1785805900887",,""
"C:\Users\ASUS\Desktop\SEGURA EP\BITSAC\.git\refs\codex\turn-diffs\checkpoints\958b76919989ea684069ae6c58b76da0ef353db09ebdd4b14dcd5f97db3d8350\aeed4c47a1a86c6fd100e22119dfd2b64cd105dc8498b94dbf3973de03fcdffc\1786493271285",,""
"C:\Users\ASUS\Desktop\SEGURA EP\BITSAC\.git\refs\codex\turn-diffs\checkpoints\958b76919989ea684069ae6c58b76da0ef353db09ebdd4b14dcd5f97db3d8350\d11ed3ef9ac144eb6a95067e94d40b753e32ba9d1fab8f3145b29d4fb93ecfa1\1786482598343",,""
"C:\Users\ASUS\Desktop\SEGURA EP\BITSAC\.git\refs\codex\turn-diffs\checkpoints\958b76919989ea684069ae6c58b76da0ef353db09ebdd4b14dcd5f97db3d8350\d5595096178059ed6188f7d6f296922125b8a904e5fd7667f2f0133edd6e329c\1786468068309",,""
"C:\Users\ASUS\Desktop\SEGURA EP\BITSAC\.git\refs\codex\turn-diffs\checkpoints\958b76919989ea684069ae6c58b76da0ef353db09ebdd4b14dcd5f97db3d8350\e007754fd78f5f44f8d161a2e7841b369aa4ac5caa4d200345aa066008f46f58\1786935872442",,""
"C:\Users\ASUS\Desktop\SEGURA EP\BITSAC\.git\refs\codex\turn-diffs\checkpoints\958b76919989ea684069ae6c58b76da0ef353db09ebdd4b14dcd5f97db3d8350\e8e7f144e60e6189067a187ef26086f8026b179ca8c949d2260838cc2f8f519c\1786941131101",,""
"C:\Users\ASUS\Desktop\SEGURA EP\BITSAC\.git\refs\codex\turn-diffs\checkpoints\958b76919989ea684069ae6c58b76da0ef353db09ebdd4b14dcd5f97db3d8350\f38c215a3aef3c883cf3bad85e0f58aa278ab8049afd31875adb5c1950f77511\1786935733270",,""
"C:\Users\ASUS\Desktop\SEGURA EP\BITSAC\.git\refs\codex\turn-diffs\checkpoints\958b76919989ea684069ae6c58b76da0ef353db09ebdd4b14dcd5f97db3d8350\f64677f4f3892b76cad9abaa06061276c9556ed7ac57371f559fdc855d7e0afd\1786487148598",,""
"C:\Users\ASUS\Desktop\SEGURA EP\BITSAC\.git\refs\codex\turn-diffs\checkpoints\958b76919989ea684069ae6c58b76da0ef353db09ebdd4b14dcd5f97db3d8350\f833143de66bc84d99856959a74f1499a9d35756dac3267254dc932b33c37bb2\1786938916638",,""
"C:\Users\ASUS\Desktop\SEGURA EP\BITSAC\.git\refs\codex\turn-diffs\checkpoints\958b76919989ea684069ae6c58b76da0ef353db09ebdd4b14dcd5f97db3d8350\fbc62f2008c9c8a3055cab70e9f0dce773618bbfede382cbaddf8680fb5243b1\1786318286635",,""
"C:\Users\ASUS\Desktop\SEGURA EP\BITSAC\.git\refs\codex\turn-diffs\checkpoints\a174faae0ff0503702e85dd85fa388d37becbd92f84fa1af44f2f31b99c29a16\2a9b9f3013bfa8a833d74e45646174643edb6aec7a2752aa178f7685425caeb0",,""
"C:\Users\ASUS\Desktop\SEGURA EP\BITSAC\.git\refs\codex\turn-diffs\checkpoints\a174faae0ff0503702e85dd85fa388d37becbd92f84fa1af44f2f31b99c29a16\3c5ef267d5a7f316023735dd79ed96b24b5a4764822d222c837e007f29f9b1d3",,""
"C:\Users\ASUS\Desktop\SEGURA EP\BITSAC\.git\refs\codex\turn-diffs\checkpoints\a174faae0ff0503702e85dd85fa388d37becbd92f84fa1af44f2f31b99c29a16\3ef3f75db8f237c7dae645c9673c9debde10e87fdbd714af5d6e5a74f4b02fbb",,""
"C:\Users\ASUS\Desktop\SEGURA EP\BITSAC\.git\refs\codex\turn-diffs\checkpoints\a174faae0ff0503702e85dd85fa388d37becbd92f84fa1af44f2f31b99c29a16\848cdd5d9290e87aa094723ef75b865a60f840510f04bb2d8529ddc89197d096",,""
"C:\Users\ASUS\Desktop\SEGURA EP\BITSAC\.git\refs\codex\turn-diffs\checkpoints\a174faae0ff0503702e85dd85fa388d37becbd92f84fa1af44f2f31b99c29a16\8eaea3ae8496a6c8538f4ff7eef559d6653419fad198ce9406df3def08908e1e",,""
"C:\Users\ASUS\Desktop\SEGURA EP\BITSAC\.git\refs\codex\turn-diffs\checkpoints\a174faae0ff0503702e85dd85fa388d37becbd92f84fa1af44f2f31b99c29a16\a3e68222cbaf264de3f041fe7bb238db87a6200621301a885526acafdbe0708c",,""
"C:\Users\ASUS\Desktop\SEGURA EP\BITSAC\.git\refs\codex\turn-diffs\checkpoints\a174faae0ff0503702e85dd85fa388d37becbd92f84fa1af44f2f31b99c29a16\2a9b9f3013bfa8a833d74e45646174643edb6aec7a2752aa178f7685425caeb0\1785797669845",,""
"C:\Users\ASUS\Desktop\SEGURA EP\BITSAC\.git\refs\codex\turn-diffs\checkpoints\a174faae0ff0503702e85dd85fa388d37becbd92f84fa1af44f2f31b99c29a16\3c5ef267d5a7f316023735dd79ed96b24b5a4764822d222c837e007f29f9b1d3\1785729472234",,""
"C:\Users\ASUS\Desktop\SEGURA EP\BITSAC\.git\refs\codex\turn-diffs\checkpoints\a174faae0ff0503702e85dd85fa388d37becbd92f84fa1af44f2f31b99c29a16\3ef3f75db8f237c7dae645c9673c9debde10e87fdbd714af5d6e5a74f4b02fbb\1785798501316",,""
"C:\Users\ASUS\Desktop\SEGURA EP\BITSAC\.git\refs\codex\turn-diffs\checkpoints\a174faae0ff0503702e85dd85fa388d37becbd92f84fa1af44f2f31b99c29a16\848cdd5d9290e87aa094723ef75b865a60f840510f04bb2d8529ddc89197d096\1785797123161",,""
"C:\Users\ASUS\Desktop\SEGURA EP\BITSAC\.git\refs\codex\turn-diffs\checkpoints\a174faae0ff0503702e85dd85fa388d37becbd92f84fa1af44f2f31b99c29a16\8eaea3ae8496a6c8538f4ff7eef559d6653419fad198ce9406df3def08908e1e\1785734420035",,""
"C:\Users\ASUS\Desktop\SEGURA EP\BITSAC\.git\refs\codex\turn-diffs\checkpoints\a174faae0ff0503702e85dd85fa388d37becbd92f84fa1af44f2f31b99c29a16\a3e68222cbaf264de3f041fe7bb238db87a6200621301a885526acafdbe0708c\1785728896332",,""
"C:\Users\ASUS\Desktop\SEGURA EP\BITSAC\.git\refs\codex\turn-diffs\checkpoints\b217bb54a0e10364644bb275b88bbe8847ab13a1b8ce35a9f0a5403107e6b442\0d84a352e67f35fe9492db5c1b5620f340d2259f8d44ef5c7e0bd03acb4438da",,""
"C:\Users\ASUS\Desktop\SEGURA EP\BITSAC\.git\refs\codex\turn-diffs\checkpoints\b217bb54a0e10364644bb275b88bbe8847ab13a1b8ce35a9f0a5403107e6b442\44db3258f071c6e9c993c40778e3adfcb917cc75b0226a9262197d1a6e6ea483",,""
"C:\Users\ASUS\Desktop\SEGURA EP\BITSAC\.git\refs\codex\turn-diffs\checkpoints\b217bb54a0e10364644bb275b88bbe8847ab13a1b8ce35a9f0a5403107e6b442\7d74ecfbee948e7112b7eefb058bfbc8074478f0c4fd69e2ad8c3b5061e1fb3d",,""
"C:\Users\ASUS\Desktop\SEGURA EP\BITSAC\.git\refs\codex\turn-diffs\checkpoints\b217bb54a0e10364644bb275b88bbe8847ab13a1b8ce35a9f0a5403107e6b442\899ef957b20078e5fe9dc52c310c23e308e821b1196cfeec5a6d535939451344",,""
"C:\Users\ASUS\Desktop\SEGURA EP\BITSAC\.git\refs\codex\turn-diffs\checkpoints\b217bb54a0e10364644bb275b88bbe8847ab13a1b8ce35a9f0a5403107e6b442\921cade24b3aae8db6d5d45a7920de8eb9018a9a33ffa09f066e1856fb7a462a",,""
"C:\Users\ASUS\Desktop\SEGURA EP\BITSAC\.git\refs\codex\turn-diffs\checkpoints\b217bb54a0e10364644bb275b88bbe8847ab13a1b8ce35a9f0a5403107e6b442\922934b47f670624daecbe0dc0baa84fc012e5845af72d00ee1e7a26d5b52d04",,""
"C:\Users\ASUS\Desktop\SEGURA EP\BITSAC\.git\refs\codex\turn-diffs\checkpoints\b217bb54a0e10364644bb275b88bbe8847ab13a1b8ce35a9f0a5403107e6b442\9f999c95bbb1ce7571ea116864250baf5ed2cc1c0d031215515ae724d2a5b68c",,""
"C:\Users\ASUS\Desktop\SEGURA EP\BITSAC\.git\refs\codex\turn-diffs\checkpoints\b217bb54a0e10364644bb275b88bbe8847ab13a1b8ce35a9f0a5403107e6b442\a65f8e73cbe41e0385122d8e5696c19ce36d929112eb1ad6d204d217ebc579e8",,""
"C:\Users\ASUS\Desktop\SEGURA EP\BITSAC\.git\refs\codex\turn-diffs\checkpoints\b217bb54a0e10364644bb275b88bbe8847ab13a1b8ce35a9f0a5403107e6b442\ab9997a7b296d19ca2c2246b0d497b04a17576b8fc01f237c6028c07140760ce",,""
"C:\Users\ASUS\Desktop\SEGURA EP\BITSAC\.git\refs\codex\turn-diffs\checkpoints\b217bb54a0e10364644bb275b88bbe8847ab13a1b8ce35a9f0a5403107e6b442\b27ed3aa875c9c3710d6b42566fb4ea995d8516f8f3efae54d9ec66cfab5f3a2",,""
"C:\Users\ASUS\Desktop\SEGURA EP\BITSAC\.git\refs\codex\turn-diffs\checkpoints\b217bb54a0e10364644bb275b88bbe8847ab13a1b8ce35a9f0a5403107e6b442\c77bf034249749812024c6783c880aaede48d754fd9966db482579e944df6a85",,""
"C:\Users\ASUS\Desktop\SEGURA EP\BITSAC\.git\refs\codex\turn-diffs\checkpoints\b217bb54a0e10364644bb275b88bbe8847ab13a1b8ce35a9f0a5403107e6b442\cd8beeb3ba46d62d90ed74516b171af6ff6f593d3ba8a5866c197f3d977a83e8",,""
"C:\Users\ASUS\Desktop\SEGURA EP\BITSAC\.git\refs\codex\turn-diffs\checkpoints\b217bb54a0e10364644bb275b88bbe8847ab13a1b8ce35a9f0a5403107e6b442\e28b0188baa1885172421b2c839e7cb3434b94812356f1b8f9efcbc82465cc9e",,""
"C:\Users\ASUS\Desktop\SEGURA EP\BITSAC\.git\refs\codex\turn-diffs\checkpoints\b217bb54a0e10364644bb275b88bbe8847ab13a1b8ce35a9f0a5403107e6b442\e6c3b515e1c219a506ec434335a22600d4e41a9846c23ca471b87d185e819b09",,""
"C:\Users\ASUS\Desktop\SEGURA EP\BITSAC\.git\refs\codex\turn-diffs\checkpoints\b217bb54a0e10364644bb275b88bbe8847ab13a1b8ce35a9f0a5403107e6b442\0d84a352e67f35fe9492db5c1b5620f340d2259f8d44ef5c7e0bd03acb4438da\1783834210739",,""
"C:\Users\ASUS\Desktop\SEGURA EP\BITSAC\.git\refs\codex\turn-diffs\checkpoints\b217bb54a0e10364644bb275b88bbe8847ab13a1b8ce35a9f0a5403107e6b442\44db3258f071c6e9c993c40778e3adfcb917cc75b0226a9262197d1a6e6ea483\1783908985384",,""
"C:\Users\ASUS\Desktop\SEGURA EP\BITSAC\.git\refs\codex\turn-diffs\checkpoints\b217bb54a0e10364644bb275b88bbe8847ab13a1b8ce35a9f0a5403107e6b442\7d74ecfbee948e7112b7eefb058bfbc8074478f0c4fd69e2ad8c3b5061e1fb3d\1783913451301",,""
"C:\Users\ASUS\Desktop\SEGURA EP\BITSAC\.git\refs\codex\turn-diffs\checkpoints\b217bb54a0e10364644bb275b88bbe8847ab13a1b8ce35a9f0a5403107e6b442\899ef957b20078e5fe9dc52c310c23e308e821b1196cfeec5a6d535939451344\1783915112609",,""
"C:\Users\ASUS\Desktop\SEGURA EP\BITSAC\.git\refs\codex\turn-diffs\checkpoints\b217bb54a0e10364644bb275b88bbe8847ab13a1b8ce35a9f0a5403107e6b442\921cade24b3aae8db6d5d45a7920de8eb9018a9a33ffa09f066e1856fb7a462a\1783907869686",,""
"C:\Users\ASUS\Desktop\SEGURA EP\BITSAC\.git\refs\codex\turn-diffs\checkpoints\b217bb54a0e10364644bb275b88bbe8847ab13a1b8ce35a9f0a5403107e6b442\922934b47f670624daecbe0dc0baa84fc012e5845af72d00ee1e7a26d5b52d04\1783916858612",,""
"C:\Users\ASUS\Desktop\SEGURA EP\BITSAC\.git\refs\codex\turn-diffs\checkpoints\b217bb54a0e10364644bb275b88bbe8847ab13a1b8ce35a9f0a5403107e6b442\9f999c95bbb1ce7571ea116864250baf5ed2cc1c0d031215515ae724d2a5b68c\1783835366721",,""
"C:\Users\ASUS\Desktop\SEGURA EP\BITSAC\.git\refs\codex\turn-diffs\checkpoints\b217bb54a0e10364644bb275b88bbe8847ab13a1b8ce35a9f0a5403107e6b442\a65f8e73cbe41e0385122d8e5696c19ce36d929112eb1ad6d204d217ebc579e8\1783909751761",,""
"C:\Users\ASUS\Desktop\SEGURA EP\BITSAC\.git\refs\codex\turn-diffs\checkpoints\b217bb54a0e10364644bb275b88bbe8847ab13a1b8ce35a9f0a5403107e6b442\ab9997a7b296d19ca2c2246b0d497b04a17576b8fc01f237c6028c07140760ce\1783921106623",,""
"C:\Users\ASUS\Desktop\SEGURA EP\BITSAC\.git\refs\codex\turn-diffs\checkpoints\b217bb54a0e10364644bb275b88bbe8847ab13a1b8ce35a9f0a5403107e6b442\b27ed3aa875c9c3710d6b42566fb4ea995d8516f8f3efae54d9ec66cfab5f3a2\1783911030417",,""
"C:\Users\ASUS\Desktop\SEGURA EP\BITSAC\.git\refs\codex\turn-diffs\checkpoints\b217bb54a0e10364644bb275b88bbe8847ab13a1b8ce35a9f0a5403107e6b442\c77bf034249749812024c6783c880aaede48d754fd9966db482579e944df6a85\1783912719209",,""
"C:\Users\ASUS\Desktop\SEGURA EP\BITSAC\.git\refs\codex\turn-diffs\checkpoints\b217bb54a0e10364644bb275b88bbe8847ab13a1b8ce35a9f0a5403107e6b442\cd8beeb3ba46d62d90ed74516b171af6ff6f593d3ba8a5866c197f3d977a83e8\1783916019988",,""
"C:\Users\ASUS\Desktop\SEGURA EP\BITSAC\.git\refs\codex\turn-diffs\checkpoints\b217bb54a0e10364644bb275b88bbe8847ab13a1b8ce35a9f0a5403107e6b442\e28b0188baa1885172421b2c839e7cb3434b94812356f1b8f9efcbc82465cc9e\1783835579840",,""
"C:\Users\ASUS\Desktop\SEGURA EP\BITSAC\.git\refs\codex\turn-diffs\checkpoints\b217bb54a0e10364644bb275b88bbe8847ab13a1b8ce35a9f0a5403107e6b442\e6c3b515e1c219a506ec434335a22600d4e41a9846c23ca471b87d185e819b09\1783911952715",,""
"C:\Users\ASUS\Desktop\SEGURA EP\BITSAC\.git\refs\codex\turn-diffs\checkpoints\d4b5083c02acff77dd617059c5e142986c5930f8acfac7d68bc2cceb525a6d38\4d8aab6dd8c6eb33ad98c427b92259a12a0d41a5ea1f6956478e94ebbc7929b7",,""
"C:\Users\ASUS\Desktop\SEGURA EP\BITSAC\.git\refs\codex\turn-diffs\checkpoints\d4b5083c02acff77dd617059c5e142986c5930f8acfac7d68bc2cceb525a6d38\5218afc197b870fb23042fefb480cd673488adc71a47d95f2d74ef2914ad6087",,""
"C:\Users\ASUS\Desktop\SEGURA EP\BITSAC\.git\refs\codex\turn-diffs\checkpoints\d4b5083c02acff77dd617059c5e142986c5930f8acfac7d68bc2cceb525a6d38\7b340910bd8f7d5b62d4d206d23983e158951340d7235a43f1f0d7ccb880c04b",,""
"C:\Users\ASUS\Desktop\SEGURA EP\BITSAC\.git\refs\codex\turn-diffs\checkpoints\d4b5083c02acff77dd617059c5e142986c5930f8acfac7d68bc2cceb525a6d38\a7c70924aa9f942bb39f0eb5d97c044d5eef2651cc967fe8e77ac3f3fd5e9bbd",,""
"C:\Users\ASUS\Desktop\SEGURA EP\BITSAC\.git\refs\codex\turn-diffs\checkpoints\d4b5083c02acff77dd617059c5e142986c5930f8acfac7d68bc2cceb525a6d38\4d8aab6dd8c6eb33ad98c427b92259a12a0d41a5ea1f6956478e94ebbc7929b7\1786426815522",,""
"C:\Users\ASUS\Desktop\SEGURA EP\BITSAC\.git\refs\codex\turn-diffs\checkpoints\d4b5083c02acff77dd617059c5e142986c5930f8acfac7d68bc2cceb525a6d38\5218afc197b870fb23042fefb480cd673488adc71a47d95f2d74ef2914ad6087\1786423522564",,""
"C:\Users\ASUS\Desktop\SEGURA EP\BITSAC\.git\refs\codex\turn-diffs\checkpoints\d4b5083c02acff77dd617059c5e142986c5930f8acfac7d68bc2cceb525a6d38\7b340910bd8f7d5b62d4d206d23983e158951340d7235a43f1f0d7ccb880c04b\1786423977699",,""
"C:\Users\ASUS\Desktop\SEGURA EP\BITSAC\.git\refs\codex\turn-diffs\checkpoints\d4b5083c02acff77dd617059c5e142986c5930f8acfac7d68bc2cceb525a6d38\a7c70924aa9f942bb39f0eb5d97c044d5eef2651cc967fe8e77ac3f3fd5e9bbd\1786416410403",,""
"C:\Users\ASUS\Desktop\SEGURA EP\BITSAC\.git\refs\codex\turn-diffs\checkpoints\d7c56975e1c44a0b3304e8d405619a89ebbf981fc2dc763e904e414879cb95b1\0db732c923286d9744ef877f2f7fe5059a99eefa3b7fb49cb85a955e3ff4b68c",,""
"C:\Users\ASUS\Desktop\SEGURA EP\BITSAC\.git\refs\codex\turn-diffs\checkpoints\d7c56975e1c44a0b3304e8d405619a89ebbf981fc2dc763e904e414879cb95b1\19a9d6010d5619f016b5fd8db55405be6e0e39010f2e5030a4f4a0f92193b8ea",,""
"C:\Users\ASUS\Desktop\SEGURA EP\BITSAC\.git\refs\codex\turn-diffs\checkpoints\d7c56975e1c44a0b3304e8d405619a89ebbf981fc2dc763e904e414879cb95b1\1d6fdb9fa9ecfb1ade5cd723dd29cbb2555813e5be6e9371d938b7845ec00da0",,""
"C:\Users\ASUS\Desktop\SEGURA EP\BITSAC\.git\refs\codex\turn-diffs\checkpoints\d7c56975e1c44a0b3304e8d405619a89ebbf981fc2dc763e904e414879cb95b1\6652f6ed0c94069d1b993ae4318e935399292f87219be06b40e24035e32edac1",,""
"C:\Users\ASUS\Desktop\SEGURA EP\BITSAC\.git\refs\codex\turn-diffs\checkpoints\d7c56975e1c44a0b3304e8d405619a89ebbf981fc2dc763e904e414879cb95b1\8f678f9404ca1d71c3864600b3975e09675ec68e26f27d69b9adae165578bbf1",,""
"C:\Users\ASUS\Desktop\SEGURA EP\BITSAC\.git\refs\codex\turn-diffs\checkpoints\d7c56975e1c44a0b3304e8d405619a89ebbf981fc2dc763e904e414879cb95b1\982cf0c420708c40c5b7850f61f3305004b4082a988081bb6cd85afb1a9cbc21",,""
"C:\Users\ASUS\Desktop\SEGURA EP\BITSAC\.git\refs\codex\turn-diffs\checkpoints\d7c56975e1c44a0b3304e8d405619a89ebbf981fc2dc763e904e414879cb95b1\d351618525ac94fa7f32d4786ebadb6854e8391537d5fb3609c4f9a50173bffc",,""
"C:\Users\ASUS\Desktop\SEGURA EP\BITSAC\.git\refs\codex\turn-diffs\checkpoints\d7c56975e1c44a0b3304e8d405619a89ebbf981fc2dc763e904e414879cb95b1\d615294e6445763b31e0bc79e35c85a037b60c020f7119ef7d71d36708c80cbb",,""
"C:\Users\ASUS\Desktop\SEGURA EP\BITSAC\.git\refs\codex\turn-diffs\checkpoints\d7c56975e1c44a0b3304e8d405619a89ebbf981fc2dc763e904e414879cb95b1\ed5a4fd2cb66bdddd64653869f250d43003921ed54287cb03e94bddeb56cc2e0",,""
"C:\Users\ASUS\Desktop\SEGURA EP\BITSAC\.git\refs\codex\turn-diffs\checkpoints\d7c56975e1c44a0b3304e8d405619a89ebbf981fc2dc763e904e414879cb95b1\0db732c923286d9744ef877f2f7fe5059a99eefa3b7fb49cb85a955e3ff4b68c\1784008462952",,""
"C:\Users\ASUS\Desktop\SEGURA EP\BITSAC\.git\refs\codex\turn-diffs\checkpoints\d7c56975e1c44a0b3304e8d405619a89ebbf981fc2dc763e904e414879cb95b1\19a9d6010d5619f016b5fd8db55405be6e0e39010f2e5030a4f4a0f92193b8ea\1784006979644",,""
"C:\Users\ASUS\Desktop\SEGURA EP\BITSAC\.git\refs\codex\turn-diffs\checkpoints\d7c56975e1c44a0b3304e8d405619a89ebbf981fc2dc763e904e414879cb95b1\1d6fdb9fa9ecfb1ade5cd723dd29cbb2555813e5be6e9371d938b7845ec00da0\1784010579134",,""
"C:\Users\ASUS\Desktop\SEGURA EP\BITSAC\.git\refs\codex\turn-diffs\checkpoints\d7c56975e1c44a0b3304e8d405619a89ebbf981fc2dc763e904e414879cb95b1\6652f6ed0c94069d1b993ae4318e935399292f87219be06b40e24035e32edac1\1783921448384",,""
"C:\Users\ASUS\Desktop\SEGURA EP\BITSAC\.git\refs\codex\turn-diffs\checkpoints\d7c56975e1c44a0b3304e8d405619a89ebbf981fc2dc763e904e414879cb95b1\8f678f9404ca1d71c3864600b3975e09675ec68e26f27d69b9adae165578bbf1\1783988710208",,""
"C:\Users\ASUS\Desktop\SEGURA EP\BITSAC\.git\refs\codex\turn-diffs\checkpoints\d7c56975e1c44a0b3304e8d405619a89ebbf981fc2dc763e904e414879cb95b1\982cf0c420708c40c5b7850f61f3305004b4082a988081bb6cd85afb1a9cbc21\1783994904732",,""
"C:\Users\ASUS\Desktop\SEGURA EP\BITSAC\.git\refs\codex\turn-diffs\checkpoints\d7c56975e1c44a0b3304e8d405619a89ebbf981fc2dc763e904e414879cb95b1\d351618525ac94fa7f32d4786ebadb6854e8391537d5fb3609c4f9a50173bffc\1784010453133",,""
"C:\Users\ASUS\Desktop\SEGURA EP\BITSAC\.git\refs\codex\turn-diffs\checkpoints\d7c56975e1c44a0b3304e8d405619a89ebbf981fc2dc763e904e414879cb95b1\d615294e6445763b31e0bc79e35c85a037b60c020f7119ef7d71d36708c80cbb\1784010687950",,""
"C:\Users\ASUS\Desktop\SEGURA EP\BITSAC\.git\refs\codex\turn-diffs\checkpoints\d7c56975e1c44a0b3304e8d405619a89ebbf981fc2dc763e904e414879cb95b1\ed5a4fd2cb66bdddd64653869f250d43003921ed54287cb03e94bddeb56cc2e0\1783991227230",,""
"C:\Users\ASUS\Desktop\SEGURA EP\BITSAC\.git\refs\codex\turn-diffs\checkpoints\df6cfd3cff7c8cb491c79d4ad56e9fefc4aafc1f11ba18763884f2f57ed39b27\1290c685ab77dc0e1813bccd0ca12c1004ddbfb52935b06fda3ee733605c5b7f",,""
"C:\Users\ASUS\Desktop\SEGURA EP\BITSAC\.git\refs\codex\turn-diffs\checkpoints\df6cfd3cff7c8cb491c79d4ad56e9fefc4aafc1f11ba18763884f2f57ed39b27\63f4fc2419d741185852e55001cda7ebd0db5270df928ff2d05b4ca7ca2557a4",,""
"C:\Users\ASUS\Desktop\SEGURA EP\BITSAC\.git\refs\codex\turn-diffs\checkpoints\df6cfd3cff7c8cb491c79d4ad56e9fefc4aafc1f11ba18763884f2f57ed39b27\66d9f00eafd61e6676e3c45b3f7900a31a99e09ae6776464220dddcc228f2b26",,""
"C:\Users\ASUS\Desktop\SEGURA EP\BITSAC\.git\refs\codex\turn-diffs\checkpoints\df6cfd3cff7c8cb491c79d4ad56e9fefc4aafc1f11ba18763884f2f57ed39b27\1290c685ab77dc0e1813bccd0ca12c1004ddbfb52935b06fda3ee733605c5b7f\1785338589240",,""
"C:\Users\ASUS\Desktop\SEGURA EP\BITSAC\.git\refs\codex\turn-diffs\checkpoints\df6cfd3cff7c8cb491c79d4ad56e9fefc4aafc1f11ba18763884f2f57ed39b27\63f4fc2419d741185852e55001cda7ebd0db5270df928ff2d05b4ca7ca2557a4\1785309540385",,""
"C:\Users\ASUS\Desktop\SEGURA EP\BITSAC\.git\refs\codex\turn-diffs\checkpoints\df6cfd3cff7c8cb491c79d4ad56e9fefc4aafc1f11ba18763884f2f57ed39b27\66d9f00eafd61e6676e3c45b3f7900a31a99e09ae6776464220dddcc228f2b26\1785310313259",,""
"C:\Users\ASUS\Desktop\SEGURA EP\BITSAC\.git\refs\codex\turn-diffs\checkpoints\e2e5344a114a39e4fe104e0fd8b06ee6fea4db47396b5f074546400bbe643e62\099cb96fdf714891c038d4ce8ae9ca772fee1e71a3704c0fba6c6c21d0cfc4ee",,""
"C:\Users\ASUS\Desktop\SEGURA EP\BITSAC\.git\refs\codex\turn-diffs\checkpoints\e2e5344a114a39e4fe104e0fd8b06ee6fea4db47396b5f074546400bbe643e62\1f01de6d1c48d4868f289bc9ba9cfda0f5d362aa0ddf9459e05474fb5ea7ded6",,""
"C:\Users\ASUS\Desktop\SEGURA EP\BITSAC\.git\refs\codex\turn-diffs\checkpoints\e2e5344a114a39e4fe104e0fd8b06ee6fea4db47396b5f074546400bbe643e62\8338cb3b5af51ff58253207937190927c8d7018bbcbd15c32e9530edb92f7c04",,""
"C:\Users\ASUS\Desktop\SEGURA EP\BITSAC\.git\refs\codex\turn-diffs\checkpoints\e2e5344a114a39e4fe104e0fd8b06ee6fea4db47396b5f074546400bbe643e62\a89721d40041ec71d417b5a68e093ad028e83ec1ffe187044930d66670baad0b",,""
"C:\Users\ASUS\Desktop\SEGURA EP\BITSAC\.git\refs\codex\turn-diffs\checkpoints\e2e5344a114a39e4fe104e0fd8b06ee6fea4db47396b5f074546400bbe643e62\099cb96fdf714891c038d4ce8ae9ca772fee1e71a3704c0fba6c6c21d0cfc4ee\1784006430428",,""
"C:\Users\ASUS\Desktop\SEGURA EP\BITSAC\.git\refs\codex\turn-diffs\checkpoints\e2e5344a114a39e4fe104e0fd8b06ee6fea4db47396b5f074546400bbe643e62\1f01de6d1c48d4868f289bc9ba9cfda0f5d362aa0ddf9459e05474fb5ea7ded6\1783999533925",,""
"C:\Users\ASUS\Desktop\SEGURA EP\BITSAC\.git\refs\codex\turn-diffs\checkpoints\e2e5344a114a39e4fe104e0fd8b06ee6fea4db47396b5f074546400bbe643e62\8338cb3b5af51ff58253207937190927c8d7018bbcbd15c32e9530edb92f7c04\1784005204408",,""
"C:\Users\ASUS\Desktop\SEGURA EP\BITSAC\.git\refs\codex\turn-diffs\checkpoints\e2e5344a114a39e4fe104e0fd8b06ee6fea4db47396b5f074546400bbe643e62\a89721d40041ec71d417b5a68e093ad028e83ec1ffe187044930d66670baad0b\1784005051404",,""
"C:\Users\ASUS\Desktop\SEGURA EP\BITSAC\.git\refs\codex\turn-diffs\checkpoints\ec3648503798f7a6951bf7826b6e6647eec5f4863f145e77280b3fd595f45eed\e215db649c07fb5296054f572388344269c7a28072ad4cf0ee383e6072a6d79b",,""
"C:\Users\ASUS\Desktop\SEGURA EP\BITSAC\.git\refs\codex\turn-diffs\checkpoints\ec3648503798f7a6951bf7826b6e6647eec5f4863f145e77280b3fd595f45eed\e215db649c07fb5296054f572388344269c7a28072ad4cf0ee383e6072a6d79b\1784448915650",,""
"C:\Users\ASUS\Desktop\SEGURA EP\BITSAC\.git\refs\codex\turn-diffs\checkpoints\fd4129cbb982a30067b7eb001aa9e6d9684f1a032dfdb7fb824e85b77a3f25c1\2e8ff8d415cdfab08090d3c75078a5eb7a4b705a2379e111b5c375daa1ad0835",,""
"C:\Users\ASUS\Desktop\SEGURA EP\BITSAC\.git\refs\codex\turn-diffs\checkpoints\fd4129cbb982a30067b7eb001aa9e6d9684f1a032dfdb7fb824e85b77a3f25c1\4316063bfa7317f9162fced8f72a00c0ec7f70baafd9f400c2056e0bf52d840c",,""
"C:\Users\ASUS\Desktop\SEGURA EP\BITSAC\.git\refs\codex\turn-diffs\checkpoints\fd4129cbb982a30067b7eb001aa9e6d9684f1a032dfdb7fb824e85b77a3f25c1\6f438783770dfa480345e026afe94cc79f030e163df8806b62bbfb9e737d28cd",,""
"C:\Users\ASUS\Desktop\SEGURA EP\BITSAC\.git\refs\codex\turn-diffs\checkpoints\fd4129cbb982a30067b7eb001aa9e6d9684f1a032dfdb7fb824e85b77a3f25c1\9f54b09b96a6d0435c7e18fe8cc1bd7735e207d2a853c4eda50dccacdcb2f5a5",,""
"C:\Users\ASUS\Desktop\SEGURA EP\BITSAC\.git\refs\codex\turn-diffs\checkpoints\fd4129cbb982a30067b7eb001aa9e6d9684f1a032dfdb7fb824e85b77a3f25c1\2e8ff8d415cdfab08090d3c75078a5eb7a4b705a2379e111b5c375daa1ad0835\1784478081586",,""
"C:\Users\ASUS\Desktop\SEGURA EP\BITSAC\.git\refs\codex\turn-diffs\checkpoints\fd4129cbb982a30067b7eb001aa9e6d9684f1a032dfdb7fb824e85b77a3f25c1\4316063bfa7317f9162fced8f72a00c0ec7f70baafd9f400c2056e0bf52d840c\1784478574311",,""
"C:\Users\ASUS\Desktop\SEGURA EP\BITSAC\.git\refs\codex\turn-diffs\checkpoints\fd4129cbb982a30067b7eb001aa9e6d9684f1a032dfdb7fb824e85b77a3f25c1\6f438783770dfa480345e026afe94cc79f030e163df8806b62bbfb9e737d28cd\1784477291756",,""
"C:\Users\ASUS\Desktop\SEGURA EP\BITSAC\.git\refs\codex\turn-diffs\checkpoints\fd4129cbb982a30067b7eb001aa9e6d9684f1a032dfdb7fb824e85b77a3f25c1\9f54b09b96a6d0435c7e18fe8cc1bd7735e207d2a853c4eda50dccacdcb2f5a5\1784477795955",,""
"C:\Users\ASUS\Desktop\SEGURA EP\BITSAC\.git\refs\heads\main","41",""
"C:\Users\ASUS\Desktop\SEGURA EP\BITSAC\.git\refs\remotes\origin",,""
"C:\Users\ASUS\Desktop\SEGURA EP\BITSAC\.git\refs\remotes\origin\cleanup",,""
"C:\Users\ASUS\Desktop\SEGURA EP\BITSAC\.git\refs\remotes\origin\HEAD","30",""
"C:\Users\ASUS\Desktop\SEGURA EP\BITSAC\.git\refs\remotes\origin\main","41",""
"C:\Users\ASUS\Desktop\SEGURA EP\BITSAC\.git\refs\remotes\origin\cleanup\system-optimization","41",""
"C:\Users\ASUS\Desktop\SEGURA EP\BITSAC\.git\refs\tags\v1.0.0-pre-auditoria","41",".0-pre-auditoria"
"C:\Users\ASUS\Desktop\SEGURA EP\BITSAC\.idea\caches",,""
"C:\Users\ASUS\Desktop\SEGURA EP\BITSAC\.idea\.gitignore","50",".gitignore"
"C:\Users\ASUS\Desktop\SEGURA EP\BITSAC\.idea\BITSAC.iml","344",".iml"
"C:\Users\ASUS\Desktop\SEGURA EP\BITSAC\.idea\deviceManager.xml","363",".xml"
"C:\Users\ASUS\Desktop\SEGURA EP\BITSAC\.idea\markdown.xml","314",".xml"
"C:\Users\ASUS\Desktop\SEGURA EP\BITSAC\.idea\misc.xml","189",".xml"
"C:\Users\ASUS\Desktop\SEGURA EP\BITSAC\.idea\modules.xml","271",".xml"
"C:\Users\ASUS\Desktop\SEGURA EP\BITSAC\.idea\vcs.xml","172",".xml"
"C:\Users\ASUS\Desktop\SEGURA EP\BITSAC\.idea\workspace.xml","2286",".xml"
"C:\Users\ASUS\Desktop\SEGURA EP\BITSAC\.idea\caches\deviceStreaming.xml","101656",".xml"
"C:\Users\ASUS\Desktop\SEGURA EP\BITSAC\.venv\Include",,""
"C:\Users\ASUS\Desktop\SEGURA EP\BITSAC\.venv\Lib",,""
"C:\Users\ASUS\Desktop\SEGURA EP\BITSAC\.venv\Scripts",,""
"C:\Users\ASUS\Desktop\SEGURA EP\BITSAC\.venv\.gitignore","71",".gitignore"
"C:\Users\ASUS\Desktop\SEGURA EP\BITSAC\.venv\pyvenv.cfg","468",".cfg"
"C:\Users\ASUS\Desktop\SEGURA EP\BITSAC\.venv\Lib\site-packages",,""
"C:\Users\ASUS\Desktop\SEGURA EP\BITSAC\.venv\Lib\site-packages\annotated_types",,""
"C:\Users\ASUS\Desktop\SEGURA EP\BITSAC\.venv\Lib\site-packages\annotated_types-0.8.0.dist-info",,".dist-info"
"C:\Users\ASUS\Desktop\SEGURA EP\BITSAC\.venv\Lib\site-packages\anyio",,""
"C:\Users\ASUS\Desktop\SEGURA EP\BITSAC\.venv\Lib\site-packages\anyio-4.14.2.dist-info",,".dist-info"
"C:\Users\ASUS\Desktop\SEGURA EP\BITSAC\.venv\Lib\site-packages\bcrypt",,""
"C:\Users\ASUS\Desktop\SEGURA EP\BITSAC\.venv\Lib\site-packages\bcrypt-5.0.0.dist-info",,".dist-info"
"C:\Users\ASUS\Desktop\SEGURA EP\BITSAC\.venv\Lib\site-packages\cffi",,""
"C:\Users\ASUS\Desktop\SEGURA EP\BITSAC\.venv\Lib\site-packages\cffi-2.1.1.dist-info",,".dist-info"
"C:\Users\ASUS\Desktop\SEGURA EP\BITSAC\.venv\Lib\site-packages\click",,""
"C:\Users\ASUS\Desktop\SEGURA EP\BITSAC\.venv\Lib\site-packages\click-8.4.2.dist-info",,".dist-info"
"C:\Users\ASUS\Desktop\SEGURA EP\BITSAC\.venv\Lib\site-packages\colorama",,""
"C:\Users\ASUS\Desktop\SEGURA EP\BITSAC\.venv\Lib\site-packages\colorama-0.4.6.dist-info",,".dist-info"
"C:\Users\ASUS\Desktop\SEGURA EP\BITSAC\.venv\Lib\site-packages\cryptography",,""
"C:\Users\ASUS\Desktop\SEGURA EP\BITSAC\.venv\Lib\site-packages\cryptography-50.0.0.dist-info",,".dist-info"
"C:\Users\ASUS\Desktop\SEGURA EP\BITSAC\.venv\Lib\site-packages\dns",,""
"C:\Users\ASUS\Desktop\SEGURA EP\BITSAC\.venv\Lib\site-packages\dnspython-2.8.0.dist-info",,".dist-info"
"C:\Users\ASUS\Desktop\SEGURA EP\BITSAC\.venv\Lib\site-packages\dotenv",,""
"C:\Users\ASUS\Desktop\SEGURA EP\BITSAC\.venv\Lib\site-packages\ecdsa",,""
"C:\Users\ASUS\Desktop\SEGURA EP\BITSAC\.venv\Lib\site-packages\ecdsa-0.19.2.dist-info",,".dist-info"
"C:\Users\ASUS\Desktop\SEGURA EP\BITSAC\.venv\Lib\site-packages\email_validator",,""
"C:\Users\ASUS\Desktop\SEGURA EP\BITSAC\.venv\Lib\site-packages\email_validator-2.2.0.dist-info",,".dist-info"
"C:\Users\ASUS\Desktop\SEGURA EP\BITSAC\.venv\Lib\site-packages\fastapi",,""
"C:\Users\ASUS\Desktop\SEGURA EP\BITSAC\.venv\Lib\site-packages\fastapi-0.115.6.dist-info",,".dist-info"
"C:\Users\ASUS\Desktop\SEGURA EP\BITSAC\.venv\Lib\site-packages\h11",,""
"C:\Users\ASUS\Desktop\SEGURA EP\BITSAC\.venv\Lib\site-packages\h11-0.16.0.dist-info",,".dist-info"
"C:\Users\ASUS\Desktop\SEGURA EP\BITSAC\.venv\Lib\site-packages\httptools",,""
"C:\Users\ASUS\Desktop\SEGURA EP\BITSAC\.venv\Lib\site-packages\httptools-0.8.0.dist-info",,".dist-info"
"C:\Users\ASUS\Desktop\SEGURA EP\BITSAC\.venv\Lib\site-packages\idna",,""
"C:\Users\ASUS\Desktop\SEGURA EP\BITSAC\.venv\Lib\site-packages\idna-3.18.dist-info",,".dist-info"
"C:\Users\ASUS\Desktop\SEGURA EP\BITSAC\.venv\Lib\site-packages\jose",,""
"C:\Users\ASUS\Desktop\SEGURA EP\BITSAC\.venv\Lib\site-packages\passlib",,""
"C:\Users\ASUS\Desktop\SEGURA EP\BITSAC\.venv\Lib\site-packages\passlib-1.7.4.dist-info",,".dist-info"
"C:\Users\ASUS\Desktop\SEGURA EP\BITSAC\.venv\Lib\site-packages\pip",,""
"C:\Users\ASUS\Desktop\SEGURA EP\BITSAC\.venv\Lib\site-packages\pip-26.1.2.dist-info",,".dist-info"
"C:\Users\ASUS\Desktop\SEGURA EP\BITSAC\.venv\Lib\site-packages\pyasn1",,""
"C:\Users\ASUS\Desktop\SEGURA EP\BITSAC\.venv\Lib\site-packages\pyasn1-0.6.4.dist-info",,".dist-info"
"C:\Users\ASUS\Desktop\SEGURA EP\BITSAC\.venv\Lib\site-packages\pycparser",,""
"C:\Users\ASUS\Desktop\SEGURA EP\BITSAC\.venv\Lib\site-packages\pycparser-3.0.dist-info",,".dist-info"
"C:\Users\ASUS\Desktop\SEGURA EP\BITSAC\.venv\Lib\site-packages\pydantic",,""
"C:\Users\ASUS\Desktop\SEGURA EP\BITSAC\.venv\Lib\site-packages\pydantic-2.13.4.dist-info",,".dist-info"
"C:\Users\ASUS\Desktop\SEGURA EP\BITSAC\.venv\Lib\site-packages\pydantic_core",,""
"C:\Users\ASUS\Desktop\SEGURA EP\BITSAC\.venv\Lib\site-packages\pydantic_core-2.46.4.dist-info",,".dist-info"
"C:\Users\ASUS\Desktop\SEGURA EP\BITSAC\.venv\Lib\site-packages\pydantic_settings",,""
"C:\Users\ASUS\Desktop\SEGURA EP\BITSAC\.venv\Lib\site-packages\pydantic_settings-2.7.1.dist-info",,".dist-info"
"C:\Users\ASUS\Desktop\SEGURA EP\BITSAC\.venv\Lib\site-packages\pyodbc-5.2.0.dist-info",,".dist-info"
"C:\Users\ASUS\Desktop\SEGURA EP\BITSAC\.venv\Lib\site-packages\python_dotenv-1.0.1.dist-info",,".dist-info"
"C:\Users\ASUS\Desktop\SEGURA EP\BITSAC\.venv\Lib\site-packages\python_jose-3.3.0.dist-info",,".dist-info"
"C:\Users\ASUS\Desktop\SEGURA EP\BITSAC\.venv\Lib\site-packages\pyyaml-6.0.3.dist-info",,".dist-info"
"C:\Users\ASUS\Desktop\SEGURA EP\BITSAC\.venv\Lib\site-packages\rsa",,""
"C:\Users\ASUS\Desktop\SEGURA EP\BITSAC\.venv\Lib\site-packages\rsa-4.9.1.dist-info",,".dist-info"
"C:\Users\ASUS\Desktop\SEGURA EP\BITSAC\.venv\Lib\site-packages\six-1.17.0.dist-info",,".dist-info"
"C:\Users\ASUS\Desktop\SEGURA EP\BITSAC\.venv\Lib\site-packages\starlette",,""
"C:\Users\ASUS\Desktop\SEGURA EP\BITSAC\.venv\Lib\site-packages\starlette-0.41.3.dist-info",,".dist-info"
"C:\Users\ASUS\Desktop\SEGURA EP\BITSAC\.venv\Lib\site-packages\typing_extensions-4.16.0.dist-info",,".dist-info"
"C:\Users\ASUS\Desktop\SEGURA EP\BITSAC\.venv\Lib\site-packages\typing_inspection",,""
"C:\Users\ASUS\Desktop\SEGURA EP\BITSAC\.venv\Lib\site-packages\typing_inspection-0.4.2.dist-info",,".dist-info"
"C:\Users\ASUS\Desktop\SEGURA EP\BITSAC\.venv\Lib\site-packages\uvicorn",,""
"C:\Users\ASUS\Desktop\SEGURA EP\BITSAC\.venv\Lib\site-packages\uvicorn-0.34.0.dist-info",,".dist-info"
"C:\Users\ASUS\Desktop\SEGURA EP\BITSAC\.venv\Lib\site-packages\watchfiles",,""
"C:\Users\ASUS\Desktop\SEGURA EP\BITSAC\.venv\Lib\site-packages\watchfiles-1.2.0.dist-info",,".dist-info"
"C:\Users\ASUS\Desktop\SEGURA EP\BITSAC\.venv\Lib\site-packages\websockets",,""
"C:\Users\ASUS\Desktop\SEGURA EP\BITSAC\.venv\Lib\site-packages\websockets-17.0.1.dist-info",,".dist-info"
"C:\Users\ASUS\Desktop\SEGURA EP\BITSAC\.venv\Lib\site-packages\yaml",,""
"C:\Users\ASUS\Desktop\SEGURA EP\BITSAC\.venv\Lib\site-packages\_yaml",,""
"C:\Users\ASUS\Desktop\SEGURA EP\BITSAC\.venv\Lib\site-packages\__pycache__",,""
"C:\Users\ASUS\Desktop\SEGURA EP\BITSAC\.venv\Lib\site-packages\pyodbc.cp313-win_amd64.pyd","134656",".pyd"
"C:\Users\ASUS\Desktop\SEGURA EP\BITSAC\.venv\Lib\site-packages\pyodbc.pyi","33683",".pyi"
"C:\Users\ASUS\Desktop\SEGURA EP\BITSAC\.venv\Lib\site-packages\six.py","34703",".py"
"C:\Users\ASUS\Desktop\SEGURA EP\BITSAC\.venv\Lib\site-packages\typing_extensions.py","165012",".py"
"C:\Users\ASUS\Desktop\SEGURA EP\BITSAC\.venv\Lib\site-packages\_cffi_backend.cp313-win_amd64.pyd","180736",".pyd"
"C:\Users\ASUS\Desktop\SEGURA EP\BITSAC\.venv\Lib\site-packages\annotated_types\__pycache__",,""
"C:\Users\ASUS\Desktop\SEGURA EP\BITSAC\.venv\Lib\site-packages\annotated_types\py.typed","0",".typed"
"C:\Users\ASUS\Desktop\SEGURA EP\BITSAC\.venv\Lib\site-packages\annotated_types\test_cases.py","6310",".py"
"C:\Users\ASUS\Desktop\SEGURA EP\BITSAC\.venv\Lib\site-packages\annotated_types\__init__.py","13273",".py"
"C:\Users\ASUS\Desktop\SEGURA EP\BITSAC\.venv\Lib\site-packages\annotated_types\__pycache__\test_cases.cpython-313.pyc","13110",".pyc"
"C:\Users\ASUS\Desktop\SEGURA EP\BITSAC\.venv\Lib\site-packages\annotated_types\__pycache__\__init__.cpython-313.pyc","18029",".pyc"
"C:\Users\ASUS\Desktop\SEGURA EP\BITSAC\.venv\Lib\site-packages\annotated_types-0.8.0.dist-info\licenses",,""
"C:\Users\ASUS\Desktop\SEGURA EP\BITSAC\.venv\Lib\site-packages\annotated_types-0.8.0.dist-info\INSTALLER","4",""
"C:\Users\ASUS\Desktop\SEGURA EP\BITSAC\.venv\Lib\site-packages\annotated_types-0.8.0.dist-info\METADATA","15009",""
"C:\Users\ASUS\Desktop\SEGURA EP\BITSAC\.venv\Lib\site-packages\annotated_types-0.8.0.dist-info\RECORD","802",""
"C:\Users\ASUS\Desktop\SEGURA EP\BITSAC\.venv\Lib\site-packages\annotated_types-0.8.0.dist-info\WHEEL","87",""
"C:\Users\ASUS\Desktop\SEGURA EP\BITSAC\.venv\Lib\site-packages\annotated_types-0.8.0.dist-info\licenses\LICENSE","1083",""
"C:\Users\ASUS\Desktop\SEGURA EP\BITSAC\.venv\Lib\site-packages\anyio\abc",,""
"C:\Users\ASUS\Desktop\SEGURA EP\BITSAC\.venv\Lib\site-packages\anyio\streams",,""
"C:\Users\ASUS\Desktop\SEGURA EP\BITSAC\.venv\Lib\site-packages\anyio\_backends",,""
"C:\Users\ASUS\Desktop\SEGURA EP\BITSAC\.venv\Lib\site-packages\anyio\_core",,""
"C:\Users\ASUS\Desktop\SEGURA EP\BITSAC\.venv\Lib\site-packages\anyio\__pycache__",,""
"C:\Users\ASUS\Desktop\SEGURA EP\BITSAC\.venv\Lib\site-packages\anyio\from_thread.py","19265",".py"
"C:\Users\ASUS\Desktop\SEGURA EP\BITSAC\.venv\Lib\site-packages\anyio\functools.py","11797",".py"
"C:\Users\ASUS\Desktop\SEGURA EP\BITSAC\.venv\Lib\site-packages\anyio\itertools.py","16168",".py"
"C:\Users\ASUS\Desktop\SEGURA EP\BITSAC\.venv\Lib\site-packages\anyio\lowlevel.py","6280",".py"
"C:\Users\ASUS\Desktop\SEGURA EP\BITSAC\.venv\Lib\site-packages\anyio\py.typed","0",".typed"
"C:\Users\ASUS\Desktop\SEGURA EP\BITSAC\.venv\Lib\site-packages\anyio\pytest_plugin.py","13609",".py"
"C:\Users\ASUS\Desktop\SEGURA EP\BITSAC\.venv\Lib\site-packages\anyio\to_interpreter.py","7100",".py"
"C:\Users\ASUS\Desktop\SEGURA EP\BITSAC\.venv\Lib\site-packages\anyio\to_process.py","9848",".py"
"C:\Users\ASUS\Desktop\SEGURA EP\BITSAC\.venv\Lib\site-packages\anyio\to_thread.py","2750",".py"
"C:\Users\ASUS\Desktop\SEGURA EP\BITSAC\.venv\Lib\site-packages\anyio\__init__.py","6405",".py"
"C:\Users\ASUS\Desktop\SEGURA EP\BITSAC\.venv\Lib\site-packages\anyio\abc\__pycache__",,""
"C:\Users\ASUS\Desktop\SEGURA EP\BITSAC\.venv\Lib\site-packages\anyio\abc\_eventloop.py","10681",".py"
"C:\Users\ASUS\Desktop\SEGURA EP\BITSAC\.venv\Lib\site-packages\anyio\abc\_resources.py","783",".py"
"C:\Users\ASUS\Desktop\SEGURA EP\BITSAC\.venv\Lib\site-packages\anyio\abc\_sockets.py","13124",".py"
"C:\Users\ASUS\Desktop\SEGURA EP\BITSAC\.venv\Lib\site-packages\anyio\abc\_streams.py","7582",".py"
"C:\Users\ASUS\Desktop\SEGURA EP\BITSAC\.venv\Lib\site-packages\anyio\abc\_subprocesses.py","2067",".py"
"C:\Users\ASUS\Desktop\SEGURA EP\BITSAC\.venv\Lib\site-packages\anyio\abc\_tasks.py","6642",".py"
"C:\Users\ASUS\Desktop\SEGURA EP\BITSAC\.venv\Lib\site-packages\anyio\abc\_testing.py","2034",".py"
"C:\Users\ASUS\Desktop\SEGURA EP\BITSAC\.venv\Lib\site-packages\anyio\abc\__init__.py","2869",".py"
"C:\Users\ASUS\Desktop\SEGURA EP\BITSAC\.venv\Lib\site-packages\anyio\abc\__pycache__\_eventloop.cpython-313.pyc","16423",".pyc"
"C:\Users\ASUS\Desktop\SEGURA EP\BITSAC\.venv\Lib\site-packages\anyio\abc\__pycache__\_resources.cpython-313.pyc","1664",".pyc"
"C:\Users\ASUS\Desktop\SEGURA EP\BITSAC\.venv\Lib\site-packages\anyio\abc\__pycache__\_sockets.cpython-313.pyc","17822",".pyc"
"C:\Users\ASUS\Desktop\SEGURA EP\BITSAC\.venv\Lib\site-packages\anyio\abc\__pycache__\_streams.cpython-313.pyc","9629",".pyc"
"C:\Users\ASUS\Desktop\SEGURA EP\BITSAC\.venv\Lib\site-packages\anyio\abc\__pycache__\_subprocesses.cpython-313.pyc","3153",".pyc"
"C:\Users\ASUS\Desktop\SEGURA EP\BITSAC\.venv\Lib\site-packages\anyio\abc\__pycache__\_tasks.cpython-313.pyc","8624",".pyc"
"C:\Users\ASUS\Desktop\SEGURA EP\BITSAC\.venv\Lib\site-packages\anyio\abc\__pycache__\_testing.cpython-313.pyc","3050",".pyc"
"C:\Users\ASUS\Desktop\SEGURA EP\BITSAC\.venv\Lib\site-packages\anyio\abc\__pycache__\__init__.cpython-313.pyc","2377",".pyc"
"C:\Users\ASUS\Desktop\SEGURA EP\BITSAC\.venv\Lib\site-packages\anyio\streams\__pycache__",,""
"C:\Users\ASUS\Desktop\SEGURA EP\BITSAC\.venv\Lib\site-packages\anyio\streams\buffered.py","6746",".py"
"C:\Users\ASUS\Desktop\SEGURA EP\BITSAC\.venv\Lib\site-packages\anyio\streams\file.py","4524",".py"
"C:\Users\ASUS\Desktop\SEGURA EP\BITSAC\.venv\Lib\site-packages\anyio\streams\memory.py","10776",".py"
"C:\Users\ASUS\Desktop\SEGURA EP\BITSAC\.venv\Lib\site-packages\anyio\streams\stapled.py","4486",".py"
"C:\Users\ASUS\Desktop\SEGURA EP\BITSAC\.venv\Lib\site-packages\anyio\streams\text.py","5765",".py"
"C:\Users\ASUS\Desktop\SEGURA EP\BITSAC\.venv\Lib\site-packages\anyio\streams\tls.py","15801",".py"
"C:\Users\ASUS\Desktop\SEGURA EP\BITSAC\.venv\Lib\site-packages\anyio\streams\__init__.py","0",".py"
"C:\Users\ASUS\Desktop\SEGURA EP\BITSAC\.venv\Lib\site-packages\anyio\streams\__pycache__\buffered.cpython-313.pyc","9486",".pyc"
"C:\Users\ASUS\Desktop\SEGURA EP\BITSAC\.venv\Lib\site-packages\anyio\streams\__pycache__\file.cpython-313.pyc","7470",".pyc"
"C:\Users\ASUS\Desktop\SEGURA EP\BITSAC\.venv\Lib\site-packages\anyio\streams\__pycache__\memory.cpython-313.pyc","14961",".pyc"
"C:\Users\ASUS\Desktop\SEGURA EP\BITSAC\.venv\Lib\site-packages\anyio\streams\__pycache__\stapled.cpython-313.pyc","7708",".pyc"
"C:\Users\ASUS\Desktop\SEGURA EP\BITSAC\.venv\Lib\site-packages\anyio\streams\__pycache__\text.cpython-313.pyc","9303",".pyc"
"C:\Users\ASUS\Desktop\SEGURA EP\BITSAC\.venv\Lib\site-packages\anyio\streams\__pycache__\tls.cpython-313.pyc","20248",".pyc"
"C:\Users\ASUS\Desktop\SEGURA EP\BITSAC\.venv\Lib\site-packages\anyio\streams\__pycache__\__init__.cpython-313.pyc","185",".pyc"
"C:\Users\ASUS\Desktop\SEGURA EP\BITSAC\.venv\Lib\site-packages\anyio\_backends\__pycache__",,""
"C:\Users\ASUS\Desktop\SEGURA EP\BITSAC\.venv\Lib\site-packages\anyio\_backends\_asyncio.py","104400",".py"
"C:\Users\ASUS\Desktop\SEGURA EP\BITSAC\.venv\Lib\site-packages\anyio\_backends\_trio.py","45583",".py"
"C:\Users\ASUS\Desktop\SEGURA EP\BITSAC\.venv\Lib\site-packages\anyio\_backends\__init__.py","0",".py"
"C:\Users\ASUS\Desktop\SEGURA EP\BITSAC\.venv\Lib\site-packages\anyio\_backends\__pycache__\_asyncio.cpython-313.pyc","147567",".pyc"
"C:\Users\ASUS\Desktop\SEGURA EP\BITSAC\.venv\Lib\site-packages\anyio\_backends\__pycache__\_trio.cpython-313.pyc","78402",".pyc"
"C:\Users\ASUS\Desktop\SEGURA EP\BITSAC\.venv\Lib\site-packages\anyio\_backends\__pycache__\__init__.cpython-313.pyc","187",".pyc"
"C:\Users\ASUS\Desktop\SEGURA EP\BITSAC\.venv\Lib\site-packages\anyio\_core\__pycache__",,""
"C:\Users\ASUS\Desktop\SEGURA EP\BITSAC\.venv\Lib\site-packages\anyio\_core\_asyncio_selector_thread.py","5626",".py"
"C:\Users\ASUS\Desktop\SEGURA EP\BITSAC\.venv\Lib\site-packages\anyio\_core\_contextmanagers.py","7215",".py"
"C:\Users\ASUS\Desktop\SEGURA EP\BITSAC\.venv\Lib\site-packages\anyio\_core\_eventloop.py","6658",".py"
"C:\Users\ASUS\Desktop\SEGURA EP\BITSAC\.venv\Lib\site-packages\anyio\_core\_exceptions.py","4936",".py"
"C:\Users\ASUS\Desktop\SEGURA EP\BITSAC\.venv\Lib\site-packages\anyio\_core\_fileio.py","31358",".py"
"C:\Users\ASUS\Desktop\SEGURA EP\BITSAC\.venv\Lib\site-packages\anyio\_core\_resources.py","435",".py"
"C:\Users\ASUS\Desktop\SEGURA EP\BITSAC\.venv\Lib\site-packages\anyio\_core\_signals.py","1016",".py"
"C:\Users\ASUS\Desktop\SEGURA EP\BITSAC\.venv\Lib\site-packages\anyio\_core\_sockets.py","35288",".py"
"C:\Users\ASUS\Desktop\SEGURA EP\BITSAC\.venv\Lib\site-packages\anyio\_core\_streams.py","1806",".py"
"C:\Users\ASUS\Desktop\SEGURA EP\BITSAC\.venv\Lib\site-packages\anyio\_core\_subprocesses.py","7923",".py"
"C:\Users\ASUS\Desktop\SEGURA EP\BITSAC\.venv\Lib\site-packages\anyio\_core\_synchronization.py","21591",".py"
"C:\Users\ASUS\Desktop\SEGURA EP\BITSAC\.venv\Lib\site-packages\anyio\_core\_tasks.py","13126",".py"
"C:\Users\ASUS\Desktop\SEGURA EP\BITSAC\.venv\Lib\site-packages\anyio\_core\_tempfile.py","19624",".py"
"C:\Users\ASUS\Desktop\SEGURA EP\BITSAC\.venv\Lib\site-packages\anyio\_core\_testing.py","2340",".py"
"C:\Users\ASUS\Desktop\SEGURA EP\BITSAC\.venv\Lib\site-packages\anyio\_core\_typedattr.py","2508",".py"
"C:\Users\ASUS\Desktop\SEGURA EP\BITSAC\.venv\Lib\site-packages\anyio\_core\__init__.py","0",".py"
"C:\Users\ASUS\Desktop\SEGURA EP\BITSAC\.venv\Lib\site-packages\anyio\_core\__pycache__\_asyncio_selector_thread.cpython-313.pyc","8631",".pyc"
"C:\Users\ASUS\Desktop\SEGURA EP\BITSAC\.venv\Lib\site-packages\anyio\_core\__pycache__\_contextmanagers.cpython-313.pyc","9062",".pyc"
"C:\Users\ASUS\Desktop\SEGURA EP\BITSAC\.venv\Lib\site-packages\anyio\_core\__pycache__\_eventloop.cpython-313.pyc","8301",".pyc"
"C:\Users\ASUS\Desktop\SEGURA EP\BITSAC\.venv\Lib\site-packages\anyio\_core\__pycache__\_exceptions.cpython-313.pyc","8511",".pyc"
"C:\Users\ASUS\Desktop\SEGURA EP\BITSAC\.venv\Lib\site-packages\anyio\_core\__pycache__\_fileio.cpython-313.pyc","48813",".pyc"
"C:\Users\ASUS\Desktop\SEGURA EP\BITSAC\.venv\Lib\site-packages\anyio\_core\__pycache__\_resources.cpython-313.pyc","919",".pyc"
"C:\Users\ASUS\Desktop\SEGURA EP\BITSAC\.venv\Lib\site-packages\anyio\_core\__pycache__\_signals.cpython-313.pyc","1334",".pyc"
"C:\Users\ASUS\Desktop\SEGURA EP\BITSAC\.venv\Lib\site-packages\anyio\_core\__pycache__\_sockets.cpython-313.pyc","40565",".pyc"
"C:\Users\ASUS\Desktop\SEGURA EP\BITSAC\.venv\Lib\site-packages\anyio\_core\__pycache__\_streams.cpython-313.pyc","2371",".pyc"
"C:\Users\ASUS\Desktop\SEGURA EP\BITSAC\.venv\Lib\site-packages\anyio\_core\__pycache__\_subprocesses.cpython-313.pyc","9280",".pyc"
"C:\Users\ASUS\Desktop\SEGURA EP\BITSAC\.venv\Lib\site-packages\anyio\_core\__pycache__\_synchronization.cpython-313.pyc","33329",".pyc"
"C:\Users\ASUS\Desktop\SEGURA EP\BITSAC\.venv\Lib\site-packages\anyio\_core\__pycache__\_tasks.cpython-313.pyc","17586",".pyc"
"C:\Users\ASUS\Desktop\SEGURA EP\BITSAC\.venv\Lib\site-packages\anyio\_core\__pycache__\_tempfile.cpython-313.pyc","27809",".pyc"
"C:\Users\ASUS\Desktop\SEGURA EP\BITSAC\.venv\Lib\site-packages\anyio\_core\__pycache__\_testing.cpython-313.pyc","3797",".pyc"
"C:\Users\ASUS\Desktop\SEGURA EP\BITSAC\.venv\Lib\site-packages\anyio\_core\__pycache__\_typedattr.cpython-313.pyc","3773",".pyc"
"C:\Users\ASUS\Desktop\SEGURA EP\BITSAC\.venv\Lib\site-packages\anyio\_core\__pycache__\__init__.cpython-313.pyc","183",".pyc"
"C:\Users\ASUS\Desktop\SEGURA EP\BITSAC\.venv\Lib\site-packages\anyio\__pycache__\from_thread.cpython-313.pyc","25572",".pyc"
"C:\Users\ASUS\Desktop\SEGURA EP\BITSAC\.venv\Lib\site-packages\anyio\__pycache__\functools.cpython-313.pyc","16424",".pyc"
"C:\Users\ASUS\Desktop\SEGURA EP\BITSAC\.venv\Lib\site-packages\anyio\__pycache__\itertools.cpython-313.pyc","24846",".pyc"
"C:\Users\ASUS\Desktop\SEGURA EP\BITSAC\.venv\Lib\site-packages\anyio\__pycache__\lowlevel.cpython-313.pyc","8965",".pyc"
"C:\Users\ASUS\Desktop\SEGURA EP\BITSAC\.venv\Lib\site-packages\anyio\__pycache__\pytest_plugin.cpython-313.pyc","17472",".pyc"
"C:\Users\ASUS\Desktop\SEGURA EP\BITSAC\.venv\Lib\site-packages\anyio\__pycache__\to_interpreter.cpython-313.pyc","10432",".pyc"
"C:\Users\ASUS\Desktop\SEGURA EP\BITSAC\.venv\Lib\site-packages\anyio\__pycache__\to_process.cpython-313.pyc","12225",".pyc"
"C:\Users\ASUS\Desktop\SEGURA EP\BITSAC\.venv\Lib\site-packages\anyio\__pycache__\to_thread.cpython-313.pyc","3149",".pyc"
"C:\Users\ASUS\Desktop\SEGURA EP\BITSAC\.venv\Lib\site-packages\anyio\__pycache__\__init__.cpython-313.pyc","4786",".pyc"
"C:\Users\ASUS\Desktop\SEGURA EP\BITSAC\.venv\Lib\site-packages\anyio-4.14.2.dist-info\licenses",,""
"C:\Users\ASUS\Desktop\SEGURA EP\BITSAC\.venv\Lib\site-packages\anyio-4.14.2.dist-info\entry_points.txt","39",".txt"
"C:\Users\ASUS\Desktop\SEGURA EP\BITSAC\.venv\Lib\site-packages\anyio-4.14.2.dist-info\INSTALLER","4",""
"C:\Users\ASUS\Desktop\SEGURA EP\BITSAC\.venv\Lib\site-packages\anyio-4.14.2.dist-info\METADATA","4645",""
"C:\Users\ASUS\Desktop\SEGURA EP\BITSAC\.venv\Lib\site-packages\anyio-4.14.2.dist-info\RECORD","6578",""
"C:\Users\ASUS\Desktop\SEGURA EP\BITSAC\.venv\Lib\site-packages\anyio-4.14.2.dist-info\scm_file_list.json","3654",".json"
"C:\Users\ASUS\Desktop\SEGURA EP\BITSAC\.venv\Lib\site-packages\anyio-4.14.2.dist-info\scm_version.json","161",".json"
"C:\Users\ASUS\Desktop\SEGURA EP\BITSAC\.venv\Lib\site-packages\anyio-4.14.2.dist-info\top_level.txt","6",".txt"
"C:\Users\ASUS\Desktop\SEGURA EP\BITSAC\.venv\Lib\site-packages\anyio-4.14.2.dist-info\WHEEL","91",""
"C:\Users\ASUS\Desktop\SEGURA EP\BITSAC\.venv\Lib\site-packages\anyio-4.14.2.dist-info\licenses\LICENSE","1081",""
"C:\Users\ASUS\Desktop\SEGURA EP\BITSAC\.venv\Lib\site-packages\bcrypt\__pycache__",,""
"C:\Users\ASUS\Desktop\SEGURA EP\BITSAC\.venv\Lib\site-packages\bcrypt\py.typed","0",".typed"
"C:\Users\ASUS\Desktop\SEGURA EP\BITSAC\.venv\Lib\site-packages\bcrypt\_bcrypt.pyd","305152",".pyd"
"C:\Users\ASUS\Desktop\SEGURA EP\BITSAC\.venv\Lib\site-packages\bcrypt\__init__.py","1000",".py"
"C:\Users\ASUS\Desktop\SEGURA EP\BITSAC\.venv\Lib\site-packages\bcrypt\__init__.pyi","333",".pyi"
"C:\Users\ASUS\Desktop\SEGURA EP\BITSAC\.venv\Lib\site-packages\bcrypt\__pycache__\__init__.cpython-313.pyc","572",".pyc"
"C:\Users\ASUS\Desktop\SEGURA EP\BITSAC\.venv\Lib\site-packages\bcrypt-5.0.0.dist-info\INSTALLER","4",""
"C:\Users\ASUS\Desktop\SEGURA EP\BITSAC\.venv\Lib\site-packages\bcrypt-5.0.0.dist-info\LICENSE","10850",""
"C:\Users\ASUS\Desktop\SEGURA EP\BITSAC\.venv\Lib\site-packages\bcrypt-5.0.0.dist-info\METADATA","10844",""
"C:\Users\ASUS\Desktop\SEGURA EP\BITSAC\.venv\Lib\site-packages\bcrypt-5.0.0.dist-info\RECORD","822",""
"C:\Users\ASUS\Desktop\SEGURA EP\BITSAC\.venv\Lib\site-packages\bcrypt-5.0.0.dist-info\top_level.txt","7",".txt"
"C:\Users\ASUS\Desktop\SEGURA EP\BITSAC\.venv\Lib\site-packages\bcrypt-5.0.0.dist-info\WHEEL","100",""
"C:\Users\ASUS\Desktop\SEGURA EP\BITSAC\.venv\Lib\site-packages\cffi\__pycache__",,""
"C:\Users\ASUS\Desktop\SEGURA EP\BITSAC\.venv\Lib\site-packages\cffi\api.py","42013",".py"
"C:\Users\ASUS\Desktop\SEGURA EP\BITSAC\.venv\Lib\site-packages\cffi\backend_ctypes.py","42283",".py"
"C:\Users\ASUS\Desktop\SEGURA EP\BITSAC\.venv\Lib\site-packages\cffi\cffi_opcode.py","5723",".py"
"C:\Users\ASUS\Desktop\SEGURA EP\BITSAC\.venv\Lib\site-packages\cffi\commontypes.py","2805",".py"
"C:\Users\ASUS\Desktop\SEGURA EP\BITSAC\.venv\Lib\site-packages\cffi\cparser.py","44754",".py"
"C:\Users\ASUS\Desktop\SEGURA EP\BITSAC\.venv\Lib\site-packages\cffi\error.py","877",".py"
"C:\Users\ASUS\Desktop\SEGURA EP\BITSAC\.venv\Lib\site-packages\cffi\ffiplatform.py","3584",".py"
"C:\Users\ASUS\Desktop\SEGURA EP\BITSAC\.venv\Lib\site-packages\cffi\gen_src.py","132",".py"
"C:\Users\ASUS\Desktop\SEGURA EP\BITSAC\.venv\Lib\site-packages\cffi\lock.py","747",".py"
"C:\Users\ASUS\Desktop\SEGURA EP\BITSAC\.venv\Lib\site-packages\cffi\model.py","21752",".py"
"C:\Users\ASUS\Desktop\SEGURA EP\BITSAC\.venv\Lib\site-packages\cffi\parse_c_type.h","5976",".h"
"C:\Users\ASUS\Desktop\SEGURA EP\BITSAC\.venv\Lib\site-packages\cffi\pkgconfig.py","4365",".py"
"C:\Users\ASUS\Desktop\SEGURA EP\BITSAC\.venv\Lib\site-packages\cffi\recompiler.py","65140",".py"
"C:\Users\ASUS\Desktop\SEGURA EP\BITSAC\.venv\Lib\site-packages\cffi\setuptools_ext.py","9566",".py"
"C:\Users\ASUS\Desktop\SEGURA EP\BITSAC\.venv\Lib\site-packages\cffi\vengine_cpy.py","43030",".py"
"C:\Users\ASUS\Desktop\SEGURA EP\BITSAC\.venv\Lib\site-packages\cffi\vengine_gen.py","26931",".py"
"C:\Users\ASUS\Desktop\SEGURA EP\BITSAC\.venv\Lib\site-packages\cffi\verifier.py","11154",".py"
"C:\Users\ASUS\Desktop\SEGURA EP\BITSAC\.venv\Lib\site-packages\cffi\_cffi_errors.h","3583",".h"
"C:\Users\ASUS\Desktop\SEGURA EP\BITSAC\.venv\Lib\site-packages\cffi\_cffi_gen_src.py","7044",".py"
"C:\Users\ASUS\Desktop\SEGURA EP\BITSAC\.venv\Lib\site-packages\cffi\_cffi_include.h","15234",".h"
"C:\Users\ASUS\Desktop\SEGURA EP\BITSAC\.venv\Lib\site-packages\cffi\_embedding.h","17554",".h"
"C:\Users\ASUS\Desktop\SEGURA EP\BITSAC\.venv\Lib\site-packages\cffi\_imp_emulation.py","2960",".py"
"C:\Users\ASUS\Desktop\SEGURA EP\BITSAC\.venv\Lib\site-packages\cffi\_shimmed_dist_utils.py","2230",".py"
"C:\Users\ASUS\Desktop\SEGURA EP\BITSAC\.venv\Lib\site-packages\cffi\__init__.py","511",".py"
"C:\Users\ASUS\Desktop\SEGURA EP\BITSAC\.venv\Lib\site-packages\cffi\__pycache__\api.cpython-313.pyc","49706",".pyc"
"C:\Users\ASUS\Desktop\SEGURA EP\BITSAC\.venv\Lib\site-packages\cffi\__pycache__\backend_ctypes.cpython-313.pyc","64365",".pyc"
"C:\Users\ASUS\Desktop\SEGURA EP\BITSAC\.venv\Lib\site-packages\cffi\__pycache__\cffi_opcode.cpython-313.pyc","6923",".pyc"
"C:\Users\ASUS\Desktop\SEGURA EP\BITSAC\.venv\Lib\site-packages\cffi\__pycache__\commontypes.cpython-313.pyc","3114",".pyc"
"C:\Users\ASUS\Desktop\SEGURA EP\BITSAC\.venv\Lib\site-packages\cffi\__pycache__\cparser.cpython-313.pyc","48083",".pyc"
"C:\Users\ASUS\Desktop\SEGURA EP\BITSAC\.venv\Lib\site-packages\cffi\__pycache__\error.cpython-313.pyc","2027",".pyc"
"C:\Users\ASUS\Desktop\SEGURA EP\BITSAC\.venv\Lib\site-packages\cffi\__pycache__\ffiplatform.cpython-313.pyc","5906",".pyc"
"C:\Users\ASUS\Desktop\SEGURA EP\BITSAC\.venv\Lib\site-packages\cffi\__pycache__\gen_src.cpython-313.pyc","356",".pyc"
"C:\Users\ASUS\Desktop\SEGURA EP\BITSAC\.venv\Lib\site-packages\cffi\__pycache__\lock.cpython-313.pyc","522",".pyc"
"C:\Users\ASUS\Desktop\SEGURA EP\BITSAC\.venv\Lib\site-packages\cffi\__pycache__\model.cpython-313.pyc","30875",".pyc"
"C:\Users\ASUS\Desktop\SEGURA EP\BITSAC\.venv\Lib\site-packages\cffi\__pycache__\pkgconfig.cpython-313.pyc","6501",".pyc"
"C:\Users\ASUS\Desktop\SEGURA EP\BITSAC\.venv\Lib\site-packages\cffi\__pycache__\recompiler.cpython-313.pyc","82637",".pyc"
"C:\Users\ASUS\Desktop\SEGURA EP\BITSAC\.venv\Lib\site-packages\cffi\__pycache__\setuptools_ext.cpython-313.pyc","11739",".pyc"
"C:\Users\ASUS\Desktop\SEGURA EP\BITSAC\.venv\Lib\site-packages\cffi\__pycache__\vengine_cpy.cpython-313.pyc","50700",".pyc"
"C:\Users\ASUS\Desktop\SEGURA EP\BITSAC\.venv\Lib\site-packages\cffi\__pycache__\vengine_gen.cpython-313.pyc","34560",".pyc"
"C:\Users\ASUS\Desktop\SEGURA EP\BITSAC\.venv\Lib\site-packages\cffi\__pycache__\verifier.cpython-313.pyc","16738",".pyc"
"C:\Users\ASUS\Desktop\SEGURA EP\BITSAC\.venv\Lib\site-packages\cffi\__pycache__\_cffi_gen_src.cpython-313.pyc","8197",".pyc"
"C:\Users\ASUS\Desktop\SEGURA EP\BITSAC\.venv\Lib\site-packages\cffi\__pycache__\_imp_emulation.cpython-313.pyc","3916",".pyc"
"C:\Users\ASUS\Desktop\SEGURA EP\BITSAC\.venv\Lib\site-packages\cffi\__pycache__\_shimmed_dist_utils.cpython-313.pyc","2092",".pyc"
"C:\Users\ASUS\Desktop\SEGURA EP\BITSAC\.venv\Lib\site-packages\cffi\__pycache__\__init__.cpython-313.pyc","544",".pyc"
"C:\Users\ASUS\Desktop\SEGURA EP\BITSAC\.venv\Lib\site-packages\cffi-2.1.1.dist-info\licenses",,""
"C:\Users\ASUS\Desktop\SEGURA EP\BITSAC\.venv\Lib\site-packages\cffi-2.1.1.dist-info\entry_points.txt","132",".txt"
"C:\Users\ASUS\Desktop\SEGURA EP\BITSAC\.venv\Lib\site-packages\cffi-2.1.1.dist-info\INSTALLER","4",""
"C:\Users\ASUS\Desktop\SEGURA EP\BITSAC\.venv\Lib\site-packages\cffi-2.1.1.dist-info\METADATA","2594",""
"C:\Users\ASUS\Desktop\SEGURA EP\BITSAC\.venv\Lib\site-packages\cffi-2.1.1.dist-info\RECORD","3511",""
"C:\Users\ASUS\Desktop\SEGURA EP\BITSAC\.venv\Lib\site-packages\cffi-2.1.1.dist-info\top_level.txt","19",".txt"
"C:\Users\ASUS\Desktop\SEGURA EP\BITSAC\.venv\Lib\site-packages\cffi-2.1.1.dist-info\WHEEL","101",""
"C:\Users\ASUS\Desktop\SEGURA EP\BITSAC\.venv\Lib\site-packages\cffi-2.1.1.dist-info\licenses\LICENSE","1123",""
"C:\Users\ASUS\Desktop\SEGURA EP\BITSAC\.venv\Lib\site-packages\click\__pycache__",,""
"C:\Users\ASUS\Desktop\SEGURA EP\BITSAC\.venv\Lib\site-packages\click\core.py","140616",".py"
"C:\Users\ASUS\Desktop\SEGURA EP\BITSAC\.venv\Lib\site-packages\click\decorators.py","19709",".py"
"C:\Users\ASUS\Desktop\SEGURA EP\BITSAC\.venv\Lib\site-packages\click\exceptions.py","11862",".py"
"C:\Users\ASUS\Desktop\SEGURA EP\BITSAC\.venv\Lib\site-packages\click\formatting.py","10444",".py"
"C:\Users\ASUS\Desktop\SEGURA EP\BITSAC\.venv\Lib\site-packages\click\globals.py","1923",".py"
"C:\Users\ASUS\Desktop\SEGURA EP\BITSAC\.venv\Lib\site-packages\click\parser.py","19052",".py"
"C:\Users\ASUS\Desktop\SEGURA EP\BITSAC\.venv\Lib\site-packages\click\py.typed","0",".typed"
"C:\Users\ASUS\Desktop\SEGURA EP\BITSAC\.venv\Lib\site-packages\click\shell_completion.py","22618",".py"
"C:\Users\ASUS\Desktop\SEGURA EP\BITSAC\.venv\Lib\site-packages\click\termui.py","33213",".py"
"C:\Users\ASUS\Desktop\SEGURA EP\BITSAC\.venv\Lib\site-packages\click\testing.py","26458",".py"
"C:\Users\ASUS\Desktop\SEGURA EP\BITSAC\.venv\Lib\site-packages\click\types.py","44788",".py"
"C:\Users\ASUS\Desktop\SEGURA EP\BITSAC\.venv\Lib\site-packages\click\utils.py","20942",".py"
"C:\Users\ASUS\Desktop\SEGURA EP\BITSAC\.venv\Lib\site-packages\click\_compat.py","18879",".py"
"C:\Users\ASUS\Desktop\SEGURA EP\BITSAC\.venv\Lib\site-packages\click\_termui_impl.py","31730",".py"
"C:\Users\ASUS\Desktop\SEGURA EP\BITSAC\.venv\Lib\site-packages\click\_textwrap.py","6270",".py"
"C:\Users\ASUS\Desktop\SEGURA EP\BITSAC\.venv\Lib\site-packages\click\_utils.py","996",".py"
"C:\Users\ASUS\Desktop\SEGURA EP\BITSAC\.venv\Lib\site-packages\click\_winconsole.py","8543",".py"
"C:\Users\ASUS\Desktop\SEGURA EP\BITSAC\.venv\Lib\site-packages\click\__init__.py","4634",".py"
"C:\Users\ASUS\Desktop\SEGURA EP\BITSAC\.venv\Lib\site-packages\click\__pycache__\core.cpython-313.pyc","139807",".pyc"
"C:\Users\ASUS\Desktop\SEGURA EP\BITSAC\.venv\Lib\site-packages\click\__pycache__\decorators.cpython-313.pyc","22932",".pyc"
"C:\Users\ASUS\Desktop\SEGURA EP\BITSAC\.venv\Lib\site-packages\click\__pycache__\exceptions.cpython-313.pyc","17510",".pyc"
"C:\Users\ASUS\Desktop\SEGURA EP\BITSAC\.venv\Lib\site-packages\click\__pycache__\formatting.cpython-313.pyc","14137",".pyc"
"C:\Users\ASUS\Desktop\SEGURA EP\BITSAC\.venv\Lib\site-packages\click\__pycache__\globals.cpython-313.pyc","2946",".pyc"
"C:\Users\ASUS\Desktop\SEGURA EP\BITSAC\.venv\Lib\site-packages\click\__pycache__\parser.cpython-313.pyc","20735",".pyc"
"C:\Users\ASUS\Desktop\SEGURA EP\BITSAC\.venv\Lib\site-packages\click\__pycache__\shell_completion.cpython-313.pyc","25272",".pyc"
"C:\Users\ASUS\Desktop\SEGURA EP\BITSAC\.venv\Lib\site-packages\click\__pycache__\termui.cpython-313.pyc","36790",".pyc"
"C:\Users\ASUS\Desktop\SEGURA EP\BITSAC\.venv\Lib\site-packages\click\__pycache__\testing.cpython-313.pyc","35212",".pyc"
"C:\Users\ASUS\Desktop\SEGURA EP\BITSAC\.venv\Lib\site-packages\click\__pycache__\types.cpython-313.pyc","57617",".pyc"
"C:\Users\ASUS\Desktop\SEGURA EP\BITSAC\.venv\Lib\site-packages\click\__pycache__\utils.cpython-313.pyc","25736",".pyc"
"C:\Users\ASUS\Desktop\SEGURA EP\BITSAC\.venv\Lib\site-packages\click\__pycache__\_compat.cpython-313.pyc","24818",".pyc"
"C:\Users\ASUS\Desktop\SEGURA EP\BITSAC\.venv\Lib\site-packages\click\__pycache__\_termui_impl.cpython-313.pyc","36316",".pyc"
"C:\Users\ASUS\Desktop\SEGURA EP\BITSAC\.venv\Lib\site-packages\click\__pycache__\_textwrap.cpython-313.pyc","7537",".pyc"
"C:\Users\ASUS\Desktop\SEGURA EP\BITSAC\.venv\Lib\site-packages\click\__pycache__\_utils.cpython-313.pyc","1467",".pyc"
"C:\Users\ASUS\Desktop\SEGURA EP\BITSAC\.venv\Lib\site-packages\click\__pycache__\_winconsole.cpython-313.pyc","12231",".pyc"
"C:\Users\ASUS\Desktop\SEGURA EP\BITSAC\.venv\Lib\site-packages\click\__pycache__\__init__.cpython-313.pyc","4163",".pyc"
"C:\Users\ASUS\Desktop\SEGURA EP\BITSAC\.venv\Lib\site-packages\click-8.4.2.dist-info\licenses",,""
"C:\Users\ASUS\Desktop\SEGURA EP\BITSAC\.venv\Lib\site-packages\click-8.4.2.dist-info\INSTALLER","4",""
"C:\Users\ASUS\Desktop\SEGURA EP\BITSAC\.venv\Lib\site-packages\click-8.4.2.dist-info\METADATA","2621",""
"C:\Users\ASUS\Desktop\SEGURA EP\BITSAC\.venv\Lib\site-packages\click-8.4.2.dist-info\RECORD","2533",""
"C:\Users\ASUS\Desktop\SEGURA EP\BITSAC\.venv\Lib\site-packages\click-8.4.2.dist-info\WHEEL","82",""
"C:\Users\ASUS\Desktop\SEGURA EP\BITSAC\.venv\Lib\site-packages\click-8.4.2.dist-info\licenses\LICENSE.txt","1475",".txt"
"C:\Users\ASUS\Desktop\SEGURA EP\BITSAC\.venv\Lib\site-packages\colorama\tests",,""
"C:\Users\ASUS\Desktop\SEGURA EP\BITSAC\.venv\Lib\site-packages\colorama\__pycache__",,""
"C:\Users\ASUS\Desktop\SEGURA EP\BITSAC\.venv\Lib\site-packages\colorama\ansi.py","2522",".py"
"C:\Users\ASUS\Desktop\SEGURA EP\BITSAC\.venv\Lib\site-packages\colorama\ansitowin32.py","11128",".py"
"C:\Users\ASUS\Desktop\SEGURA EP\BITSAC\.venv\Lib\site-packages\colorama\initialise.py","3325",".py"
"C:\Users\ASUS\Desktop\SEGURA EP\BITSAC\.venv\Lib\site-packages\colorama\win32.py","6181",".py"
"C:\Users\ASUS\Desktop\SEGURA EP\BITSAC\.venv\Lib\site-packages\colorama\winterm.py","7134",".py"
"C:\Users\ASUS\Desktop\SEGURA EP\BITSAC\.venv\Lib\site-packages\colorama\__init__.py","266",".py"
"C:\Users\ASUS\Desktop\SEGURA EP\BITSAC\.venv\Lib\site-packages\colorama\tests\__pycache__",,""
"C:\Users\ASUS\Desktop\SEGURA EP\BITSAC\.venv\Lib\site-packages\colorama\tests\ansitowin32_test.py","10678",".py"
"C:\Users\ASUS\Desktop\SEGURA EP\BITSAC\.venv\Lib\site-packages\colorama\tests\ansi_test.py","2839",".py"
"C:\Users\ASUS\Desktop\SEGURA EP\BITSAC\.venv\Lib\site-packages\colorama\tests\initialise_test.py","6741",".py"
"C:\Users\ASUS\Desktop\SEGURA EP\BITSAC\.venv\Lib\site-packages\colorama\tests\isatty_test.py","1866",".py"
"C:\Users\ASUS\Desktop\SEGURA EP\BITSAC\.venv\Lib\site-packages\colorama\tests\utils.py","1079",".py"
"C:\Users\ASUS\Desktop\SEGURA EP\BITSAC\.venv\Lib\site-packages\colorama\tests\winterm_test.py","3709",".py"
"C:\Users\ASUS\Desktop\SEGURA EP\BITSAC\.venv\Lib\site-packages\colorama\tests\__init__.py","75",".py"
"C:\Users\ASUS\Desktop\SEGURA EP\BITSAC\.venv\Lib\site-packages\colorama\tests\__pycache__\ansitowin32_test.cpython-313.pyc","17808",".pyc"
"C:\Users\ASUS\Desktop\SEGURA EP\BITSAC\.venv\Lib\site-packages\colorama\tests\__pycache__\ansi_test.cpython-313.pyc","5515",".pyc"
"C:\Users\ASUS\Desktop\SEGURA EP\BITSAC\.venv\Lib\site-packages\colorama\tests\__pycache__\initialise_test.cpython-313.pyc","11784",".pyc"
"C:\Users\ASUS\Desktop\SEGURA EP\BITSAC\.venv\Lib\site-packages\colorama\tests\__pycache__\isatty_test.cpython-313.pyc","4939",".pyc"
"C:\Users\ASUS\Desktop\SEGURA EP\BITSAC\.venv\Lib\site-packages\colorama\tests\__pycache__\utils.cpython-313.pyc","2550",".pyc"
"C:\Users\ASUS\Desktop\SEGURA EP\BITSAC\.venv\Lib\site-packages\colorama\tests\__pycache__\winterm_test.cpython-313.pyc","6640",".pyc"
"C:\Users\ASUS\Desktop\SEGURA EP\BITSAC\.venv\Lib\site-packages\colorama\tests\__pycache__\__init__.cpython-313.pyc","186",".pyc"
"C:\Users\ASUS\Desktop\SEGURA EP\BITSAC\.venv\Lib\site-packages\colorama\__pycache__\ansi.cpython-313.pyc","4118",".pyc"
"C:\Users\ASUS\Desktop\SEGURA EP\BITSAC\.venv\Lib\site-packages\colorama\__pycache__\ansitowin32.cpython-313.pyc","16584",".pyc"
"C:\Users\ASUS\Desktop\SEGURA EP\BITSAC\.venv\Lib\site-packages\colorama\__pycache__\initialise.cpython-313.pyc","3614",".pyc"
"C:\Users\ASUS\Desktop\SEGURA EP\BITSAC\.venv\Lib\site-packages\colorama\__pycache__\win32.cpython-313.pyc","8214",".pyc"
"C:\Users\ASUS\Desktop\SEGURA EP\BITSAC\.venv\Lib\site-packages\colorama\__pycache__\winterm.cpython-313.pyc","9324",".pyc"
"C:\Users\ASUS\Desktop\SEGURA EP\BITSAC\.venv\Lib\site-packages\colorama\__pycache__\__init__.cpython-313.pyc","480",".pyc"
"C:\Users\ASUS\Desktop\SEGURA EP\BITSAC\.venv\Lib\site-packages\colorama-0.4.6.dist-info\licenses",,""
"C:\Users\ASUS\Desktop\SEGURA EP\BITSAC\.venv\Lib\site-packages\colorama-0.4.6.dist-info\INSTALLER","4",""
"C:\Users\ASUS\Desktop\SEGURA EP\BITSAC\.venv\Lib\site-packages\colorama-0.4.6.dist-info\METADATA","17158",""
"C:\Users\ASUS\Desktop\SEGURA EP\BITSAC\.venv\Lib\site-packages\colorama-0.4.6.dist-info\RECORD","2174",""
"C:\Users\ASUS\Desktop\SEGURA EP\BITSAC\.venv\Lib\site-packages\colorama-0.4.6.dist-info\WHEEL","105",""
"C:\Users\ASUS\Desktop\SEGURA EP\BITSAC\.venv\Lib\site-packages\colorama-0.4.6.dist-info\licenses\LICENSE.txt","1491",".txt"
"C:\Users\ASUS\Desktop\SEGURA EP\BITSAC\.venv\Lib\site-packages\cryptography\hazmat",,""
"C:\Users\ASUS\Desktop\SEGURA EP\BITSAC\.venv\Lib\site-packages\cryptography\x509",,""
"C:\Users\ASUS\Desktop\SEGURA EP\BITSAC\.venv\Lib\site-packages\cryptography\__pycache__",,""
"C:\Users\ASUS\Desktop\SEGURA EP\BITSAC\.venv\Lib\site-packages\cryptography\cobblestone.py","693",".py"
"C:\Users\ASUS\Desktop\SEGURA EP\BITSAC\.venv\Lib\site-packages\cryptography\exceptions.py","1087",".py"
"C:\Users\ASUS\Desktop\SEGURA EP\BITSAC\.venv\Lib\site-packages\cryptography\fernet.py","7687",".py"
"C:\Users\ASUS\Desktop\SEGURA EP\BITSAC\.venv\Lib\site-packages\cryptography\py.typed","0",".typed"
"C:\Users\ASUS\Desktop\SEGURA EP\BITSAC\.venv\Lib\site-packages\cryptography\utils.py","4635",".py"
"C:\Users\ASUS\Desktop\SEGURA EP\BITSAC\.venv\Lib\site-packages\cryptography\__about__.py","445",".py"
"C:\Users\ASUS\Desktop\SEGURA EP\BITSAC\.venv\Lib\site-packages\cryptography\__init__.py","364",".py"
"C:\Users\ASUS\Desktop\SEGURA EP\BITSAC\.venv\Lib\site-packages\cryptography\hazmat\asn1",,""
"C:\Users\ASUS\Desktop\SEGURA EP\BITSAC\.venv\Lib\site-packages\cryptography\hazmat\backends",,""
"C:\Users\ASUS\Desktop\SEGURA EP\BITSAC\.venv\Lib\site-packages\cryptography\hazmat\bindings",,""
"C:\Users\ASUS\Desktop\SEGURA EP\BITSAC\.venv\Lib\site-packages\cryptography\hazmat\decrepit",,""
"C:\Users\ASUS\Desktop\SEGURA EP\BITSAC\.venv\Lib\site-packages\cryptography\hazmat\primitives",,""
"C:\Users\ASUS\Desktop\SEGURA EP\BITSAC\.venv\Lib\site-packages\cryptography\hazmat\__pycache__",,""
"C:\Users\ASUS\Desktop\SEGURA EP\BITSAC\.venv\Lib\site-packages\cryptography\hazmat\_oid.py","18150",".py"
"C:\Users\ASUS\Desktop\SEGURA EP\BITSAC\.venv\Lib\site-packages\cryptography\hazmat\__init__.py","455",".py"
"C:\Users\ASUS\Desktop\SEGURA EP\BITSAC\.venv\Lib\site-packages\cryptography\hazmat\asn1\__pycache__",,""
"C:\Users\ASUS\Desktop\SEGURA EP\BITSAC\.venv\Lib\site-packages\cryptography\hazmat\asn1\asn1.py","19152",".py"
"C:\Users\ASUS\Desktop\SEGURA EP\BITSAC\.venv\Lib\site-packages\cryptography\hazmat\asn1\__init__.py","812",".py"
"C:\Users\ASUS\Desktop\SEGURA EP\BITSAC\.venv\Lib\site-packages\cryptography\hazmat\asn1\__pycache__\asn1.cpython-313.pyc","18756",".pyc"
"C:\Users\ASUS\Desktop\SEGURA EP\BITSAC\.venv\Lib\site-packages\cryptography\hazmat\asn1\__pycache__\__init__.cpython-313.pyc","676",".pyc"
"C:\Users\ASUS\Desktop\SEGURA EP\BITSAC\.venv\Lib\site-packages\cryptography\hazmat\backends\openssl",,""
"C:\Users\ASUS\Desktop\SEGURA EP\BITSAC\.venv\Lib\site-packages\cryptography\hazmat\backends\__pycache__",,""
"C:\Users\ASUS\Desktop\SEGURA EP\BITSAC\.venv\Lib\site-packages\cryptography\hazmat\backends\__init__.py","361",".py"
"C:\Users\ASUS\Desktop\SEGURA EP\BITSAC\.venv\Lib\site-packages\cryptography\hazmat\backends\openssl\__pycache__",,""
"C:\Users\ASUS\Desktop\SEGURA EP\BITSAC\.venv\Lib\site-packages\cryptography\hazmat\backends\openssl\backend.py","10475",".py"
"C:\Users\ASUS\Desktop\SEGURA EP\BITSAC\.venv\Lib\site-packages\cryptography\hazmat\backends\openssl\__init__.py","305",".py"
"C:\Users\ASUS\Desktop\SEGURA EP\BITSAC\.venv\Lib\site-packages\cryptography\hazmat\backends\openssl\__pycache__\backend.cpython-313.pyc","14582",".pyc"
"C:\Users\ASUS\Desktop\SEGURA EP\BITSAC\.venv\Lib\site-packages\cryptography\hazmat\backends\openssl\__pycache__\__init__.cpython-313.pyc","363",".pyc"
"C:\Users\ASUS\Desktop\SEGURA EP\BITSAC\.venv\Lib\site-packages\cryptography\hazmat\backends\__pycache__\__init__.cpython-313.pyc","499",".pyc"
"C:\Users\ASUS\Desktop\SEGURA EP\BITSAC\.venv\Lib\site-packages\cryptography\hazmat\bindings\openssl",,""
"C:\Users\ASUS\Desktop\SEGURA EP\BITSAC\.venv\Lib\site-packages\cryptography\hazmat\bindings\_rust",,""
"C:\Users\ASUS\Desktop\SEGURA EP\BITSAC\.venv\Lib\site-packages\cryptography\hazmat\bindings\__pycache__",,""
"C:\Users\ASUS\Desktop\SEGURA EP\BITSAC\.venv\Lib\site-packages\cryptography\hazmat\bindings\_rust.pyd","9935360",".pyd"
"C:\Users\ASUS\Desktop\SEGURA EP\BITSAC\.venv\Lib\site-packages\cryptography\hazmat\bindings\__init__.py","216",".py"
"C:\Users\ASUS\Desktop\SEGURA EP\BITSAC\.venv\Lib\site-packages\cryptography\hazmat\bindings\openssl\__pycache__",,""
"C:\Users\ASUS\Desktop\SEGURA EP\BITSAC\.venv\Lib\site-packages\cryptography\hazmat\bindings\openssl\binding.py","3706",".py"
"C:\Users\ASUS\Desktop\SEGURA EP\BITSAC\.venv\Lib\site-packages\cryptography\hazmat\bindings\openssl\_conditional.py","5611",".py"
"C:\Users\ASUS\Desktop\SEGURA EP\BITSAC\.venv\Lib\site-packages\cryptography\hazmat\bindings\openssl\__init__.py","216",".py"
"C:\Users\ASUS\Desktop\SEGURA EP\BITSAC\.venv\Lib\site-packages\cryptography\hazmat\bindings\openssl\__pycache__\binding.cpython-313.pyc","4671",".pyc"
"C:\Users\ASUS\Desktop\SEGURA EP\BITSAC\.venv\Lib\site-packages\cryptography\hazmat\bindings\openssl\__pycache__\_conditional.cpython-313.pyc","5654",".pyc"
"C:\Users\ASUS\Desktop\SEGURA EP\BITSAC\.venv\Lib\site-packages\cryptography\hazmat\bindings\openssl\__pycache__\__init__.cpython-313.pyc","259",".pyc"
"C:\Users\ASUS\Desktop\SEGURA EP\BITSAC\.venv\Lib\site-packages\cryptography\hazmat\bindings\_rust\openssl",,""
"C:\Users\ASUS\Desktop\SEGURA EP\BITSAC\.venv\Lib\site-packages\cryptography\hazmat\bindings\_rust\asn1.pyi","354",".pyi"
"C:\Users\ASUS\Desktop\SEGURA EP\BITSAC\.venv\Lib\site-packages\cryptography\hazmat\bindings\_rust\cobblestone.pyi","1325",".pyi"
"C:\Users\ASUS\Desktop\SEGURA EP\BITSAC\.venv\Lib\site-packages\cryptography\hazmat\bindings\_rust\declarative_asn1.pyi","3866",".pyi"
"C:\Users\ASUS\Desktop\SEGURA EP\BITSAC\.venv\Lib\site-packages\cryptography\hazmat\bindings\_rust\exceptions.pyi","640",".pyi"
"C:\Users\ASUS\Desktop\SEGURA EP\BITSAC\.venv\Lib\site-packages\cryptography\hazmat\bindings\_rust\ocsp.pyi","4020",".pyi"
"C:\Users\ASUS\Desktop\SEGURA EP\BITSAC\.venv\Lib\site-packages\cryptography\hazmat\bindings\_rust\pkcs12.pyi","1605",".pyi"
"C:\Users\ASUS\Desktop\SEGURA EP\BITSAC\.venv\Lib\site-packages\cryptography\hazmat\bindings\_rust\pkcs7.pyi","1601",".pyi"
"C:\Users\ASUS\Desktop\SEGURA EP\BITSAC\.venv\Lib\site-packages\cryptography\hazmat\bindings\_rust\test_support.pyi","757",".pyi"
"C:\Users\ASUS\Desktop\SEGURA EP\BITSAC\.venv\Lib\site-packages\cryptography\hazmat\bindings\_rust\x509.pyi","10211",".pyi"
"C:\Users\ASUS\Desktop\SEGURA EP\BITSAC\.venv\Lib\site-packages\cryptography\hazmat\bindings\_rust\_openssl.pyi","228",".pyi"
"C:\Users\ASUS\Desktop\SEGURA EP\BITSAC\.venv\Lib\site-packages\cryptography\hazmat\bindings\_rust\__init__.pyi","2285",".pyi"
"C:\Users\ASUS\Desktop\SEGURA EP\BITSAC\.venv\Lib\site-packages\cryptography\hazmat\bindings\_rust\openssl\aead.pyi","4582",".pyi"
"C:\Users\ASUS\Desktop\SEGURA EP\BITSAC\.venv\Lib\site-packages\cryptography\hazmat\bindings\_rust\openssl\ciphers.pyi","1315",".pyi"
"C:\Users\ASUS\Desktop\SEGURA EP\BITSAC\.venv\Lib\site-packages\cryptography\hazmat\bindings\_rust\openssl\cmac.pyi","564",".pyi"
"C:\Users\ASUS\Desktop\SEGURA EP\BITSAC\.venv\Lib\site-packages\cryptography\hazmat\bindings\_rust\openssl\dh.pyi","1564",".pyi"
"C:\Users\ASUS\Desktop\SEGURA EP\BITSAC\.venv\Lib\site-packages\cryptography\hazmat\bindings\_rust\openssl\dsa.pyi","1299",".pyi"
"C:\Users\ASUS\Desktop\SEGURA EP\BITSAC\.venv\Lib\site-packages\cryptography\hazmat\bindings\_rust\openssl\ec.pyi","1691",".pyi"
"C:\Users\ASUS\Desktop\SEGURA EP\BITSAC\.venv\Lib\site-packages\cryptography\hazmat\bindings\_rust\openssl\ed25519.pyi","532",".pyi"
"C:\Users\ASUS\Desktop\SEGURA EP\BITSAC\.venv\Lib\site-packages\cryptography\hazmat\bindings\_rust\openssl\ed448.pyi","514",".pyi"
"C:\Users\ASUS\Desktop\SEGURA EP\BITSAC\.venv\Lib\site-packages\cryptography\hazmat\bindings\_rust\openssl\hashes.pyi","1076",".pyi"
"C:\Users\ASUS\Desktop\SEGURA EP\BITSAC\.venv\Lib\site-packages\cryptography\hazmat\bindings\_rust\openssl\hmac.pyi","702",".pyi"
"C:\Users\ASUS\Desktop\SEGURA EP\BITSAC\.venv\Lib\site-packages\cryptography\hazmat\bindings\_rust\openssl\hpke.pyi","2914",".pyi"
"C:\Users\ASUS\Desktop\SEGURA EP\BITSAC\.venv\Lib\site-packages\cryptography\hazmat\bindings\_rust\openssl\kdf.pyi","6619",".pyi"
"C:\Users\ASUS\Desktop\SEGURA EP\BITSAC\.venv\Lib\site-packages\cryptography\hazmat\bindings\_rust\openssl\keys.pyi","912",".pyi"
"C:\Users\ASUS\Desktop\SEGURA EP\BITSAC\.venv\Lib\site-packages\cryptography\hazmat\bindings\_rust\openssl\keywrap.pyi","733",".pyi"
"C:\Users\ASUS\Desktop\SEGURA EP\BITSAC\.venv\Lib\site-packages\cryptography\hazmat\bindings\_rust\openssl\mldsa.pyi","1421",".pyi"
"C:\Users\ASUS\Desktop\SEGURA EP\BITSAC\.venv\Lib\site-packages\cryptography\hazmat\bindings\_rust\openssl\mlkem.pyi","835",".pyi"
"C:\Users\ASUS\Desktop\SEGURA EP\BITSAC\.venv\Lib\site-packages\cryptography\hazmat\bindings\_rust\openssl\poly1305.pyi","585",".pyi"
"C:\Users\ASUS\Desktop\SEGURA EP\BITSAC\.venv\Lib\site-packages\cryptography\hazmat\bindings\_rust\openssl\rsa.pyi","1364",".pyi"
"C:\Users\ASUS\Desktop\SEGURA EP\BITSAC\.venv\Lib\site-packages\cryptography\hazmat\bindings\_rust\openssl\x25519.pyi","523",".pyi"
"C:\Users\ASUS\Desktop\SEGURA EP\BITSAC\.venv\Lib\site-packages\cryptography\hazmat\bindings\_rust\openssl\x448.pyi","505",".pyi"
"C:\Users\ASUS\Desktop\SEGURA EP\BITSAC\.venv\Lib\site-packages\cryptography\hazmat\bindings\_rust\openssl\__init__.pyi","1578",".pyi"
"C:\Users\ASUS\Desktop\SEGURA EP\BITSAC\.venv\Lib\site-packages\cryptography\hazmat\bindings\__pycache__\__init__.cpython-313.pyc","251",".pyc"
"C:\Users\ASUS\Desktop\SEGURA EP\BITSAC\.venv\Lib\site-packages\cryptography\hazmat\decrepit\ciphers",,""
"C:\Users\ASUS\Desktop\SEGURA EP\BITSAC\.venv\Lib\site-packages\cryptography\hazmat\decrepit\__pycache__",,""
"C:\Users\ASUS\Desktop\SEGURA EP\BITSAC\.venv\Lib\site-packages\cryptography\hazmat\decrepit\__init__.py","216",".py"
"C:\Users\ASUS\Desktop\SEGURA EP\BITSAC\.venv\Lib\site-packages\cryptography\hazmat\decrepit\ciphers\__pycache__",,""
"C:\Users\ASUS\Desktop\SEGURA EP\BITSAC\.venv\Lib\site-packages\cryptography\hazmat\decrepit\ciphers\algorithms.py","3752",".py"
"C:\Users\ASUS\Desktop\SEGURA EP\BITSAC\.venv\Lib\site-packages\cryptography\hazmat\decrepit\ciphers\modes.py","1649",".py"
"C:\Users\ASUS\Desktop\SEGURA EP\BITSAC\.venv\Lib\site-packages\cryptography\hazmat\decrepit\ciphers\__init__.py","216",".py"
"C:\Users\ASUS\Desktop\SEGURA EP\BITSAC\.venv\Lib\site-packages\cryptography\hazmat\decrepit\ciphers\__pycache__\algorithms.cpython-313.pyc","6286",".pyc"
"C:\Users\ASUS\Desktop\SEGURA EP\BITSAC\.venv\Lib\site-packages\cryptography\hazmat\decrepit\ciphers\__pycache__\modes.cpython-313.pyc","2203",".pyc"
"C:\Users\ASUS\Desktop\SEGURA EP\BITSAC\.venv\Lib\site-packages\cryptography\hazmat\decrepit\ciphers\__pycache__\__init__.cpython-313.pyc","259",".pyc"
"C:\Users\ASUS\Desktop\SEGURA EP\BITSAC\.venv\Lib\site-packages\cryptography\hazmat\decrepit\__pycache__\__init__.cpython-313.pyc","251",".pyc"
"C:\Users\ASUS\Desktop\SEGURA EP\BITSAC\.venv\Lib\site-packages\cryptography\hazmat\primitives\asymmetric",,""
"C:\Users\ASUS\Desktop\SEGURA EP\BITSAC\.venv\Lib\site-packages\cryptography\hazmat\primitives\ciphers",,""
"C:\Users\ASUS\Desktop\SEGURA EP\BITSAC\.venv\Lib\site-packages\cryptography\hazmat\primitives\kdf",,""
"C:\Users\ASUS\Desktop\SEGURA EP\BITSAC\.venv\Lib\site-packages\cryptography\hazmat\primitives\serialization",,""
"C:\Users\ASUS\Desktop\SEGURA EP\BITSAC\.venv\Lib\site-packages\cryptography\hazmat\primitives\twofactor",,""
"C:\Users\ASUS\Desktop\SEGURA EP\BITSAC\.venv\Lib\site-packages\cryptography\hazmat\primitives\__pycache__",,""
"C:\Users\ASUS\Desktop\SEGURA EP\BITSAC\.venv\Lib\site-packages\cryptography\hazmat\primitives\cmac.py","338",".py"
"C:\Users\ASUS\Desktop\SEGURA EP\BITSAC\.venv\Lib\site-packages\cryptography\hazmat\primitives\constant_time.py","422",".py"
"C:\Users\ASUS\Desktop\SEGURA EP\BITSAC\.venv\Lib\site-packages\cryptography\hazmat\primitives\hashes.py","7916",".py"
"C:\Users\ASUS\Desktop\SEGURA EP\BITSAC\.venv\Lib\site-packages\cryptography\hazmat\primitives\hmac.py","423",".py"
"C:\Users\ASUS\Desktop\SEGURA EP\BITSAC\.venv\Lib\site-packages\cryptography\hazmat\primitives\hpke.py","865",".py"
"C:\Users\ASUS\Desktop\SEGURA EP\BITSAC\.venv\Lib\site-packages\cryptography\hazmat\primitives\keywrap.py","735",".py"
"C:\Users\ASUS\Desktop\SEGURA EP\BITSAC\.venv\Lib\site-packages\cryptography\hazmat\primitives\padding.py","1865",".py"
"C:\Users\ASUS\Desktop\SEGURA EP\BITSAC\.venv\Lib\site-packages\cryptography\hazmat\primitives\poly1305.py","355",".py"
"C:\Users\ASUS\Desktop\SEGURA EP\BITSAC\.venv\Lib\site-packages\cryptography\hazmat\primitives\_asymmetric.py","532",".py"
"C:\Users\ASUS\Desktop\SEGURA EP\BITSAC\.venv\Lib\site-packages\cryptography\hazmat\primitives\_cipheralgorithm.py","1522",".py"
"C:\Users\ASUS\Desktop\SEGURA EP\BITSAC\.venv\Lib\site-packages\cryptography\hazmat\primitives\_modes.py","3075",".py"
"C:\Users\ASUS\Desktop\SEGURA EP\BITSAC\.venv\Lib\site-packages\cryptography\hazmat\primitives\_serialization.py","4440",".py"
"C:\Users\ASUS\Desktop\SEGURA EP\BITSAC\.venv\Lib\site-packages\cryptography\hazmat\primitives\__init__.py","216",".py"
"C:\Users\ASUS\Desktop\SEGURA EP\BITSAC\.venv\Lib\site-packages\cryptography\hazmat\primitives\asymmetric\__pycache__",,""
"C:\Users\ASUS\Desktop\SEGURA EP\BITSAC\.venv\Lib\site-packages\cryptography\hazmat\primitives\asymmetric\dh.py","5793",".py"
"C:\Users\ASUS\Desktop\SEGURA EP\BITSAC\.venv\Lib\site-packages\cryptography\hazmat\primitives\asymmetric\dsa.py","4482",".py"
"C:\Users\ASUS\Desktop\SEGURA EP\BITSAC\.venv\Lib\site-packages\cryptography\hazmat\primitives\asymmetric\ec.py","10183",".py"
"C:\Users\ASUS\Desktop\SEGURA EP\BITSAC\.venv\Lib\site-packages\cryptography\hazmat\primitives\asymmetric\ed25519.py","2998",".py"
"C:\Users\ASUS\Desktop\SEGURA EP\BITSAC\.venv\Lib\site-packages\cryptography\hazmat\primitives\asymmetric\ed448.py","4002",".py"
"C:\Users\ASUS\Desktop\SEGURA EP\BITSAC\.venv\Lib\site-packages\cryptography\hazmat\primitives\asymmetric\mldsa.py","13803",".py"
"C:\Users\ASUS\Desktop\SEGURA EP\BITSAC\.venv\Lib\site-packages\cryptography\hazmat\primitives\asymmetric\mlkem.py","7901",".py"
"C:\Users\ASUS\Desktop\SEGURA EP\BITSAC\.venv\Lib\site-packages\cryptography\hazmat\primitives\asymmetric\padding.py","3678",".py"
"C:\Users\ASUS\Desktop\SEGURA EP\BITSAC\.venv\Lib\site-packages\cryptography\hazmat\primitives\asymmetric\rsa.py","8492",".py"
"C:\Users\ASUS\Desktop\SEGURA EP\BITSAC\.venv\Lib\site-packages\cryptography\hazmat\primitives\asymmetric\types.py","2588",".py"
"C:\Users\ASUS\Desktop\SEGURA EP\BITSAC\.venv\Lib\site-packages\cryptography\hazmat\primitives\asymmetric\utils.py","821",".py"
"C:\Users\ASUS\Desktop\SEGURA EP\BITSAC\.venv\Lib\site-packages\cryptography\hazmat\primitives\asymmetric\x25519.py","3888",".py"
"C:\Users\ASUS\Desktop\SEGURA EP\BITSAC\.venv\Lib\site-packages\cryptography\hazmat\primitives\asymmetric\x448.py","3913",".py"
"C:\Users\ASUS\Desktop\SEGURA EP\BITSAC\.venv\Lib\site-packages\cryptography\hazmat\primitives\asymmetric\__init__.py","216",".py"
"C:\Users\ASUS\Desktop\SEGURA EP\BITSAC\.venv\Lib\site-packages\cryptography\hazmat\primitives\asymmetric\__pycache__\dh.cpython-313.pyc","7740",".pyc"
"C:\Users\ASUS\Desktop\SEGURA EP\BITSAC\.venv\Lib\site-packages\cryptography\hazmat\primitives\asymmetric\__pycache__\dsa.cpython-313.pyc","7286",".pyc"
"C:\Users\ASUS\Desktop\SEGURA EP\BITSAC\.venv\Lib\site-packages\cryptography\hazmat\primitives\asymmetric\__pycache__\ec.cpython-313.pyc","14802",".pyc"
"C:\Users\ASUS\Desktop\SEGURA EP\BITSAC\.venv\Lib\site-packages\cryptography\hazmat\primitives\asymmetric\__pycache__\ed25519.cpython-313.pyc","5231",".pyc"
"C:\Users\ASUS\Desktop\SEGURA EP\BITSAC\.venv\Lib\site-packages\cryptography\hazmat\primitives\asymmetric\__pycache__\ed448.cpython-313.pyc","6096",".pyc"
"C:\Users\ASUS\Desktop\SEGURA EP\BITSAC\.venv\Lib\site-packages\cryptography\hazmat\primitives\asymmetric\__pycache__\mldsa.cpython-313.pyc","15752",".pyc"
"C:\Users\ASUS\Desktop\SEGURA EP\BITSAC\.venv\Lib\site-packages\cryptography\hazmat\primitives\asymmetric\__pycache__\mlkem.cpython-313.pyc","10897",".pyc"
"C:\Users\ASUS\Desktop\SEGURA EP\BITSAC\.venv\Lib\site-packages\cryptography\hazmat\primitives\asymmetric\__pycache__\padding.cpython-313.pyc","6480",".pyc"
"C:\Users\ASUS\Desktop\SEGURA EP\BITSAC\.venv\Lib\site-packages\cryptography\hazmat\primitives\asymmetric\__pycache__\rsa.cpython-313.pyc","10762",".pyc"
"C:\Users\ASUS\Desktop\SEGURA EP\BITSAC\.venv\Lib\site-packages\cryptography\hazmat\primitives\asymmetric\__pycache__\types.cpython-313.pyc","3027",".pyc"
"C:\Users\ASUS\Desktop\SEGURA EP\BITSAC\.venv\Lib\site-packages\cryptography\hazmat\primitives\asymmetric\__pycache__\utils.cpython-313.pyc","1589",".pyc"
"C:\Users\ASUS\Desktop\SEGURA EP\BITSAC\.venv\Lib\site-packages\cryptography\hazmat\primitives\asymmetric\__pycache__\x25519.cpython-313.pyc","5840",".pyc"
"C:\Users\ASUS\Desktop\SEGURA EP\BITSAC\.venv\Lib\site-packages\cryptography\hazmat\primitives\asymmetric\__pycache__\x448.cpython-313.pyc","5903",".pyc"
"C:\Users\ASUS\Desktop\SEGURA EP\BITSAC\.venv\Lib\site-packages\cryptography\hazmat\primitives\asymmetric\__pycache__\__init__.cpython-313.pyc","264",".pyc"
"C:\Users\ASUS\Desktop\SEGURA EP\BITSAC\.venv\Lib\site-packages\cryptography\hazmat\primitives\ciphers\__pycache__",,""
"C:\Users\ASUS\Desktop\SEGURA EP\BITSAC\.venv\Lib\site-packages\cryptography\hazmat\primitives\ciphers\aead.py","634",".py"
"C:\Users\ASUS\Desktop\SEGURA EP\BITSAC\.venv\Lib\site-packages\cryptography\hazmat\primitives\ciphers\algorithms.py","3496",".py"
"C:\Users\ASUS\Desktop\SEGURA EP\BITSAC\.venv\Lib\site-packages\cryptography\hazmat\primitives\ciphers\base.py","4253",".py"
"C:\Users\ASUS\Desktop\SEGURA EP\BITSAC\.venv\Lib\site-packages\cryptography\hazmat\primitives\ciphers\modes.py","6003",".py"
"C:\Users\ASUS\Desktop\SEGURA EP\BITSAC\.venv\Lib\site-packages\cryptography\hazmat\primitives\ciphers\__init__.py","680",".py"
"C:\Users\ASUS\Desktop\SEGURA EP\BITSAC\.venv\Lib\site-packages\cryptography\hazmat\primitives\ciphers\__pycache__\aead.cpython-313.pyc","831",".pyc"
"C:\Users\ASUS\Desktop\SEGURA EP\BITSAC\.venv\Lib\site-packages\cryptography\hazmat\primitives\ciphers\__pycache__\algorithms.cpython-313.pyc","4809",".pyc"
"C:\Users\ASUS\Desktop\SEGURA EP\BITSAC\.venv\Lib\site-packages\cryptography\hazmat\primitives\ciphers\__pycache__\base.cpython-313.pyc","7082",".pyc"
"C:\Users\ASUS\Desktop\SEGURA EP\BITSAC\.venv\Lib\site-packages\cryptography\hazmat\primitives\ciphers\__pycache__\modes.cpython-313.pyc","7457",".pyc"
"C:\Users\ASUS\Desktop\SEGURA EP\BITSAC\.venv\Lib\site-packages\cryptography\hazmat\primitives\ciphers\__pycache__\__init__.cpython-313.pyc","641",".pyc"
"C:\Users\ASUS\Desktop\SEGURA EP\BITSAC\.venv\Lib\site-packages\cryptography\hazmat\primitives\kdf\__pycache__",,""
"C:\Users\ASUS\Desktop\SEGURA EP\BITSAC\.venv\Lib\site-packages\cryptography\hazmat\primitives\kdf\argon2.py","632",".py"
"C:\Users\ASUS\Desktop\SEGURA EP\BITSAC\.venv\Lib\site-packages\cryptography\hazmat\primitives\kdf\concatkdf.py","591",".py"
"C:\Users\ASUS\Desktop\SEGURA EP\BITSAC\.venv\Lib\site-packages\cryptography\hazmat\primitives\kdf\hkdf.py","543",".py"
"C:\Users\ASUS\Desktop\SEGURA EP\BITSAC\.venv\Lib\site-packages\cryptography\hazmat\primitives\kdf\kbkdf.py","737",".py"
"C:\Users\ASUS\Desktop\SEGURA EP\BITSAC\.venv\Lib\site-packages\cryptography\hazmat\primitives\kdf\pbkdf2.py","468",".py"
"C:\Users\ASUS\Desktop\SEGURA EP\BITSAC\.venv\Lib\site-packages\cryptography\hazmat\primitives\kdf\scrypt.py","590",".py"
"C:\Users\ASUS\Desktop\SEGURA EP\BITSAC\.venv\Lib\site-packages\cryptography\hazmat\primitives\kdf\x963kdf.py","456",".py"
"C:\Users\ASUS\Desktop\SEGURA EP\BITSAC\.venv\Lib\site-packages\cryptography\hazmat\primitives\kdf\__init__.py","1037",".py"
"C:\Users\ASUS\Desktop\SEGURA EP\BITSAC\.venv\Lib\site-packages\cryptography\hazmat\primitives\kdf\__pycache__\argon2.cpython-313.pyc","832",".pyc"
"C:\Users\ASUS\Desktop\SEGURA EP\BITSAC\.venv\Lib\site-packages\cryptography\hazmat\primitives\kdf\__pycache__\concatkdf.cpython-313.pyc","724",".pyc"
"C:\Users\ASUS\Desktop\SEGURA EP\BITSAC\.venv\Lib\site-packages\cryptography\hazmat\primitives\kdf\__pycache__\hkdf.cpython-313.pyc","707",".pyc"
"C:\Users\ASUS\Desktop\SEGURA EP\BITSAC\.venv\Lib\site-packages\cryptography\hazmat\primitives\kdf\__pycache__\kbkdf.cpython-313.pyc","1323",".pyc"
"C:\Users\ASUS\Desktop\SEGURA EP\BITSAC\.venv\Lib\site-packages\cryptography\hazmat\primitives\kdf\__pycache__\pbkdf2.cpython-313.pyc","582",".pyc"
"C:\Users\ASUS\Desktop\SEGURA EP\BITSAC\.venv\Lib\site-packages\cryptography\hazmat\primitives\kdf\__pycache__\scrypt.cpython-313.pyc","666",".pyc"
"C:\Users\ASUS\Desktop\SEGURA EP\BITSAC\.venv\Lib\site-packages\cryptography\hazmat\primitives\kdf\__pycache__\x963kdf.cpython-313.pyc","580",".pyc"
"C:\Users\ASUS\Desktop\SEGURA EP\BITSAC\.venv\Lib\site-packages\cryptography\hazmat\primitives\kdf\__pycache__\__init__.cpython-313.pyc","1657",".pyc"
"C:\Users\ASUS\Desktop\SEGURA EP\BITSAC\.venv\Lib\site-packages\cryptography\hazmat\primitives\serialization\__pycache__",,""
"C:\Users\ASUS\Desktop\SEGURA EP\BITSAC\.venv\Lib\site-packages\cryptography\hazmat\primitives\serialization\base.py","651",".py"
"C:\Users\ASUS\Desktop\SEGURA EP\BITSAC\.venv\Lib\site-packages\cryptography\hazmat\primitives\serialization\pkcs12.py","5104",".py"
"C:\Users\ASUS\Desktop\SEGURA EP\BITSAC\.venv\Lib\site-packages\cryptography\hazmat\primitives\serialization\pkcs7.py","13998",".py"
"C:\Users\ASUS\Desktop\SEGURA EP\BITSAC\.venv\Lib\site-packages\cryptography\hazmat\primitives\serialization\ssh.py","53592",".py"
"C:\Users\ASUS\Desktop\SEGURA EP\BITSAC\.venv\Lib\site-packages\cryptography\hazmat\primitives\serialization\__init__.py","2217",".py"
"C:\Users\ASUS\Desktop\SEGURA EP\BITSAC\.venv\Lib\site-packages\cryptography\hazmat\primitives\serialization\__pycache__\base.cpython-313.pyc","892",".pyc"
"C:\Users\ASUS\Desktop\SEGURA EP\BITSAC\.venv\Lib\site-packages\cryptography\hazmat\primitives\serialization\__pycache__\pkcs12.cpython-313.pyc","6856",".pyc"
"C:\Users\ASUS\Desktop\SEGURA EP\BITSAC\.venv\Lib\site-packages\cryptography\hazmat\primitives\serialization\__pycache__\pkcs7.cpython-313.pyc","17548",".pyc"
"C:\Users\ASUS\Desktop\SEGURA EP\BITSAC\.venv\Lib\site-packages\cryptography\hazmat\primitives\serialization\__pycache__\ssh.cpython-313.pyc","67769",".pyc"
"C:\Users\ASUS\Desktop\SEGURA EP\BITSAC\.venv\Lib\site-packages\cryptography\hazmat\primitives\serialization\__pycache__\__init__.cpython-313.pyc","1768",".pyc"
"C:\Users\ASUS\Desktop\SEGURA EP\BITSAC\.venv\Lib\site-packages\cryptography\hazmat\primitives\twofactor\__pycache__",,""
"C:\Users\ASUS\Desktop\SEGURA EP\BITSAC\.venv\Lib\site-packages\cryptography\hazmat\primitives\twofactor\hotp.py","3256",".py"
"C:\Users\ASUS\Desktop\SEGURA EP\BITSAC\.venv\Lib\site-packages\cryptography\hazmat\primitives\twofactor\totp.py","1652",".py"
"C:\Users\ASUS\Desktop\SEGURA EP\BITSAC\.venv\Lib\site-packages\cryptography\hazmat\primitives\twofactor\__init__.py","258",".py"
"C:\Users\ASUS\Desktop\SEGURA EP\BITSAC\.venv\Lib\site-packages\cryptography\hazmat\primitives\twofactor\__pycache__\hotp.cpython-313.pyc","5283",".pyc"
"C:\Users\ASUS\Desktop\SEGURA EP\BITSAC\.venv\Lib\site-packages\cryptography\hazmat\primitives\twofactor\__pycache__\totp.cpython-313.pyc","2594",".pyc"
"C:\Users\ASUS\Desktop\SEGURA EP\BITSAC\.venv\Lib\site-packages\cryptography\hazmat\primitives\twofactor\__pycache__\__init__.cpython-313.pyc","513",".pyc"
"C:\Users\ASUS\Desktop\SEGURA EP\BITSAC\.venv\Lib\site-packages\cryptography\hazmat\primitives\__pycache__\cmac.cpython-313.pyc","430",".pyc"
"C:\Users\ASUS\Desktop\SEGURA EP\BITSAC\.venv\Lib\site-packages\cryptography\hazmat\primitives\__pycache__\constant_time.cpython-313.pyc","694",".pyc"
"C:\Users\ASUS\Desktop\SEGURA EP\BITSAC\.venv\Lib\site-packages\cryptography\hazmat\primitives\__pycache__\hashes.cpython-313.pyc","12479",".pyc"
"C:\Users\ASUS\Desktop\SEGURA EP\BITSAC\.venv\Lib\site-packages\cryptography\hazmat\primitives\__pycache__\hmac.cpython-313.pyc","589",".pyc"
"C:\Users\ASUS\Desktop\SEGURA EP\BITSAC\.venv\Lib\site-packages\cryptography\hazmat\primitives\__pycache__\hpke.cpython-313.pyc","1017",".pyc"
"C:\Users\ASUS\Desktop\SEGURA EP\BITSAC\.venv\Lib\site-packages\cryptography\hazmat\primitives\__pycache__\keywrap.cpython-313.pyc","978",".pyc"
"C:\Users\ASUS\Desktop\SEGURA EP\BITSAC\.venv\Lib\site-packages\cryptography\hazmat\primitives\__pycache__\padding.cpython-313.pyc","3300",".pyc"
"C:\Users\ASUS\Desktop\SEGURA EP\BITSAC\.venv\Lib\site-packages\cryptography\hazmat\primitives\__pycache__\poly1305.cpython-313.pyc","442",".pyc"
"C:\Users\ASUS\Desktop\SEGURA EP\BITSAC\.venv\Lib\site-packages\cryptography\hazmat\primitives\__pycache__\_asymmetric.cpython-313.pyc","846",".pyc"
"C:\Users\ASUS\Desktop\SEGURA EP\BITSAC\.venv\Lib\site-packages\cryptography\hazmat\primitives\__pycache__\_cipheralgorithm.cpython-313.pyc","2520",".pyc"
"C:\Users\ASUS\Desktop\SEGURA EP\BITSAC\.venv\Lib\site-packages\cryptography\hazmat\primitives\__pycache__\_modes.cpython-313.pyc","5251",".pyc"
"C:\Users\ASUS\Desktop\SEGURA EP\BITSAC\.venv\Lib\site-packages\cryptography\hazmat\primitives\__pycache__\_serialization.cpython-313.pyc","5774",".pyc"
"C:\Users\ASUS\Desktop\SEGURA EP\BITSAC\.venv\Lib\site-packages\cryptography\hazmat\primitives\__pycache__\__init__.cpython-313.pyc","253",".pyc"
"C:\Users\ASUS\Desktop\SEGURA EP\BITSAC\.venv\Lib\site-packages\cryptography\hazmat\__pycache__\_oid.cpython-313.pyc","22224",".pyc"
"C:\Users\ASUS\Desktop\SEGURA EP\BITSAC\.venv\Lib\site-packages\cryptography\hazmat\__pycache__\__init__.cpython-313.pyc","247",".pyc"
"C:\Users\ASUS\Desktop\SEGURA EP\BITSAC\.venv\Lib\site-packages\cryptography\x509\__pycache__",,""
"C:\Users\ASUS\Desktop\SEGURA EP\BITSAC\.venv\Lib\site-packages\cryptography\x509\base.py","28311",".py"
"C:\Users\ASUS\Desktop\SEGURA EP\BITSAC\.venv\Lib\site-packages\cryptography\x509\certificate_transparency.py","797",".py"
"C:\Users\ASUS\Desktop\SEGURA EP\BITSAC\.venv\Lib\site-packages\cryptography\x509\extensions.py","77975",".py"
"C:\Users\ASUS\Desktop\SEGURA EP\BITSAC\.venv\Lib\site-packages\cryptography\x509\general_name.py","7836",".py"
"C:\Users\ASUS\Desktop\SEGURA EP\BITSAC\.venv\Lib\site-packages\cryptography\x509\name.py","15566",".py"
"C:\Users\ASUS\Desktop\SEGURA EP\BITSAC\.venv\Lib\site-packages\cryptography\x509\ocsp.py","12699",".py"
"C:\Users\ASUS\Desktop\SEGURA EP\BITSAC\.venv\Lib\site-packages\cryptography\x509\oid.py","931",".py"
"C:\Users\ASUS\Desktop\SEGURA EP\BITSAC\.venv\Lib\site-packages\cryptography\x509\verification.py","958",".py"
"C:\Users\ASUS\Desktop\SEGURA EP\BITSAC\.venv\Lib\site-packages\cryptography\x509\__init__.py","8253",".py"
"C:\Users\ASUS\Desktop\SEGURA EP\BITSAC\.venv\Lib\site-packages\cryptography\x509\__pycache__\base.cpython-313.pyc","32996",".pyc"
"C:\Users\ASUS\Desktop\SEGURA EP\BITSAC\.venv\Lib\site-packages\cryptography\x509\__pycache__\certificate_transparency.cpython-313.pyc","1508",".pyc"
"C:\Users\ASUS\Desktop\SEGURA EP\BITSAC\.venv\Lib\site-packages\cryptography\x509\__pycache__\extensions.cpython-313.pyc","116223",".pyc"
"C:\Users\ASUS\Desktop\SEGURA EP\BITSAC\.venv\Lib\site-packages\cryptography\x509\__pycache__\general_name.cpython-313.pyc","13621",".pyc"
"C:\Users\ASUS\Desktop\SEGURA EP\BITSAC\.venv\Lib\site-packages\cryptography\x509\__pycache__\name.cpython-313.pyc","24081",".pyc"
"C:\Users\ASUS\Desktop\SEGURA EP\BITSAC\.venv\Lib\site-packages\cryptography\x509\__pycache__\ocsp.cpython-313.pyc","15497",".pyc"
"C:\Users\ASUS\Desktop\SEGURA EP\BITSAC\.venv\Lib\site-packages\cryptography\x509\__pycache__\oid.cpython-313.pyc","763",".pyc"
"C:\Users\ASUS\Desktop\SEGURA EP\BITSAC\.venv\Lib\site-packages\cryptography\x509\__pycache__\verification.cpython-313.pyc","1009",".pyc"
"C:\Users\ASUS\Desktop\SEGURA EP\BITSAC\.venv\Lib\site-packages\cryptography\x509\__pycache__\__init__.cpython-313.pyc","8461",".pyc"
"C:\Users\ASUS\Desktop\SEGURA EP\BITSAC\.venv\Lib\site-packages\cryptography\__pycache__\cobblestone.cpython-313.pyc","617",".pyc"
"C:\Users\ASUS\Desktop\SEGURA EP\BITSAC\.venv\Lib\site-packages\cryptography\__pycache__\exceptions.cpython-313.pyc","2590",".pyc"
"C:\Users\ASUS\Desktop\SEGURA EP\BITSAC\.venv\Lib\site-packages\cryptography\__pycache__\fernet.cpython-313.pyc","11657",".pyc"
"C:\Users\ASUS\Desktop\SEGURA EP\BITSAC\.venv\Lib\site-packages\cryptography\__pycache__\utils.cpython-313.pyc","6575",".pyc"
"C:\Users\ASUS\Desktop\SEGURA EP\BITSAC\.venv\Lib\site-packages\cryptography\__pycache__\__about__.cpython-313.pyc","456",".pyc"
"C:\Users\ASUS\Desktop\SEGURA EP\BITSAC\.venv\Lib\site-packages\cryptography\__pycache__\__init__.cpython-313.pyc","366",".pyc"
"C:\Users\ASUS\Desktop\SEGURA EP\BITSAC\.venv\Lib\site-packages\cryptography-50.0.0.dist-info\licenses",,""
"C:\Users\ASUS\Desktop\SEGURA EP\BITSAC\.venv\Lib\site-packages\cryptography-50.0.0.dist-info\sboms",,""
"C:\Users\ASUS\Desktop\SEGURA EP\BITSAC\.venv\Lib\site-packages\cryptography-50.0.0.dist-info\INSTALLER","4",""
"C:\Users\ASUS\Desktop\SEGURA EP\BITSAC\.venv\Lib\site-packages\cryptography-50.0.0.dist-info\METADATA","4343",""
"C:\Users\ASUS\Desktop\SEGURA EP\BITSAC\.venv\Lib\site-packages\cryptography-50.0.0.dist-info\RECORD","17865",""
"C:\Users\ASUS\Desktop\SEGURA EP\BITSAC\.venv\Lib\site-packages\cryptography-50.0.0.dist-info\WHEEL","96",""
"C:\Users\ASUS\Desktop\SEGURA EP\BITSAC\.venv\Lib\site-packages\cryptography-50.0.0.dist-info\licenses\LICENSE","197",""
"C:\Users\ASUS\Desktop\SEGURA EP\BITSAC\.venv\Lib\site-packages\cryptography-50.0.0.dist-info\licenses\LICENSE.APACHE","11360",".APACHE"
"C:\Users\ASUS\Desktop\SEGURA EP\BITSAC\.venv\Lib\site-packages\cryptography-50.0.0.dist-info\licenses\LICENSE.BSD","1532",".BSD"
"C:\Users\ASUS\Desktop\SEGURA EP\BITSAC\.venv\Lib\site-packages\cryptography-50.0.0.dist-info\sboms\cryptography-rust.cyclonedx.json","45629",".json"
"C:\Users\ASUS\Desktop\SEGURA EP\BITSAC\.venv\Lib\site-packages\cryptography-50.0.0.dist-info\sboms\sbom.json","1223",".json"
"C:\Users\ASUS\Desktop\SEGURA EP\BITSAC\.venv\Lib\site-packages\dns\dnssecalgs",,""
"C:\Users\ASUS\Desktop\SEGURA EP\BITSAC\.venv\Lib\site-packages\dns\quic",,""
"C:\Users\ASUS\Desktop\SEGURA EP\BITSAC\.venv\Lib\site-packages\dns\rdtypes",,""
"C:\Users\ASUS\Desktop\SEGURA EP\BITSAC\.venv\Lib\site-packages\dns\__pycache__",,""
"C:\Users\ASUS\Desktop\SEGURA EP\BITSAC\.venv\Lib\site-packages\dns\asyncbackend.py","2796",".py"
"C:\Users\ASUS\Desktop\SEGURA EP\BITSAC\.venv\Lib\site-packages\dns\asyncquery.py","32329",".py"
"C:\Users\ASUS\Desktop\SEGURA EP\BITSAC\.venv\Lib\site-packages\dns\asyncresolver.py","17728",".py"
"C:\Users\ASUS\Desktop\SEGURA EP\BITSAC\.venv\Lib\site-packages\dns\btree.py","30757",".py"
"C:\Users\ASUS\Desktop\SEGURA EP\BITSAC\.venv\Lib\site-packages\dns\btreezone.py","13082",".py"
"C:\Users\ASUS\Desktop\SEGURA EP\BITSAC\.venv\Lib\site-packages\dns\dnssec.py","41356",".py"
"C:\Users\ASUS\Desktop\SEGURA EP\BITSAC\.venv\Lib\site-packages\dns\dnssectypes.py","1799",".py"
"C:\Users\ASUS\Desktop\SEGURA EP\BITSAC\.venv\Lib\site-packages\dns\e164.py","3937",".py"
"C:\Users\ASUS\Desktop\SEGURA EP\BITSAC\.venv\Lib\site-packages\dns\edns.py","17436",".py"
"C:\Users\ASUS\Desktop\SEGURA EP\BITSAC\.venv\Lib\site-packages\dns\entropy.py","4247",".py"
"C:\Users\ASUS\Desktop\SEGURA EP\BITSAC\.venv\Lib\site-packages\dns\enum.py","3685",".py"
"C:\Users\ASUS\Desktop\SEGURA EP\BITSAC\.venv\Lib\site-packages\dns\exception.py","5936",".py"
"C:\Users\ASUS\Desktop\SEGURA EP\BITSAC\.venv\Lib\site-packages\dns\flags.py","2750",".py"
"C:\Users\ASUS\Desktop\SEGURA EP\BITSAC\.venv\Lib\site-packages\dns\grange.py","2154",".py"
"C:\Users\ASUS\Desktop\SEGURA EP\BITSAC\.venv\Lib\site-packages\dns\immutable.py","2017",".py"
"C:\Users\ASUS\Desktop\SEGURA EP\BITSAC\.venv\Lib\site-packages\dns\inet.py","5753",".py"
"C:\Users\ASUS\Desktop\SEGURA EP\BITSAC\.venv\Lib\site-packages\dns\ipv4.py","2487",".py"
"C:\Users\ASUS\Desktop\SEGURA EP\BITSAC\.venv\Lib\site-packages\dns\ipv6.py","6517",".py"
"C:\Users\ASUS\Desktop\SEGURA EP\BITSAC\.venv\Lib\site-packages\dns\message.py","69152",".py"
"C:\Users\ASUS\Desktop\SEGURA EP\BITSAC\.venv\Lib\site-packages\dns\name.py","42910",".py"
"C:\Users\ASUS\Desktop\SEGURA EP\BITSAC\.venv\Lib\site-packages\dns\namedict.py","4000",".py"
"C:\Users\ASUS\Desktop\SEGURA EP\BITSAC\.venv\Lib\site-packages\dns\nameserver.py","10007",".py"
"C:\Users\ASUS\Desktop\SEGURA EP\BITSAC\.venv\Lib\site-packages\dns\node.py","12627",".py"
"C:\Users\ASUS\Desktop\SEGURA EP\BITSAC\.venv\Lib\site-packages\dns\opcode.py","2774",".py"
"C:\Users\ASUS\Desktop\SEGURA EP\BITSAC\.venv\Lib\site-packages\dns\py.typed","0",".typed"
"C:\Users\ASUS\Desktop\SEGURA EP\BITSAC\.venv\Lib\site-packages\dns\query.py","61686",".py"
"C:\Users\ASUS\Desktop\SEGURA EP\BITSAC\.venv\Lib\site-packages\dns\rcode.py","4181",".py"
"C:\Users\ASUS\Desktop\SEGURA EP\BITSAC\.venv\Lib\site-packages\dns\rdata.py","31977",".py"
"C:\Users\ASUS\Desktop\SEGURA EP\BITSAC\.venv\Lib\site-packages\dns\rdataclass.py","2984",".py"
"C:\Users\ASUS\Desktop\SEGURA EP\BITSAC\.venv\Lib\site-packages\dns\rdataset.py","16627",".py"
"C:\Users\ASUS\Desktop\SEGURA EP\BITSAC\.venv\Lib\site-packages\dns\rdatatype.py","7487",".py"
"C:\Users\ASUS\Desktop\SEGURA EP\BITSAC\.venv\Lib\site-packages\dns\renderer.py","11500",".py"
"C:\Users\ASUS\Desktop\SEGURA EP\BITSAC\.venv\Lib\site-packages\dns\resolver.py","73967",".py"
"C:\Users\ASUS\Desktop\SEGURA EP\BITSAC\.venv\Lib\site-packages\dns\reversename.py","3845",".py"
"C:\Users\ASUS\Desktop\SEGURA EP\BITSAC\.venv\Lib\site-packages\dns\rrset.py","9129",".py"
"C:\Users\ASUS\Desktop\SEGURA EP\BITSAC\.venv\Lib\site-packages\dns\serial.py","3606",".py"
"C:\Users\ASUS\Desktop\SEGURA EP\BITSAC\.venv\Lib\site-packages\dns\set.py","9213",".py"
"C:\Users\ASUS\Desktop\SEGURA EP\BITSAC\.venv\Lib\site-packages\dns\tokenizer.py","23490",".py"
"C:\Users\ASUS\Desktop\SEGURA EP\BITSAC\.venv\Lib\site-packages\dns\transaction.py","22579",".py"
"C:\Users\ASUS\Desktop\SEGURA EP\BITSAC\.venv\Lib\site-packages\dns\tsig.py","11576",".py"
"C:\Users\ASUS\Desktop\SEGURA EP\BITSAC\.venv\Lib\site-packages\dns\tsigkeyring.py","2650",".py"
"C:\Users\ASUS\Desktop\SEGURA EP\BITSAC\.venv\Lib\site-packages\dns\ttl.py","2937",".py"
"C:\Users\ASUS\Desktop\SEGURA EP\BITSAC\.venv\Lib\site-packages\dns\update.py","12236",".py"
"C:\Users\ASUS\Desktop\SEGURA EP\BITSAC\.venv\Lib\site-packages\dns\version.py","1763",".py"
"C:\Users\ASUS\Desktop\SEGURA EP\BITSAC\.venv\Lib\site-packages\dns\versioned.py","11841",".py"
"C:\Users\ASUS\Desktop\SEGURA EP\BITSAC\.venv\Lib\site-packages\dns\win32util.py","16799",".py"
"C:\Users\ASUS\Desktop\SEGURA EP\BITSAC\.venv\Lib\site-packages\dns\wire.py","3155",".py"
"C:\Users\ASUS\Desktop\SEGURA EP\BITSAC\.venv\Lib\site-packages\dns\xfr.py","13637",".py"
"C:\Users\ASUS\Desktop\SEGURA EP\BITSAC\.venv\Lib\site-packages\dns\zone.py","53098",".py"
"C:\Users\ASUS\Desktop\SEGURA EP\BITSAC\.venv\Lib\site-packages\dns\zonefile.py","28517",".py"
"C:\Users\ASUS\Desktop\SEGURA EP\BITSAC\.venv\Lib\site-packages\dns\zonetypes.py","690",".py"
"C:\Users\ASUS\Desktop\SEGURA EP\BITSAC\.venv\Lib\site-packages\dns\_asyncbackend.py","2403",".py"
"C:\Users\ASUS\Desktop\SEGURA EP\BITSAC\.venv\Lib\site-packages\dns\_asyncio_backend.py","9147",".py"
"C:\Users\ASUS\Desktop\SEGURA EP\BITSAC\.venv\Lib\site-packages\dns\_ddr.py","5247",".py"
"C:\Users\ASUS\Desktop\SEGURA EP\BITSAC\.venv\Lib\site-packages\dns\_features.py","2493",".py"
"C:\Users\ASUS\Desktop\SEGURA EP\BITSAC\.venv\Lib\site-packages\dns\_immutable_ctx.py","2478",".py"
"C:\Users\ASUS\Desktop\SEGURA EP\BITSAC\.venv\Lib\site-packages\dns\_no_ssl.py","1502",".py"
"C:\Users\ASUS\Desktop\SEGURA EP\BITSAC\.venv\Lib\site-packages\dns\_tls_util.py","528",".py"
"C:\Users\ASUS\Desktop\SEGURA EP\BITSAC\.venv\Lib\site-packages\dns\_trio_backend.py","8597",".py"
"C:\Users\ASUS\Desktop\SEGURA EP\BITSAC\.venv\Lib\site-packages\dns\__init__.py","1693",".py"
"C:\Users\ASUS\Desktop\SEGURA EP\BITSAC\.venv\Lib\site-packages\dns\dnssecalgs\__pycache__",,""
"C:\Users\ASUS\Desktop\SEGURA EP\BITSAC\.venv\Lib\site-packages\dns\dnssecalgs\base.py","2497",".py"
"C:\Users\ASUS\Desktop\SEGURA EP\BITSAC\.venv\Lib\site-packages\dns\dnssecalgs\cryptography.py","2428",".py"
"C:\Users\ASUS\Desktop\SEGURA EP\BITSAC\.venv\Lib\site-packages\dns\dnssecalgs\dsa.py","3605",".py"
"C:\Users\ASUS\Desktop\SEGURA EP\BITSAC\.venv\Lib\site-packages\dns\dnssecalgs\ecdsa.py","3283",".py"
"C:\Users\ASUS\Desktop\SEGURA EP\BITSAC\.venv\Lib\site-packages\dns\dnssecalgs\eddsa.py","2000",".py"
"C:\Users\ASUS\Desktop\SEGURA EP\BITSAC\.venv\Lib\site-packages\dns\dnssecalgs\rsa.py","3663",".py"
"C:\Users\ASUS\Desktop\SEGURA EP\BITSAC\.venv\Lib\site-packages\dns\dnssecalgs\__init__.py","4350",".py"
"C:\Users\ASUS\Desktop\SEGURA EP\BITSAC\.venv\Lib\site-packages\dns\dnssecalgs\__pycache__\base.cpython-313.pyc","4689",".pyc"
"C:\Users\ASUS\Desktop\SEGURA EP\BITSAC\.venv\Lib\site-packages\dns\dnssecalgs\__pycache__\cryptography.cpython-313.pyc","3903",".pyc"
"C:\Users\ASUS\Desktop\SEGURA EP\BITSAC\.venv\Lib\site-packages\dns\dnssecalgs\__pycache__\dsa.cpython-313.pyc","6332",".pyc"
"C:\Users\ASUS\Desktop\SEGURA EP\BITSAC\.venv\Lib\site-packages\dns\dnssecalgs\__pycache__\ecdsa.cpython-313.pyc","6251",".pyc"
"C:\Users\ASUS\Desktop\SEGURA EP\BITSAC\.venv\Lib\site-packages\dns\dnssecalgs\__pycache__\eddsa.cpython-313.pyc","4392",".pyc"
"C:\Users\ASUS\Desktop\SEGURA EP\BITSAC\.venv\Lib\site-packages\dns\dnssecalgs\__pycache__\rsa.cpython-313.pyc","7625",".pyc"
"C:\Users\ASUS\Desktop\SEGURA EP\BITSAC\.venv\Lib\site-packages\dns\dnssecalgs\__pycache__\__init__.cpython-313.pyc","5525",".pyc"
"C:\Users\ASUS\Desktop\SEGURA EP\BITSAC\.venv\Lib\site-packages\dns\quic\__pycache__",,""
"C:\Users\ASUS\Desktop\SEGURA EP\BITSAC\.venv\Lib\site-packages\dns\quic\_asyncio.py","10314",".py"
"C:\Users\ASUS\Desktop\SEGURA EP\BITSAC\.venv\Lib\site-packages\dns\quic\_common.py","11087",".py"
"C:\Users\ASUS\Desktop\SEGURA EP\BITSAC\.venv\Lib\site-packages\dns\quic\_sync.py","10982",".py"
"C:\Users\ASUS\Desktop\SEGURA EP\BITSAC\.venv\Lib\site-packages\dns\quic\_trio.py","9452",".py"
"C:\Users\ASUS\Desktop\SEGURA EP\BITSAC\.venv\Lib\site-packages\dns\quic\__init__.py","2575",".py"
"C:\Users\ASUS\Desktop\SEGURA EP\BITSAC\.venv\Lib\site-packages\dns\quic\__pycache__\_asyncio.cpython-313.pyc","19234",".pyc"
"C:\Users\ASUS\Desktop\SEGURA EP\BITSAC\.venv\Lib\site-packages\dns\quic\__pycache__\_common.cpython-313.pyc","15523",".pyc"
"C:\Users\ASUS\Desktop\SEGURA EP\BITSAC\.venv\Lib\site-packages\dns\quic\__pycache__\_sync.cpython-313.pyc","20295",".pyc"
"C:\Users\ASUS\Desktop\SEGURA EP\BITSAC\.venv\Lib\site-packages\dns\quic\__pycache__\_trio.cpython-313.pyc","16481",".pyc"
"C:\Users\ASUS\Desktop\SEGURA EP\BITSAC\.venv\Lib\site-packages\dns\quic\__pycache__\__init__.cpython-313.pyc","3460",".pyc"
"C:\Users\ASUS\Desktop\SEGURA EP\BITSAC\.venv\Lib\site-packages\dns\rdtypes\ANY",,""
"C:\Users\ASUS\Desktop\SEGURA EP\BITSAC\.venv\Lib\site-packages\dns\rdtypes\CH",,""
"C:\Users\ASUS\Desktop\SEGURA EP\BITSAC\.venv\Lib\site-packages\dns\rdtypes\IN",,""
"C:\Users\ASUS\Desktop\SEGURA EP\BITSAC\.venv\Lib\site-packages\dns\rdtypes\__pycache__",,""
"C:\Users\ASUS\Desktop\SEGURA EP\BITSAC\.venv\Lib\site-packages\dns\rdtypes\dnskeybase.py","2824",".py"
"C:\Users\ASUS\Desktop\SEGURA EP\BITSAC\.venv\Lib\site-packages\dns\rdtypes\dsbase.py","3423",".py"
"C:\Users\ASUS\Desktop\SEGURA EP\BITSAC\.venv\Lib\site-packages\dns\rdtypes\euibase.py","2675",".py"
"C:\Users\ASUS\Desktop\SEGURA EP\BITSAC\.venv\Lib\site-packages\dns\rdtypes\mxbase.py","3190",".py"
"C:\Users\ASUS\Desktop\SEGURA EP\BITSAC\.venv\Lib\site-packages\dns\rdtypes\nsbase.py","2323",".py"
"C:\Users\ASUS\Desktop\SEGURA EP\BITSAC\.venv\Lib\site-packages\dns\rdtypes\svcbbase.py","17717",".py"
"C:\Users\ASUS\Desktop\SEGURA EP\BITSAC\.venv\Lib\site-packages\dns\rdtypes\tlsabase.py","2588",".py"
"C:\Users\ASUS\Desktop\SEGURA EP\BITSAC\.venv\Lib\site-packages\dns\rdtypes\txtbase.py","3723",".py"
"C:\Users\ASUS\Desktop\SEGURA EP\BITSAC\.venv\Lib\site-packages\dns\rdtypes\util.py","9680",".py"
"C:\Users\ASUS\Desktop\SEGURA EP\BITSAC\.venv\Lib\site-packages\dns\rdtypes\__init__.py","1073",".py"
"C:\Users\ASUS\Desktop\SEGURA EP\BITSAC\.venv\Lib\site-packages\dns\rdtypes\ANY\__pycache__",,""
"C:\Users\ASUS\Desktop\SEGURA EP\BITSAC\.venv\Lib\site-packages\dns\rdtypes\ANY\AFSDB.py","1661",".py"
"C:\Users\ASUS\Desktop\SEGURA EP\BITSAC\.venv\Lib\site-packages\dns\rdtypes\ANY\AMTRELAY.py","3355",".py"
"C:\Users\ASUS\Desktop\SEGURA EP\BITSAC\.venv\Lib\site-packages\dns\rdtypes\ANY\AVC.py","1024",".py"
"C:\Users\ASUS\Desktop\SEGURA EP\BITSAC\.venv\Lib\site-packages\dns\rdtypes\ANY\CAA.py","2456",".py"
"C:\Users\ASUS\Desktop\SEGURA EP\BITSAC\.venv\Lib\site-packages\dns\rdtypes\ANY\CDNSKEY.py","1225",".py"
"C:\Users\ASUS\Desktop\SEGURA EP\BITSAC\.venv\Lib\site-packages\dns\rdtypes\ANY\CDS.py","1163",".py"
"C:\Users\ASUS\Desktop\SEGURA EP\BITSAC\.venv\Lib\site-packages\dns\rdtypes\ANY\CERT.py","3547",".py"
"C:\Users\ASUS\Desktop\SEGURA EP\BITSAC\.venv\Lib\site-packages\dns\rdtypes\ANY\CNAME.py","1206",".py"
"C:\Users\ASUS\Desktop\SEGURA EP\BITSAC\.venv\Lib\site-packages\dns\rdtypes\ANY\CSYNC.py","2431",".py"
"C:\Users\ASUS\Desktop\SEGURA EP\BITSAC\.venv\Lib\site-packages\dns\rdtypes\ANY\DLV.py","986",".py"
"C:\Users\ASUS\Desktop\SEGURA EP\BITSAC\.venv\Lib\site-packages\dns\rdtypes\ANY\DNAME.py","1150",".py"
"C:\Users\ASUS\Desktop\SEGURA EP\BITSAC\.venv\Lib\site-packages\dns\rdtypes\ANY\DNSKEY.py","1223",".py"
"C:\Users\ASUS\Desktop\SEGURA EP\BITSAC\.venv\Lib\site-packages\dns\rdtypes\ANY\DS.py","995",".py"
"C:\Users\ASUS\Desktop\SEGURA EP\BITSAC\.venv\Lib\site-packages\dns\rdtypes\ANY\DSYNC.py","2154",".py"
"C:\Users\ASUS\Desktop\SEGURA EP\BITSAC\.venv\Lib\site-packages\dns\rdtypes\ANY\EUI48.py","1151",".py"
"C:\Users\ASUS\Desktop\SEGURA EP\BITSAC\.venv\Lib\site-packages\dns\rdtypes\ANY\EUI64.py","1161",".py"
"C:\Users\ASUS\Desktop\SEGURA EP\BITSAC\.venv\Lib\site-packages\dns\rdtypes\ANY\GPOS.py","4439",".py"
"C:\Users\ASUS\Desktop\SEGURA EP\BITSAC\.venv\Lib\site-packages\dns\rdtypes\ANY\HINFO.py","2217",".py"
"C:\Users\ASUS\Desktop\SEGURA EP\BITSAC\.venv\Lib\site-packages\dns\rdtypes\ANY\HIP.py","3216",".py"
"C:\Users\ASUS\Desktop\SEGURA EP\BITSAC\.venv\Lib\site-packages\dns\rdtypes\ANY\ISDN.py","2723",".py"
"C:\Users\ASUS\Desktop\SEGURA EP\BITSAC\.venv\Lib\site-packages\dns\rdtypes\ANY\L32.py","1302",".py"
"C:\Users\ASUS\Desktop\SEGURA EP\BITSAC\.venv\Lib\site-packages\dns\rdtypes\ANY\L64.py","1609",".py"
"C:\Users\ASUS\Desktop\SEGURA EP\BITSAC\.venv\Lib\site-packages\dns\rdtypes\ANY\LOC.py","11962",".py"
"C:\Users\ASUS\Desktop\SEGURA EP\BITSAC\.venv\Lib\site-packages\dns\rdtypes\ANY\LP.py","1332",".py"
"C:\Users\ASUS\Desktop\SEGURA EP\BITSAC\.venv\Lib\site-packages\dns\rdtypes\ANY\MX.py","995",".py"
"C:\Users\ASUS\Desktop\SEGURA EP\BITSAC\.venv\Lib\site-packages\dns\rdtypes\ANY\NID.py","1561",".py"
"C:\Users\ASUS\Desktop\SEGURA EP\BITSAC\.venv\Lib\site-packages\dns\rdtypes\ANY\NINFO.py","1041",".py"
"C:\Users\ASUS\Desktop\SEGURA EP\BITSAC\.venv\Lib\site-packages\dns\rdtypes\ANY\NS.py","995",".py"
"C:\Users\ASUS\Desktop\SEGURA EP\BITSAC\.venv\Lib\site-packages\dns\rdtypes\ANY\NSEC.py","2465",".py"
"C:\Users\ASUS\Desktop\SEGURA EP\BITSAC\.venv\Lib\site-packages\dns\rdtypes\ANY\NSEC3.py","4250",".py"
"C:\Users\ASUS\Desktop\SEGURA EP\BITSAC\.venv\Lib\site-packages\dns\rdtypes\ANY\NSEC3PARAM.py","2625",".py"
"C:\Users\ASUS\Desktop\SEGURA EP\BITSAC\.venv\Lib\site-packages\dns\rdtypes\ANY\OPENPGPKEY.py","1870",".py"
"C:\Users\ASUS\Desktop\SEGURA EP\BITSAC\.venv\Lib\site-packages\dns\rdtypes\ANY\OPT.py","2561",".py"
"C:\Users\ASUS\Desktop\SEGURA EP\BITSAC\.venv\Lib\site-packages\dns\rdtypes\ANY\PTR.py","997",".py"
"C:\Users\ASUS\Desktop\SEGURA EP\BITSAC\.venv\Lib\site-packages\dns\rdtypes\ANY\RESINFO.py","1008",".py"
"C:\Users\ASUS\Desktop\SEGURA EP\BITSAC\.venv\Lib\site-packages\dns\rdtypes\ANY\RP.py","2174",".py"
"C:\Users\ASUS\Desktop\SEGURA EP\BITSAC\.venv\Lib\site-packages\dns\rdtypes\ANY\RRSIG.py","4941",".py"
"C:\Users\ASUS\Desktop\SEGURA EP\BITSAC\.venv\Lib\site-packages\dns\rdtypes\ANY\RT.py","1013",".py"
"C:\Users\ASUS\Desktop\SEGURA EP\BITSAC\.venv\Lib\site-packages\dns\rdtypes\ANY\SMIMEA.py","222",".py"
"C:\Users\ASUS\Desktop\SEGURA EP\BITSAC\.venv\Lib\site-packages\dns\rdtypes\ANY\SOA.py","3034",".py"
"C:\Users\ASUS\Desktop\SEGURA EP\BITSAC\.venv\Lib\site-packages\dns\rdtypes\ANY\SPF.py","1022",".py"
"C:\Users\ASUS\Desktop\SEGURA EP\BITSAC\.venv\Lib\site-packages\dns\rdtypes\ANY\SSHFP.py","2550",".py"
"C:\Users\ASUS\Desktop\SEGURA EP\BITSAC\.venv\Lib\site-packages\dns\rdtypes\ANY\TKEY.py","4848",".py"
"C:\Users\ASUS\Desktop\SEGURA EP\BITSAC\.venv\Lib\site-packages\dns\rdtypes\ANY\TLSA.py","218",".py"
"C:\Users\ASUS\Desktop\SEGURA EP\BITSAC\.venv\Lib\site-packages\dns\rdtypes\ANY\TSIG.py","4750",".py"
"C:\Users\ASUS\Desktop\SEGURA EP\BITSAC\.venv\Lib\site-packages\dns\rdtypes\ANY\TXT.py","1000",".py"
"C:\Users\ASUS\Desktop\SEGURA EP\BITSAC\.venv\Lib\site-packages\dns\rdtypes\ANY\URI.py","2913",".py"
"C:\Users\ASUS\Desktop\SEGURA EP\BITSAC\.venv\Lib\site-packages\dns\rdtypes\ANY\WALLET.py","219",".py"
"C:\Users\ASUS\Desktop\SEGURA EP\BITSAC\.venv\Lib\site-packages\dns\rdtypes\ANY\X25.py","1942",".py"
"C:\Users\ASUS\Desktop\SEGURA EP\BITSAC\.venv\Lib\site-packages\dns\rdtypes\ANY\ZONEMD.py","2389",".py"
"C:\Users\ASUS\Desktop\SEGURA EP\BITSAC\.venv\Lib\site-packages\dns\rdtypes\ANY\__init__.py","1539",".py"
"C:\Users\ASUS\Desktop\SEGURA EP\BITSAC\.venv\Lib\site-packages\dns\rdtypes\ANY\__pycache__\AFSDB.cpython-313.pyc","1120",".pyc"
"C:\Users\ASUS\Desktop\SEGURA EP\BITSAC\.venv\Lib\site-packages\dns\rdtypes\ANY\__pycache__\AMTRELAY.cpython-313.pyc","4270",".pyc"
"C:\Users\ASUS\Desktop\SEGURA EP\BITSAC\.venv\Lib\site-packages\dns\rdtypes\ANY\__pycache__\AVC.cpython-313.pyc","693",".pyc"
"C:\Users\ASUS\Desktop\SEGURA EP\BITSAC\.venv\Lib\site-packages\dns\rdtypes\ANY\__pycache__\CAA.cpython-313.pyc","3432",".pyc"
"C:\Users\ASUS\Desktop\SEGURA EP\BITSAC\.venv\Lib\site-packages\dns\rdtypes\ANY\__pycache__\CDNSKEY.cpython-313.pyc","780",".pyc"
"C:\Users\ASUS\Desktop\SEGURA EP\BITSAC\.venv\Lib\site-packages\dns\rdtypes\ANY\__pycache__\CDS.cpython-313.pyc","888",".pyc"
"C:\Users\ASUS\Desktop\SEGURA EP\BITSAC\.venv\Lib\site-packages\dns\rdtypes\ANY\__pycache__\CERT.cpython-313.pyc","4542",".pyc"
"C:\Users\ASUS\Desktop\SEGURA EP\BITSAC\.venv\Lib\site-packages\dns\rdtypes\ANY\__pycache__\CNAME.cpython-313.pyc","891",".pyc"
"C:\Users\ASUS\Desktop\SEGURA EP\BITSAC\.venv\Lib\site-packages\dns\rdtypes\ANY\__pycache__\CSYNC.cpython-313.pyc","3429",".pyc"
"C:\Users\ASUS\Desktop\SEGURA EP\BITSAC\.venv\Lib\site-packages\dns\rdtypes\ANY\__pycache__\DLV.cpython-313.pyc","690",".pyc"
"C:\Users\ASUS\Desktop\SEGURA EP\BITSAC\.venv\Lib\site-packages\dns\rdtypes\ANY\__pycache__\DNAME.cpython-313.pyc","964",".pyc"
"C:\Users\ASUS\Desktop\SEGURA EP\BITSAC\.venv\Lib\site-packages\dns\rdtypes\ANY\__pycache__\DNSKEY.cpython-313.pyc","777",".pyc"
"C:\Users\ASUS\Desktop\SEGURA EP\BITSAC\.venv\Lib\site-packages\dns\rdtypes\ANY\__pycache__\DS.cpython-313.pyc","687",".pyc"
"C:\Users\ASUS\Desktop\SEGURA EP\BITSAC\.venv\Lib\site-packages\dns\rdtypes\ANY\__pycache__\DSYNC.cpython-313.pyc","4408",".pyc"
"C:\Users\ASUS\Desktop\SEGURA EP\BITSAC\.venv\Lib\site-packages\dns\rdtypes\ANY\__pycache__\EUI48.cpython-313.pyc","775",".pyc"
"C:\Users\ASUS\Desktop\SEGURA EP\BITSAC\.venv\Lib\site-packages\dns\rdtypes\ANY\__pycache__\EUI64.cpython-313.pyc","775",".pyc"
"C:\Users\ASUS\Desktop\SEGURA EP\BITSAC\.venv\Lib\site-packages\dns\rdtypes\ANY\__pycache__\GPOS.cpython-313.pyc","6295",".pyc"
"C:\Users\ASUS\Desktop\SEGURA EP\BITSAC\.venv\Lib\site-packages\dns\rdtypes\ANY\__pycache__\HINFO.cpython-313.pyc","3015",".pyc"
"C:\Users\ASUS\Desktop\SEGURA EP\BITSAC\.venv\Lib\site-packages\dns\rdtypes\ANY\__pycache__\HIP.cpython-313.pyc","4880",".pyc"
"C:\Users\ASUS\Desktop\SEGURA EP\BITSAC\.venv\Lib\site-packages\dns\rdtypes\ANY\__pycache__\ISDN.cpython-313.pyc","3504",".pyc"
"C:\Users\ASUS\Desktop\SEGURA EP\BITSAC\.venv\Lib\site-packages\dns\rdtypes\ANY\__pycache__\L32.cpython-313.pyc","2575",".pyc"
"C:\Users\ASUS\Desktop\SEGURA EP\BITSAC\.venv\Lib\site-packages\dns\rdtypes\ANY\__pycache__\L64.cpython-313.pyc","3044",".pyc"
"C:\Users\ASUS\Desktop\SEGURA EP\BITSAC\.venv\Lib\site-packages\dns\rdtypes\ANY\__pycache__\LOC.cpython-313.pyc","14358",".pyc"
"C:\Users\ASUS\Desktop\SEGURA EP\BITSAC\.venv\Lib\site-packages\dns\rdtypes\ANY\__pycache__\LP.cpython-313.pyc","2508",".pyc"
"C:\Users\ASUS\Desktop\SEGURA EP\BITSAC\.venv\Lib\site-packages\dns\rdtypes\ANY\__pycache__\MX.cpython-313.pyc","687",".pyc"
"C:\Users\ASUS\Desktop\SEGURA EP\BITSAC\.venv\Lib\site-packages\dns\rdtypes\ANY\__pycache__\NID.cpython-313.pyc","3037",".pyc"
"C:\Users\ASUS\Desktop\SEGURA EP\BITSAC\.venv\Lib\site-packages\dns\rdtypes\ANY\__pycache__\NINFO.cpython-313.pyc","699",".pyc"
"C:\Users\ASUS\Desktop\SEGURA EP\BITSAC\.venv\Lib\site-packages\dns\rdtypes\ANY\__pycache__\NS.cpython-313.pyc","687",".pyc"
"C:\Users\ASUS\Desktop\SEGURA EP\BITSAC\.venv\Lib\site-packages\dns\rdtypes\ANY\__pycache__\NSEC.cpython-313.pyc","3161",".pyc"
"C:\Users\ASUS\Desktop\SEGURA EP\BITSAC\.venv\Lib\site-packages\dns\rdtypes\ANY\__pycache__\NSEC3.cpython-313.pyc","6513",".pyc"
"C:\Users\ASUS\Desktop\SEGURA EP\BITSAC\.venv\Lib\site-packages\dns\rdtypes\ANY\__pycache__\NSEC3PARAM.cpython-313.pyc","3433",".pyc"
"C:\Users\ASUS\Desktop\SEGURA EP\BITSAC\.venv\Lib\site-packages\dns\rdtypes\ANY\__pycache__\OPENPGPKEY.cpython-313.pyc","2369",".pyc"
"C:\Users\ASUS\Desktop\SEGURA EP\BITSAC\.venv\Lib\site-packages\dns\rdtypes\ANY\__pycache__\OPT.cpython-313.pyc","3552",".pyc"
"C:\Users\ASUS\Desktop\SEGURA EP\BITSAC\.venv\Lib\site-packages\dns\rdtypes\ANY\__pycache__\PTR.cpython-313.pyc","690",".pyc"
"C:\Users\ASUS\Desktop\SEGURA EP\BITSAC\.venv\Lib\site-packages\dns\rdtypes\ANY\__pycache__\RESINFO.cpython-313.pyc","705",".pyc"
"C:\Users\ASUS\Desktop\SEGURA EP\BITSAC\.venv\Lib\site-packages\dns\rdtypes\ANY\__pycache__\RP.cpython-313.pyc","2558",".pyc"
"C:\Users\ASUS\Desktop\SEGURA EP\BITSAC\.venv\Lib\site-packages\dns\rdtypes\ANY\__pycache__\RRSIG.cpython-313.pyc","6728",".pyc"
"C:\Users\ASUS\Desktop\SEGURA EP\BITSAC\.venv\Lib\site-packages\dns\rdtypes\ANY\__pycache__\RT.cpython-313.pyc","705",".pyc"
"C:\Users\ASUS\Desktop\SEGURA EP\BITSAC\.venv\Lib\site-packages\dns\rdtypes\ANY\__pycache__\SMIMEA.cpython-313.pyc","705",".pyc"
"C:\Users\ASUS\Desktop\SEGURA EP\BITSAC\.venv\Lib\site-packages\dns\rdtypes\ANY\__pycache__\SOA.cpython-313.pyc","3846",".pyc"
"C:\Users\ASUS\Desktop\SEGURA EP\BITSAC\.venv\Lib\site-packages\dns\rdtypes\ANY\__pycache__\SPF.cpython-313.pyc","693",".pyc"
"C:\Users\ASUS\Desktop\SEGURA EP\BITSAC\.venv\Lib\site-packages\dns\rdtypes\ANY\__pycache__\SSHFP.cpython-313.pyc","3207",".pyc"
"C:\Users\ASUS\Desktop\SEGURA EP\BITSAC\.venv\Lib\site-packages\dns\rdtypes\ANY\__pycache__\TKEY.cpython-313.pyc","5139",".pyc"
"C:\Users\ASUS\Desktop\SEGURA EP\BITSAC\.venv\Lib\site-packages\dns\rdtypes\ANY\__pycache__\TLSA.cpython-313.pyc","699",".pyc"
"C:\Users\ASUS\Desktop\SEGURA EP\BITSAC\.venv\Lib\site-packages\dns\rdtypes\ANY\__pycache__\TSIG.cpython-313.pyc","5936",".pyc"
"C:\Users\ASUS\Desktop\SEGURA EP\BITSAC\.venv\Lib\site-packages\dns\rdtypes\ANY\__pycache__\TXT.cpython-313.pyc","693",".pyc"
"C:\Users\ASUS\Desktop\SEGURA EP\BITSAC\.venv\Lib\site-packages\dns\rdtypes\ANY\__pycache__\URI.cpython-313.pyc","4248",".pyc"
"C:\Users\ASUS\Desktop\SEGURA EP\BITSAC\.venv\Lib\site-packages\dns\rdtypes\ANY\__pycache__\WALLET.cpython-313.pyc","702",".pyc"
"C:\Users\ASUS\Desktop\SEGURA EP\BITSAC\.venv\Lib\site-packages\dns\rdtypes\ANY\__pycache__\X25.cpython-313.pyc","2411",".pyc"
"C:\Users\ASUS\Desktop\SEGURA EP\BITSAC\.venv\Lib\site-packages\dns\rdtypes\ANY\__pycache__\ZONEMD.cpython-313.pyc","4277",".pyc"
"C:\Users\ASUS\Desktop\SEGURA EP\BITSAC\.venv\Lib\site-packages\dns\rdtypes\ANY\__pycache__\__init__.cpython-313.pyc","583",".pyc"
"C:\Users\ASUS\Desktop\SEGURA EP\BITSAC\.venv\Lib\site-packages\dns\rdtypes\CH\__pycache__",,""
"C:\Users\ASUS\Desktop\SEGURA EP\BITSAC\.venv\Lib\site-packages\dns\rdtypes\CH\A.py","2229",".py"
"C:\Users\ASUS\Desktop\SEGURA EP\BITSAC\.venv\Lib\site-packages\dns\rdtypes\CH\__init__.py","923",".py"
"C:\Users\ASUS\Desktop\SEGURA EP\BITSAC\.venv\Lib\site-packages\dns\rdtypes\CH\__pycache__\A.cpython-313.pyc","2577",".pyc"
"C:\Users\ASUS\Desktop\SEGURA EP\BITSAC\.venv\Lib\site-packages\dns\rdtypes\CH\__pycache__\__init__.cpython-313.pyc","261",".pyc"
"C:\Users\ASUS\Desktop\SEGURA EP\BITSAC\.venv\Lib\site-packages\dns\rdtypes\IN\__pycache__",,""
"C:\Users\ASUS\Desktop\SEGURA EP\BITSAC\.venv\Lib\site-packages\dns\rdtypes\IN\A.py","1814",".py"
"C:\Users\ASUS\Desktop\SEGURA EP\BITSAC\.venv\Lib\site-packages\dns\rdtypes\IN\AAAA.py","1820",".py"
"C:\Users\ASUS\Desktop\SEGURA EP\BITSAC\.venv\Lib\site-packages\dns\rdtypes\IN\APL.py","5081",".py"
"C:\Users\ASUS\Desktop\SEGURA EP\BITSAC\.venv\Lib\site-packages\dns\rdtypes\IN\DHCID.py","1875",".py"
"C:\Users\ASUS\Desktop\SEGURA EP\BITSAC\.venv\Lib\site-packages\dns\rdtypes\IN\HTTPS.py","220",".py"
"C:\Users\ASUS\Desktop\SEGURA EP\BITSAC\.venv\Lib\site-packages\dns\rdtypes\IN\IPSECKEY.py","3261",".py"
"C:\Users\ASUS\Desktop\SEGURA EP\BITSAC\.venv\Lib\site-packages\dns\rdtypes\IN\KX.py","1013",".py"
"C:\Users\ASUS\Desktop\SEGURA EP\BITSAC\.venv\Lib\site-packages\dns\rdtypes\IN\NAPTR.py","3741",".py"
"C:\Users\ASUS\Desktop\SEGURA EP\BITSAC\.venv\Lib\site-packages\dns\rdtypes\IN\NSAP.py","2163",".py"
"C:\Users\ASUS\Desktop\SEGURA EP\BITSAC\.venv\Lib\site-packages\dns\rdtypes\IN\NSAP_PTR.py","1015",".py"
"C:\Users\ASUS\Desktop\SEGURA EP\BITSAC\.venv\Lib\site-packages\dns\rdtypes\IN\PX.py","2748",".py"
"C:\Users\ASUS\Desktop\SEGURA EP\BITSAC\.venv\Lib\site-packages\dns\rdtypes\IN\SRV.py","2759",".py"
"C:\Users\ASUS\Desktop\SEGURA EP\BITSAC\.venv\Lib\site-packages\dns\rdtypes\IN\SVCB.py","218",".py"
"C:\Users\ASUS\Desktop\SEGURA EP\BITSAC\.venv\Lib\site-packages\dns\rdtypes\IN\WKS.py","3644",".py"
"C:\Users\ASUS\Desktop\SEGURA EP\BITSAC\.venv\Lib\site-packages\dns\rdtypes\IN\__init__.py","1083",".py"
"C:\Users\ASUS\Desktop\SEGURA EP\BITSAC\.venv\Lib\site-packages\dns\rdtypes\IN\__pycache__\A.cpython-313.pyc","2165",".pyc"
"C:\Users\ASUS\Desktop\SEGURA EP\BITSAC\.venv\Lib\site-packages\dns\rdtypes\IN\__pycache__\AAAA.cpython-313.pyc","2189",".pyc"
"C:\Users\ASUS\Desktop\SEGURA EP\BITSAC\.venv\Lib\site-packages\dns\rdtypes\IN\__pycache__\APL.cpython-313.pyc","7059",".pyc"
"C:\Users\ASUS\Desktop\SEGURA EP\BITSAC\.venv\Lib\site-packages\dns\rdtypes\IN\__pycache__\DHCID.cpython-313.pyc","2315",".pyc"
"C:\Users\ASUS\Desktop\SEGURA EP\BITSAC\.venv\Lib\site-packages\dns\rdtypes\IN\__pycache__\HTTPS.cpython-313.pyc","701",".pyc"
"C:\Users\ASUS\Desktop\SEGURA EP\BITSAC\.venv\Lib\site-packages\dns\rdtypes\IN\__pycache__\IPSECKEY.cpython-313.pyc","4313",".pyc"
"C:\Users\ASUS\Desktop\SEGURA EP\BITSAC\.venv\Lib\site-packages\dns\rdtypes\IN\__pycache__\KX.cpython-313.pyc","704",".pyc"
"C:\Users\ASUS\Desktop\SEGURA EP\BITSAC\.venv\Lib\site-packages\dns\rdtypes\IN\__pycache__\NAPTR.cpython-313.pyc","5103",".pyc"
"C:\Users\ASUS\Desktop\SEGURA EP\BITSAC\.venv\Lib\site-packages\dns\rdtypes\IN\__pycache__\NSAP.cpython-313.pyc","2765",".pyc"
"C:\Users\ASUS\Desktop\SEGURA EP\BITSAC\.venv\Lib\site-packages\dns\rdtypes\IN\__pycache__\NSAP_PTR.cpython-313.pyc","712",".pyc"
"C:\Users\ASUS\Desktop\SEGURA EP\BITSAC\.venv\Lib\site-packages\dns\rdtypes\IN\__pycache__\PX.cpython-313.pyc","3487",".pyc"
"C:\Users\ASUS\Desktop\SEGURA EP\BITSAC\.venv\Lib\site-packages\dns\rdtypes\IN\__pycache__\SRV.cpython-313.pyc","3741",".pyc"
"C:\Users\ASUS\Desktop\SEGURA EP\BITSAC\.venv\Lib\site-packages\dns\rdtypes\IN\__pycache__\SVCB.cpython-313.pyc","698",".pyc"
"C:\Users\ASUS\Desktop\SEGURA EP\BITSAC\.venv\Lib\site-packages\dns\rdtypes\IN\__pycache__\WKS.cpython-313.pyc","4687",".pyc"
"C:\Users\ASUS\Desktop\SEGURA EP\BITSAC\.venv\Lib\site-packages\dns\rdtypes\IN\__pycache__\__init__.cpython-313.pyc","342",".pyc"
"C:\Users\ASUS\Desktop\SEGURA EP\BITSAC\.venv\Lib\site-packages\dns\rdtypes\__pycache__\dnskeybase.cpython-313.pyc","3978",".pyc"
"C:\Users\ASUS\Desktop\SEGURA EP\BITSAC\.venv\Lib\site-packages\dns\rdtypes\__pycache__\dsbase.cpython-313.pyc","4267",".pyc"
"C:\Users\ASUS\Desktop\SEGURA EP\BITSAC\.venv\Lib\site-packages\dns\rdtypes\__pycache__\euibase.cpython-313.pyc","3663",".pyc"
"C:\Users\ASUS\Desktop\SEGURA EP\BITSAC\.venv\Lib\site-packages\dns\rdtypes\__pycache__\mxbase.cpython-313.pyc","4472",".pyc"
"C:\Users\ASUS\Desktop\SEGURA EP\BITSAC\.venv\Lib\site-packages\dns\rdtypes\__pycache__\nsbase.cpython-313.pyc","2890",".pyc"
"C:\Users\ASUS\Desktop\SEGURA EP\BITSAC\.venv\Lib\site-packages\dns\rdtypes\__pycache__\svcbbase.cpython-313.pyc","30518",".pyc"
"C:\Users\ASUS\Desktop\SEGURA EP\BITSAC\.venv\Lib\site-packages\dns\rdtypes\__pycache__\tlsabase.cpython-313.pyc","3457",".pyc"
"C:\Users\ASUS\Desktop\SEGURA EP\BITSAC\.venv\Lib\site-packages\dns\rdtypes\__pycache__\txtbase.cpython-313.pyc","5253",".pyc"
"C:\Users\ASUS\Desktop\SEGURA EP\BITSAC\.venv\Lib\site-packages\dns\rdtypes\__pycache__\util.cpython-313.pyc","14129",".pyc"
"C:\Users\ASUS\Desktop\SEGURA EP\BITSAC\.venv\Lib\site-packages\dns\rdtypes\__pycache__\__init__.cpython-313.pyc","341",".pyc"
"C:\Users\ASUS\Desktop\SEGURA EP\BITSAC\.venv\Lib\site-packages\dns\__pycache__\asyncbackend.cpython-313.pyc","3470",".pyc"
"C:\Users\ASUS\Desktop\SEGURA EP\BITSAC\.venv\Lib\site-packages\dns\__pycache__\asyncquery.cpython-313.pyc","38535",".pyc"
"C:\Users\ASUS\Desktop\SEGURA EP\BITSAC\.venv\Lib\site-packages\dns\__pycache__\asyncresolver.cpython-313.pyc","20700",".pyc"
"C:\Users\ASUS\Desktop\SEGURA EP\BITSAC\.venv\Lib\site-packages\dns\__pycache__\btree.cpython-313.pyc","41497",".pyc"
"C:\Users\ASUS\Desktop\SEGURA EP\BITSAC\.venv\Lib\site-packages\dns\__pycache__\btreezone.cpython-313.pyc","21405",".pyc"
"C:\Users\ASUS\Desktop\SEGURA EP\BITSAC\.venv\Lib\site-packages\dns\__pycache__\dnssec.cpython-313.pyc","51107",".pyc"
"C:\Users\ASUS\Desktop\SEGURA EP\BITSAC\.venv\Lib\site-packages\dns\__pycache__\dnssectypes.cpython-313.pyc","2085",".pyc"
"C:\Users\ASUS\Desktop\SEGURA EP\BITSAC\.venv\Lib\site-packages\dns\__pycache__\e164.cpython-313.pyc","4761",".pyc"
"C:\Users\ASUS\Desktop\SEGURA EP\BITSAC\.venv\Lib\site-packages\dns\__pycache__\edns.cpython-313.pyc","26317",".pyc"
"C:\Users\ASUS\Desktop\SEGURA EP\BITSAC\.venv\Lib\site-packages\dns\__pycache__\entropy.cpython-313.pyc","6128",".pyc"
"C:\Users\ASUS\Desktop\SEGURA EP\BITSAC\.venv\Lib\site-packages\dns\__pycache__\enum.cpython-313.pyc","4936",".pyc"
"C:\Users\ASUS\Desktop\SEGURA EP\BITSAC\.venv\Lib\site-packages\dns\__pycache__\exception.cpython-313.pyc","7467",".pyc"
"C:\Users\ASUS\Desktop\SEGURA EP\BITSAC\.venv\Lib\site-packages\dns\__pycache__\flags.cpython-313.pyc","3113",".pyc"
"C:\Users\ASUS\Desktop\SEGURA EP\BITSAC\.venv\Lib\site-packages\dns\__pycache__\grange.cpython-313.pyc","1805",".pyc"
"C:\Users\ASUS\Desktop\SEGURA EP\BITSAC\.venv\Lib\site-packages\dns\__pycache__\immutable.cpython-313.pyc","3843",".pyc"
"C:\Users\ASUS\Desktop\SEGURA EP\BITSAC\.venv\Lib\site-packages\dns\__pycache__\inet.cpython-313.pyc","6565",".pyc"
"C:\Users\ASUS\Desktop\SEGURA EP\BITSAC\.venv\Lib\site-packages\dns\__pycache__\ipv4.cpython-313.pyc","2574",".pyc"
"C:\Users\ASUS\Desktop\SEGURA EP\BITSAC\.venv\Lib\site-packages\dns\__pycache__\ipv6.cpython-313.pyc","6790",".pyc"
"C:\Users\ASUS\Desktop\SEGURA EP\BITSAC\.venv\Lib\site-packages\dns\__pycache__\message.cpython-313.pyc","88046",".pyc"
"C:\Users\ASUS\Desktop\SEGURA EP\BITSAC\.venv\Lib\site-packages\dns\__pycache__\name.cpython-313.pyc","49026",".pyc"
"C:\Users\ASUS\Desktop\SEGURA EP\BITSAC\.venv\Lib\site-packages\dns\__pycache__\namedict.cpython-313.pyc","4369",".pyc"
"C:\Users\ASUS\Desktop\SEGURA EP\BITSAC\.venv\Lib\site-packages\dns\__pycache__\nameserver.cpython-313.pyc","14483",".pyc"
"C:\Users\ASUS\Desktop\SEGURA EP\BITSAC\.venv\Lib\site-packages\dns\__pycache__\node.cpython-313.pyc","16307",".pyc"
"C:\Users\ASUS\Desktop\SEGURA EP\BITSAC\.venv\Lib\site-packages\dns\__pycache__\opcode.cpython-313.pyc","3237",".pyc"
"C:\Users\ASUS\Desktop\SEGURA EP\BITSAC\.venv\Lib\site-packages\dns\__pycache__\query.cpython-313.pyc","68909",".pyc"
"C:\Users\ASUS\Desktop\SEGURA EP\BITSAC\.venv\Lib\site-packages\dns\__pycache__\rcode.cpython-313.pyc","4529",".pyc"
"C:\Users\ASUS\Desktop\SEGURA EP\BITSAC\.venv\Lib\site-packages\dns\__pycache__\rdata.cpython-313.pyc","39920",".pyc"
"C:\Users\ASUS\Desktop\SEGURA EP\BITSAC\.venv\Lib\site-packages\dns\__pycache__\rdataclass.cpython-313.pyc","3552",".pyc"
"C:\Users\ASUS\Desktop\SEGURA EP\BITSAC\.venv\Lib\site-packages\dns\__pycache__\rdataset.cpython-313.pyc","22649",".pyc"
"C:\Users\ASUS\Desktop\SEGURA EP\BITSAC\.venv\Lib\site-packages\dns\__pycache__\rdatatype.cpython-313.pyc","10313",".pyc"
"C:\Users\ASUS\Desktop\SEGURA EP\BITSAC\.venv\Lib\site-packages\dns\__pycache__\renderer.cpython-313.pyc","16046",".pyc"
"C:\Users\ASUS\Desktop\SEGURA EP\BITSAC\.venv\Lib\site-packages\dns\__pycache__\resolver.cpython-313.pyc","88125",".pyc"
"C:\Users\ASUS\Desktop\SEGURA EP\BITSAC\.venv\Lib\site-packages\dns\__pycache__\reversename.cpython-313.pyc","4754",".pyc"
"C:\Users\ASUS\Desktop\SEGURA EP\BITSAC\.venv\Lib\site-packages\dns\__pycache__\rrset.cpython-313.pyc","12313",".pyc"
"C:\Users\ASUS\Desktop\SEGURA EP\BITSAC\.venv\Lib\site-packages\dns\__pycache__\serial.cpython-313.pyc","5436",".pyc"
"C:\Users\ASUS\Desktop\SEGURA EP\BITSAC\.venv\Lib\site-packages\dns\__pycache__\set.cpython-313.pyc","12136",".pyc"
"C:\Users\ASUS\Desktop\SEGURA EP\BITSAC\.venv\Lib\site-packages\dns\__pycache__\tokenizer.cpython-313.pyc","26525",".pyc"
"C:\Users\ASUS\Desktop\SEGURA EP\BITSAC\.venv\Lib\site-packages\dns\__pycache__\transaction.cpython-313.pyc","28853",".pyc"
"C:\Users\ASUS\Desktop\SEGURA EP\BITSAC\.venv\Lib\site-packages\dns\__pycache__\tsig.cpython-313.pyc","17448",".pyc"
"C:\Users\ASUS\Desktop\SEGURA EP\BITSAC\.venv\Lib\site-packages\dns\__pycache__\tsigkeyring.cpython-313.pyc","2828",".pyc"
"C:\Users\ASUS\Desktop\SEGURA EP\BITSAC\.venv\Lib\site-packages\dns\__pycache__\ttl.cpython-313.pyc","2445",".pyc"
"C:\Users\ASUS\Desktop\SEGURA EP\BITSAC\.venv\Lib\site-packages\dns\__pycache__\update.cpython-313.pyc","16081",".pyc"
"C:\Users\ASUS\Desktop\SEGURA EP\BITSAC\.venv\Lib\site-packages\dns\__pycache__\version.cpython-313.pyc","770",".pyc"
"C:\Users\ASUS\Desktop\SEGURA EP\BITSAC\.venv\Lib\site-packages\dns\__pycache__\versioned.cpython-313.pyc","14939",".pyc"
"C:\Users\ASUS\Desktop\SEGURA EP\BITSAC\.venv\Lib\site-packages\dns\__pycache__\win32util.cpython-313.pyc","20621",".pyc"
"C:\Users\ASUS\Desktop\SEGURA EP\BITSAC\.venv\Lib\site-packages\dns\__pycache__\wire.cpython-313.pyc","5856",".pyc"
"C:\Users\ASUS\Desktop\SEGURA EP\BITSAC\.venv\Lib\site-packages\dns\__pycache__\xfr.cpython-313.pyc","15289",".pyc"
"C:\Users\ASUS\Desktop\SEGURA EP\BITSAC\.venv\Lib\site-packages\dns\__pycache__\zone.cpython-313.pyc","67261",".pyc"
"C:\Users\ASUS\Desktop\SEGURA EP\BITSAC\.venv\Lib\site-packages\dns\__pycache__\zonefile.cpython-313.pyc","35044",".pyc"
"C:\Users\ASUS\Desktop\SEGURA EP\BITSAC\.venv\Lib\site-packages\dns\__pycache__\zonetypes.cpython-313.pyc","1431",".pyc"
"C:\Users\ASUS\Desktop\SEGURA EP\BITSAC\.venv\Lib\site-packages\dns\__pycache__\_asyncbackend.cpython-313.pyc","5028",".pyc"
"C:\Users\ASUS\Desktop\SEGURA EP\BITSAC\.venv\Lib\site-packages\dns\__pycache__\_asyncio_backend.cpython-313.pyc","14641",".pyc"
"C:\Users\ASUS\Desktop\SEGURA EP\BITSAC\.venv\Lib\site-packages\dns\__pycache__\_ddr.cpython-313.pyc","7974",".pyc"
"C:\Users\ASUS\Desktop\SEGURA EP\BITSAC\.venv\Lib\site-packages\dns\__pycache__\_features.cpython-313.pyc","3252",".pyc"
"C:\Users\ASUS\Desktop\SEGURA EP\BITSAC\.venv\Lib\site-packages\dns\__pycache__\_immutable_ctx.cpython-313.pyc","3350",".pyc"
"C:\Users\ASUS\Desktop\SEGURA EP\BITSAC\.venv\Lib\site-packages\dns\__pycache__\_no_ssl.cpython-313.pyc","3373",".pyc"
"C:\Users\ASUS\Desktop\SEGURA EP\BITSAC\.venv\Lib\site-packages\dns\__pycache__\_tls_util.cpython-313.pyc","917",".pyc"
"C:\Users\ASUS\Desktop\SEGURA EP\BITSAC\.venv\Lib\site-packages\dns\__pycache__\_trio_backend.cpython-313.pyc","13874",".pyc"
"C:\Users\ASUS\Desktop\SEGURA EP\BITSAC\.venv\Lib\site-packages\dns\__pycache__\__init__.cpython-313.pyc","735",".pyc"
"C:\Users\ASUS\Desktop\SEGURA EP\BITSAC\.venv\Lib\site-packages\dnspython-2.8.0.dist-info\licenses",,""
"C:\Users\ASUS\Desktop\SEGURA EP\BITSAC\.venv\Lib\site-packages\dnspython-2.8.0.dist-info\INSTALLER","4",""
"C:\Users\ASUS\Desktop\SEGURA EP\BITSAC\.venv\Lib\site-packages\dnspython-2.8.0.dist-info\METADATA","5680",""
"C:\Users\ASUS\Desktop\SEGURA EP\BITSAC\.venv\Lib\site-packages\dnspython-2.8.0.dist-info\RECORD","19253",""
"C:\Users\ASUS\Desktop\SEGURA EP\BITSAC\.venv\Lib\site-packages\dnspython-2.8.0.dist-info\WHEEL","87",""
"C:\Users\ASUS\Desktop\SEGURA EP\BITSAC\.venv\Lib\site-packages\dnspython-2.8.0.dist-info\licenses\LICENSE","1526",""
"C:\Users\ASUS\Desktop\SEGURA EP\BITSAC\.venv\Lib\site-packages\dotenv\__pycache__",,""
"C:\Users\ASUS\Desktop\SEGURA EP\BITSAC\.venv\Lib\site-packages\dotenv\cli.py","5809",".py"
"C:\Users\ASUS\Desktop\SEGURA EP\BITSAC\.venv\Lib\site-packages\dotenv\ipython.py","1303",".py"
"C:\Users\ASUS\Desktop\SEGURA EP\BITSAC\.venv\Lib\site-packages\dotenv\main.py","12098",".py"
"C:\Users\ASUS\Desktop\SEGURA EP\BITSAC\.venv\Lib\site-packages\dotenv\parser.py","5186",".py"
"C:\Users\ASUS\Desktop\SEGURA EP\BITSAC\.venv\Lib\site-packages\dotenv\py.typed","26",".typed"
"C:\Users\ASUS\Desktop\SEGURA EP\BITSAC\.venv\Lib\site-packages\dotenv\variables.py","2348",".py"
"C:\Users\ASUS\Desktop\SEGURA EP\BITSAC\.venv\Lib\site-packages\dotenv\version.py","22",".py"
"C:\Users\ASUS\Desktop\SEGURA EP\BITSAC\.venv\Lib\site-packages\dotenv\__init__.py","1292",".py"
"C:\Users\ASUS\Desktop\SEGURA EP\BITSAC\.venv\Lib\site-packages\dotenv\__main__.py","129",".py"
"C:\Users\ASUS\Desktop\SEGURA EP\BITSAC\.venv\Lib\site-packages\dotenv\__pycache__\cli.cpython-313.pyc","9620",".pyc"
"C:\Users\ASUS\Desktop\SEGURA EP\BITSAC\.venv\Lib\site-packages\dotenv\__pycache__\ipython.cpython-313.pyc","1992",".pyc"
"C:\Users\ASUS\Desktop\SEGURA EP\BITSAC\.venv\Lib\site-packages\dotenv\__pycache__\main.cpython-313.pyc","16675",".pyc"
"C:\Users\ASUS\Desktop\SEGURA EP\BITSAC\.venv\Lib\site-packages\dotenv\__pycache__\parser.cpython-313.pyc","10239",".pyc"
"C:\Users\ASUS\Desktop\SEGURA EP\BITSAC\.venv\Lib\site-packages\dotenv\__pycache__\variables.cpython-313.pyc","5143",".pyc"
"C:\Users\ASUS\Desktop\SEGURA EP\BITSAC\.venv\Lib\site-packages\dotenv\__pycache__\version.cpython-313.pyc","203",".pyc"
"C:\Users\ASUS\Desktop\SEGURA EP\BITSAC\.venv\Lib\site-packages\dotenv\__pycache__\__init__.cpython-313.pyc","1735",".pyc"
"C:\Users\ASUS\Desktop\SEGURA EP\BITSAC\.venv\Lib\site-packages\dotenv\__pycache__\__main__.cpython-313.pyc","353",".pyc"
"C:\Users\ASUS\Desktop\SEGURA EP\BITSAC\.venv\Lib\site-packages\ecdsa\__pycache__",,""
"C:\Users\ASUS\Desktop\SEGURA EP\BITSAC\.venv\Lib\site-packages\ecdsa\curves.py","15975",".py"
"C:\Users\ASUS\Desktop\SEGURA EP\BITSAC\.venv\Lib\site-packages\ecdsa\der.py","16774",".py"
"C:\Users\ASUS\Desktop\SEGURA EP\BITSAC\.venv\Lib\site-packages\ecdsa\ecdh.py","11011",".py"
"C:\Users\ASUS\Desktop\SEGURA EP\BITSAC\.venv\Lib\site-packages\ecdsa\ecdsa.py","31699",".py"
"C:\Users\ASUS\Desktop\SEGURA EP\BITSAC\.venv\Lib\site-packages\ecdsa\eddsa.py","7170",".py"
"C:\Users\ASUS\Desktop\SEGURA EP\BITSAC\.venv\Lib\site-packages\ecdsa\ellipticcurve.py","54296",".py"
"C:\Users\ASUS\Desktop\SEGURA EP\BITSAC\.venv\Lib\site-packages\ecdsa\errors.py","130",".py"
"C:\Users\ASUS\Desktop\SEGURA EP\BITSAC\.venv\Lib\site-packages\ecdsa\keys.py","65503",".py"
"C:\Users\ASUS\Desktop\SEGURA EP\BITSAC\.venv\Lib\site-packages\ecdsa\numbertheory.py","17831",".py"
"C:\Users\ASUS\Desktop\SEGURA EP\BITSAC\.venv\Lib\site-packages\ecdsa\rfc6979.py","2850",".py"
"C:\Users\ASUS\Desktop\SEGURA EP\BITSAC\.venv\Lib\site-packages\ecdsa\ssh.py","1916",".py"
"C:\Users\ASUS\Desktop\SEGURA EP\BITSAC\.venv\Lib\site-packages\ecdsa\test_curves.py","13081",".py"
"C:\Users\ASUS\Desktop\SEGURA EP\BITSAC\.venv\Lib\site-packages\ecdsa\test_der.py","19849",".py"
"C:\Users\ASUS\Desktop\SEGURA EP\BITSAC\.venv\Lib\site-packages\ecdsa\test_ecdh.py","15380",".py"
"C:\Users\ASUS\Desktop\SEGURA EP\BITSAC\.venv\Lib\site-packages\ecdsa\test_ecdsa.py","25037",".py"
"C:\Users\ASUS\Desktop\SEGURA EP\BITSAC\.venv\Lib\site-packages\ecdsa\test_eddsa.py","33720",".py"
"C:\Users\ASUS\Desktop\SEGURA EP\BITSAC\.venv\Lib\site-packages\ecdsa\test_ellipticcurve.py","8798",".py"
"C:\Users\ASUS\Desktop\SEGURA EP\BITSAC\.venv\Lib\site-packages\ecdsa\test_jacobi.py","25811",".py"
"C:\Users\ASUS\Desktop\SEGURA EP\BITSAC\.venv\Lib\site-packages\ecdsa\test_keys.py","39415",".py"
"C:\Users\ASUS\Desktop\SEGURA EP\BITSAC\.venv\Lib\site-packages\ecdsa\test_malformed_sigs.py","11289",".py"
"C:\Users\ASUS\Desktop\SEGURA EP\BITSAC\.venv\Lib\site-packages\ecdsa\test_numbertheory.py","13265",".py"
"C:\Users\ASUS\Desktop\SEGURA EP\BITSAC\.venv\Lib\site-packages\ecdsa\test_pyecdsa.py","91272",".py"
"C:\Users\ASUS\Desktop\SEGURA EP\BITSAC\.venv\Lib\site-packages\ecdsa\test_rw_lock.py","7021",".py"
"C:\Users\ASUS\Desktop\SEGURA EP\BITSAC\.venv\Lib\site-packages\ecdsa\test_sha3.py","3042",".py"
"C:\Users\ASUS\Desktop\SEGURA EP\BITSAC\.venv\Lib\site-packages\ecdsa\util.py","18006",".py"
"C:\Users\ASUS\Desktop\SEGURA EP\BITSAC\.venv\Lib\site-packages\ecdsa\_compat.py","4047",".py"
"C:\Users\ASUS\Desktop\SEGURA EP\BITSAC\.venv\Lib\site-packages\ecdsa\_rwlock.py","2849",".py"
"C:\Users\ASUS\Desktop\SEGURA EP\BITSAC\.venv\Lib\site-packages\ecdsa\_sha3.py","4747",".py"
"C:\Users\ASUS\Desktop\SEGURA EP\BITSAC\.venv\Lib\site-packages\ecdsa\_version.py","498",".py"
"C:\Users\ASUS\Desktop\SEGURA EP\BITSAC\.venv\Lib\site-packages\ecdsa\__init__.py","1931",".py"
"C:\Users\ASUS\Desktop\SEGURA EP\BITSAC\.venv\Lib\site-packages\ecdsa\__pycache__\curves.cpython-313.pyc","18608",".pyc"
"C:\Users\ASUS\Desktop\SEGURA EP\BITSAC\.venv\Lib\site-packages\ecdsa\__pycache__\der.cpython-313.pyc","19588",".pyc"
"C:\Users\ASUS\Desktop\SEGURA EP\BITSAC\.venv\Lib\site-packages\ecdsa\__pycache__\ecdh.cpython-313.pyc","12670",".pyc"
"C:\Users\ASUS\Desktop\SEGURA EP\BITSAC\.venv\Lib\site-packages\ecdsa\__pycache__\ecdsa.cpython-313.pyc","31094",".pyc"
"C:\Users\ASUS\Desktop\SEGURA EP\BITSAC\.venv\Lib\site-packages\ecdsa\__pycache__\eddsa.cpython-313.pyc","10939",".pyc"
"C:\Users\ASUS\Desktop\SEGURA EP\BITSAC\.venv\Lib\site-packages\ecdsa\__pycache__\ellipticcurve.cpython-313.pyc","62012",".pyc"
"C:\Users\ASUS\Desktop\SEGURA EP\BITSAC\.venv\Lib\site-packages\ecdsa\__pycache__\errors.cpython-313.pyc","518",".pyc"
"C:\Users\ASUS\Desktop\SEGURA EP\BITSAC\.venv\Lib\site-packages\ecdsa\__pycache__\keys.cpython-313.pyc","63639",".pyc"
"C:\Users\ASUS\Desktop\SEGURA EP\BITSAC\.venv\Lib\site-packages\ecdsa\__pycache__\numbertheory.cpython-313.pyc","17084",".pyc"
"C:\Users\ASUS\Desktop\SEGURA EP\BITSAC\.venv\Lib\site-packages\ecdsa\__pycache__\rfc6979.cpython-313.pyc","3699",".pyc"
"C:\Users\ASUS\Desktop\SEGURA EP\BITSAC\.venv\Lib\site-packages\ecdsa\__pycache__\ssh.cpython-313.pyc","4366",".pyc"
"C:\Users\ASUS\Desktop\SEGURA EP\BITSAC\.venv\Lib\site-packages\ecdsa\__pycache__\test_curves.cpython-313.pyc","22211",".pyc"
"C:\Users\ASUS\Desktop\SEGURA EP\BITSAC\.venv\Lib\site-packages\ecdsa\__pycache__\test_der.cpython-313.pyc","39126",".pyc"
"C:\Users\ASUS\Desktop\SEGURA EP\BITSAC\.venv\Lib\site-packages\ecdsa\__pycache__\test_ecdh.cpython-313.pyc","21156",".pyc"
"C:\Users\ASUS\Desktop\SEGURA EP\BITSAC\.venv\Lib\site-packages\ecdsa\__pycache__\test_ecdsa.cpython-313.pyc","29764",".pyc"
"C:\Users\ASUS\Desktop\SEGURA EP\BITSAC\.venv\Lib\site-packages\ecdsa\__pycache__\test_eddsa.cpython-313.pyc","42735",".pyc"
"C:\Users\ASUS\Desktop\SEGURA EP\BITSAC\.venv\Lib\site-packages\ecdsa\__pycache__\test_ellipticcurve.cpython-313.pyc","16962",".pyc"
"C:\Users\ASUS\Desktop\SEGURA EP\BITSAC\.venv\Lib\site-packages\ecdsa\__pycache__\test_jacobi.cpython-313.pyc","46376",".pyc"
"C:\Users\ASUS\Desktop\SEGURA EP\BITSAC\.venv\Lib\site-packages\ecdsa\__pycache__\test_keys.cpython-313.pyc","56726",".pyc"
"C:\Users\ASUS\Desktop\SEGURA EP\BITSAC\.venv\Lib\site-packages\ecdsa\__pycache__\test_malformed_sigs.cpython-313.pyc","14913",".pyc"
"C:\Users\ASUS\Desktop\SEGURA EP\BITSAC\.venv\Lib\site-packages\ecdsa\__pycache__\test_numbertheory.cpython-313.pyc","21419",".pyc"
"C:\Users\ASUS\Desktop\SEGURA EP\BITSAC\.venv\Lib\site-packages\ecdsa\__pycache__\test_pyecdsa.cpython-313.pyc","126340",".pyc"
"C:\Users\ASUS\Desktop\SEGURA EP\BITSAC\.venv\Lib\site-packages\ecdsa\__pycache__\test_rw_lock.cpython-313.pyc","10750",".pyc"
"C:\Users\ASUS\Desktop\SEGURA EP\BITSAC\.venv\Lib\site-packages\ecdsa\__pycache__\test_sha3.cpython-313.pyc","4699",".pyc"
"C:\Users\ASUS\Desktop\SEGURA EP\BITSAC\.venv\Lib\site-packages\ecdsa\__pycache__\util.cpython-313.pyc","20020",".pyc"
"C:\Users\ASUS\Desktop\SEGURA EP\BITSAC\.venv\Lib\site-packages\ecdsa\__pycache__\_compat.cpython-313.pyc","6080",".pyc"
"C:\Users\ASUS\Desktop\SEGURA EP\BITSAC\.venv\Lib\site-packages\ecdsa\__pycache__\_rwlock.cpython-313.pyc","4914",".pyc"
"C:\Users\ASUS\Desktop\SEGURA EP\BITSAC\.venv\Lib\site-packages\ecdsa\__pycache__\_sha3.cpython-313.pyc","4986",".pyc"
"C:\Users\ASUS\Desktop\SEGURA EP\BITSAC\.venv\Lib\site-packages\ecdsa\__pycache__\_version.cpython-313.pyc","568",".pyc"
"C:\Users\ASUS\Desktop\SEGURA EP\BITSAC\.venv\Lib\site-packages\ecdsa\__pycache__\__init__.cpython-313.pyc","2049",".pyc"
"C:\Users\ASUS\Desktop\SEGURA EP\BITSAC\.venv\Lib\site-packages\ecdsa-0.19.2.dist-info\INSTALLER","4",""
"C:\Users\ASUS\Desktop\SEGURA EP\BITSAC\.venv\Lib\site-packages\ecdsa-0.19.2.dist-info\LICENSE","1147",""
"C:\Users\ASUS\Desktop\SEGURA EP\BITSAC\.venv\Lib\site-packages\ecdsa-0.19.2.dist-info\METADATA","29638",""
"C:\Users\ASUS\Desktop\SEGURA EP\BITSAC\.venv\Lib\site-packages\ecdsa-0.19.2.dist-info\RECORD","4164",""
"C:\Users\ASUS\Desktop\SEGURA EP\BITSAC\.venv\Lib\site-packages\ecdsa-0.19.2.dist-info\top_level.txt","6",".txt"
"C:\Users\ASUS\Desktop\SEGURA EP\BITSAC\.venv\Lib\site-packages\ecdsa-0.19.2.dist-info\WHEEL","109",""
"C:\Users\ASUS\Desktop\SEGURA EP\BITSAC\.venv\Lib\site-packages\email_validator\__pycache__",,""
"C:\Users\ASUS\Desktop\SEGURA EP\BITSAC\.venv\Lib\site-packages\email_validator\deliverability.py","7222",".py"
"C:\Users\ASUS\Desktop\SEGURA EP\BITSAC\.venv\Lib\site-packages\email_validator\exceptions_types.py","6024",".py"
"C:\Users\ASUS\Desktop\SEGURA EP\BITSAC\.venv\Lib\site-packages\email_validator\py.typed","0",".typed"
"C:\Users\ASUS\Desktop\SEGURA EP\BITSAC\.venv\Lib\site-packages\email_validator\rfc_constants.py","2767",".py"
"C:\Users\ASUS\Desktop\SEGURA EP\BITSAC\.venv\Lib\site-packages\email_validator\syntax.py","36005",".py"
"C:\Users\ASUS\Desktop\SEGURA EP\BITSAC\.venv\Lib\site-packages\email_validator\validate_email.py","8401",".py"
"C:\Users\ASUS\Desktop\SEGURA EP\BITSAC\.venv\Lib\site-packages\email_validator\version.py","22",".py"
"C:\Users\ASUS\Desktop\SEGURA EP\BITSAC\.venv\Lib\site-packages\email_validator\__init__.py","4360",".py"
"C:\Users\ASUS\Desktop\SEGURA EP\BITSAC\.venv\Lib\site-packages\email_validator\__main__.py","2243",".py"
"C:\Users\ASUS\Desktop\SEGURA EP\BITSAC\.venv\Lib\site-packages\email_validator\__pycache__\deliverability.cpython-313.pyc","6042",".pyc"
"C:\Users\ASUS\Desktop\SEGURA EP\BITSAC\.venv\Lib\site-packages\email_validator\__pycache__\exceptions_types.cpython-313.pyc","6666",".pyc"
"C:\Users\ASUS\Desktop\SEGURA EP\BITSAC\.venv\Lib\site-packages\email_validator\__pycache__\rfc_constants.cpython-313.pyc","1648",".pyc"
"C:\Users\ASUS\Desktop\SEGURA EP\BITSAC\.venv\Lib\site-packages\email_validator\__pycache__\syntax.cpython-313.pyc","22420",".pyc"
"C:\Users\ASUS\Desktop\SEGURA EP\BITSAC\.venv\Lib\site-packages\email_validator\__pycache__\validate_email.cpython-313.pyc","5986",".pyc"
"C:\Users\ASUS\Desktop\SEGURA EP\BITSAC\.venv\Lib\site-packages\email_validator\__pycache__\version.cpython-313.pyc","212",".pyc"
"C:\Users\ASUS\Desktop\SEGURA EP\BITSAC\.venv\Lib\site-packages\email_validator\__pycache__\__init__.cpython-313.pyc","1119",".pyc"
"C:\Users\ASUS\Desktop\SEGURA EP\BITSAC\.venv\Lib\site-packages\email_validator\__pycache__\__main__.cpython-313.pyc","2267",".pyc"
"C:\Users\ASUS\Desktop\SEGURA EP\BITSAC\.venv\Lib\site-packages\email_validator-2.2.0.dist-info\entry_points.txt","66",".txt"
"C:\Users\ASUS\Desktop\SEGURA EP\BITSAC\.venv\Lib\site-packages\email_validator-2.2.0.dist-info\INSTALLER","4",""
"C:\Users\ASUS\Desktop\SEGURA EP\BITSAC\.venv\Lib\site-packages\email_validator-2.2.0.dist-info\LICENSE","1212",""
"C:\Users\ASUS\Desktop\SEGURA EP\BITSAC\.venv\Lib\site-packages\email_validator-2.2.0.dist-info\METADATA","25741",""
"C:\Users\ASUS\Desktop\SEGURA EP\BITSAC\.venv\Lib\site-packages\email_validator-2.2.0.dist-info\RECORD","2071",""
"C:\Users\ASUS\Desktop\SEGURA EP\BITSAC\.venv\Lib\site-packages\email_validator-2.2.0.dist-info\REQUESTED","0",""
"C:\Users\ASUS\Desktop\SEGURA EP\BITSAC\.venv\Lib\site-packages\email_validator-2.2.0.dist-info\top_level.txt","16",".txt"
"C:\Users\ASUS\Desktop\SEGURA EP\BITSAC\.venv\Lib\site-packages\email_validator-2.2.0.dist-info\WHEEL","91",""
"C:\Users\ASUS\Desktop\SEGURA EP\BITSAC\.venv\Lib\site-packages\fastapi\dependencies",,""
"C:\Users\ASUS\Desktop\SEGURA EP\BITSAC\.venv\Lib\site-packages\fastapi\middleware",,""
"C:\Users\ASUS\Desktop\SEGURA EP\BITSAC\.venv\Lib\site-packages\fastapi\openapi",,""
"C:\Users\ASUS\Desktop\SEGURA EP\BITSAC\.venv\Lib\site-packages\fastapi\security",,""
"C:\Users\ASUS\Desktop\SEGURA EP\BITSAC\.venv\Lib\site-packages\fastapi\__pycache__",,""
"C:\Users\ASUS\Desktop\SEGURA EP\BITSAC\.venv\Lib\site-packages\fastapi\applications.py","176316",".py"
"C:\Users\ASUS\Desktop\SEGURA EP\BITSAC\.venv\Lib\site-packages\fastapi\background.py","1768",".py"
"C:\Users\ASUS\Desktop\SEGURA EP\BITSAC\.venv\Lib\site-packages\fastapi\cli.py","418",".py"
"C:\Users\ASUS\Desktop\SEGURA EP\BITSAC\.venv\Lib\site-packages\fastapi\concurrency.py","1424",".py"
"C:\Users\ASUS\Desktop\SEGURA EP\BITSAC\.venv\Lib\site-packages\fastapi\datastructures.py","5766",".py"
"C:\Users\ASUS\Desktop\SEGURA EP\BITSAC\.venv\Lib\site-packages\fastapi\encoders.py","11068",".py"
"C:\Users\ASUS\Desktop\SEGURA EP\BITSAC\.venv\Lib\site-packages\fastapi\exceptions.py","4969",".py"
"C:\Users\ASUS\Desktop\SEGURA EP\BITSAC\.venv\Lib\site-packages\fastapi\exception_handlers.py","1332",".py"
"C:\Users\ASUS\Desktop\SEGURA EP\BITSAC\.venv\Lib\site-packages\fastapi\logger.py","54",".py"
"C:\Users\ASUS\Desktop\SEGURA EP\BITSAC\.venv\Lib\site-packages\fastapi\params.py","28237",".py"
"C:\Users\ASUS\Desktop\SEGURA EP\BITSAC\.venv\Lib\site-packages\fastapi\param_functions.py","64019",".py"
"C:\Users\ASUS\Desktop\SEGURA EP\BITSAC\.venv\Lib\site-packages\fastapi\py.typed","0",".typed"
"C:\Users\ASUS\Desktop\SEGURA EP\BITSAC\.venv\Lib\site-packages\fastapi\requests.py","142",".py"
"C:\Users\ASUS\Desktop\SEGURA EP\BITSAC\.venv\Lib\site-packages\fastapi\responses.py","1761",".py"
"C:\Users\ASUS\Desktop\SEGURA EP\BITSAC\.venv\Lib\site-packages\fastapi\routing.py","176208",".py"
"C:\Users\ASUS\Desktop\SEGURA EP\BITSAC\.venv\Lib\site-packages\fastapi\staticfiles.py","69",".py"
"C:\Users\ASUS\Desktop\SEGURA EP\BITSAC\.venv\Lib\site-packages\fastapi\templating.py","76",".py"
"C:\Users\ASUS\Desktop\SEGURA EP\BITSAC\.venv\Lib\site-packages\fastapi\testclient.py","66",".py"
"C:\Users\ASUS\Desktop\SEGURA EP\BITSAC\.venv\Lib\site-packages\fastapi\types.py","383",".py"
"C:\Users\ASUS\Desktop\SEGURA EP\BITSAC\.venv\Lib\site-packages\fastapi\utils.py","7948",".py"
"C:\Users\ASUS\Desktop\SEGURA EP\BITSAC\.venv\Lib\site-packages\fastapi\websockets.py","222",".py"
"C:\Users\ASUS\Desktop\SEGURA EP\BITSAC\.venv\Lib\site-packages\fastapi\_compat.py","23953",".py"
"C:\Users\ASUS\Desktop\SEGURA EP\BITSAC\.venv\Lib\site-packages\fastapi\__init__.py","1081",".py"
"C:\Users\ASUS\Desktop\SEGURA EP\BITSAC\.venv\Lib\site-packages\fastapi\__main__.py","37",".py"
"C:\Users\ASUS\Desktop\SEGURA EP\BITSAC\.venv\Lib\site-packages\fastapi\dependencies\__pycache__",,""
"C:\Users\ASUS\Desktop\SEGURA EP\BITSAC\.venv\Lib\site-packages\fastapi\dependencies\models.py","1507",".py"
"C:\Users\ASUS\Desktop\SEGURA EP\BITSAC\.venv\Lib\site-packages\fastapi\dependencies\utils.py","35579",".py"
"C:\Users\ASUS\Desktop\SEGURA EP\BITSAC\.venv\Lib\site-packages\fastapi\dependencies\__init__.py","0",".py"
"C:\Users\ASUS\Desktop\SEGURA EP\BITSAC\.venv\Lib\site-packages\fastapi\dependencies\__pycache__\models.cpython-313.pyc","2787",".pyc"
"C:\Users\ASUS\Desktop\SEGURA EP\BITSAC\.venv\Lib\site-packages\fastapi\dependencies\__pycache__\utils.cpython-313.pyc","39268",".pyc"
"C:\Users\ASUS\Desktop\SEGURA EP\BITSAC\.venv\Lib\site-packages\fastapi\dependencies\__pycache__\__init__.cpython-313.pyc","192",".pyc"
"C:\Users\ASUS\Desktop\SEGURA EP\BITSAC\.venv\Lib\site-packages\fastapi\middleware\__pycache__",,""
"C:\Users\ASUS\Desktop\SEGURA EP\BITSAC\.venv\Lib\site-packages\fastapi\middleware\cors.py","79",".py"
"C:\Users\ASUS\Desktop\SEGURA EP\BITSAC\.venv\Lib\site-packages\fastapi\middleware\gzip.py","79",".py"
"C:\Users\ASUS\Desktop\SEGURA EP\BITSAC\.venv\Lib\site-packages\fastapi\middleware\httpsredirect.py","115",".py"
"C:\Users\ASUS\Desktop\SEGURA EP\BITSAC\.venv\Lib\site-packages\fastapi\middleware\trustedhost.py","109",".py"
"C:\Users\ASUS\Desktop\SEGURA EP\BITSAC\.venv\Lib\site-packages\fastapi\middleware\wsgi.py","79",".py"
"C:\Users\ASUS\Desktop\SEGURA EP\BITSAC\.venv\Lib\site-packages\fastapi\middleware\__init__.py","58",".py"
"C:\Users\ASUS\Desktop\SEGURA EP\BITSAC\.venv\Lib\site-packages\fastapi\middleware\__pycache__\cors.cpython-313.pyc","253",".pyc"
"C:\Users\ASUS\Desktop\SEGURA EP\BITSAC\.venv\Lib\site-packages\fastapi\middleware\__pycache__\gzip.cpython-313.pyc","253",".pyc"
"C:\Users\ASUS\Desktop\SEGURA EP\BITSAC\.venv\Lib\site-packages\fastapi\middleware\__pycache__\httpsredirect.cpython-313.pyc","282",".pyc"
"C:\Users\ASUS\Desktop\SEGURA EP\BITSAC\.venv\Lib\site-packages\fastapi\middleware\__pycache__\trustedhost.cpython-313.pyc","276",".pyc"
"C:\Users\ASUS\Desktop\SEGURA EP\BITSAC\.venv\Lib\site-packages\fastapi\middleware\__pycache__\wsgi.cpython-313.pyc","253",".pyc"
"C:\Users\ASUS\Desktop\SEGURA EP\BITSAC\.venv\Lib\site-packages\fastapi\middleware\__pycache__\__init__.cpython-313.pyc","248",".pyc"
"C:\Users\ASUS\Desktop\SEGURA EP\BITSAC\.venv\Lib\site-packages\fastapi\openapi\__pycache__",,""
"C:\Users\ASUS\Desktop\SEGURA EP\BITSAC\.venv\Lib\site-packages\fastapi\openapi\constants.py","153",".py"
"C:\Users\ASUS\Desktop\SEGURA EP\BITSAC\.venv\Lib\site-packages\fastapi\openapi\docs.py","10348",".py"
"C:\Users\ASUS\Desktop\SEGURA EP\BITSAC\.venv\Lib\site-packages\fastapi\openapi\models.py","15397",".py"
"C:\Users\ASUS\Desktop\SEGURA EP\BITSAC\.venv\Lib\site-packages\fastapi\openapi\utils.py","23177",".py"
"C:\Users\ASUS\Desktop\SEGURA EP\BITSAC\.venv\Lib\site-packages\fastapi\openapi\__init__.py","0",".py"
"C:\Users\ASUS\Desktop\SEGURA EP\BITSAC\.venv\Lib\site-packages\fastapi\openapi\__pycache__\constants.cpython-313.pyc","357",".pyc"
"C:\Users\ASUS\Desktop\SEGURA EP\BITSAC\.venv\Lib\site-packages\fastapi\openapi\__pycache__\docs.cpython-313.pyc","10785",".pyc"
"C:\Users\ASUS\Desktop\SEGURA EP\BITSAC\.venv\Lib\site-packages\fastapi\openapi\__pycache__\models.cpython-313.pyc","24038",".pyc"
"C:\Users\ASUS\Desktop\SEGURA EP\BITSAC\.venv\Lib\site-packages\fastapi\openapi\__pycache__\utils.cpython-313.pyc","21031",".pyc"
"C:\Users\ASUS\Desktop\SEGURA EP\BITSAC\.venv\Lib\site-packages\fastapi\openapi\__pycache__\__init__.cpython-313.pyc","187",".pyc"
"C:\Users\ASUS\Desktop\SEGURA EP\BITSAC\.venv\Lib\site-packages\fastapi\security\__pycache__",,""
"C:\Users\ASUS\Desktop\SEGURA EP\BITSAC\.venv\Lib\site-packages\fastapi\security\api_key.py","9368",".py"
"C:\Users\ASUS\Desktop\SEGURA EP\BITSAC\.venv\Lib\site-packages\fastapi\security\base.py","141",".py"
"C:\Users\ASUS\Desktop\SEGURA EP\BITSAC\.venv\Lib\site-packages\fastapi\security\http.py","13512",".py"
"C:\Users\ASUS\Desktop\SEGURA EP\BITSAC\.venv\Lib\site-packages\fastapi\security\oauth2.py","21585",".py"
"C:\Users\ASUS\Desktop\SEGURA EP\BITSAC\.venv\Lib\site-packages\fastapi\security\open_id_connect_url.py","2722",".py"
"C:\Users\ASUS\Desktop\SEGURA EP\BITSAC\.venv\Lib\site-packages\fastapi\security\utils.py","293",".py"
"C:\Users\ASUS\Desktop\SEGURA EP\BITSAC\.venv\Lib\site-packages\fastapi\security\__init__.py","881",".py"
"C:\Users\ASUS\Desktop\SEGURA EP\BITSAC\.venv\Lib\site-packages\fastapi\security\__pycache__\api_key.cpython-313.pyc","9420",".pyc"
"C:\Users\ASUS\Desktop\SEGURA EP\BITSAC\.venv\Lib\site-packages\fastapi\security\__pycache__\base.cpython-313.pyc","564",".pyc"
"C:\Users\ASUS\Desktop\SEGURA EP\BITSAC\.venv\Lib\site-packages\fastapi\security\__pycache__\http.cpython-313.pyc","13733",".pyc"
"C:\Users\ASUS\Desktop\SEGURA EP\BITSAC\.venv\Lib\site-packages\fastapi\security\__pycache__\oauth2.cpython-313.pyc","18158",".pyc"
"C:\Users\ASUS\Desktop\SEGURA EP\BITSAC\.venv\Lib\site-packages\fastapi\security\__pycache__\open_id_connect_url.cpython-313.pyc","3291",".pyc"
"C:\Users\ASUS\Desktop\SEGURA EP\BITSAC\.venv\Lib\site-packages\fastapi\security\__pycache__\utils.cpython-313.pyc","603",".pyc"
"C:\Users\ASUS\Desktop\SEGURA EP\BITSAC\.venv\Lib\site-packages\fastapi\security\__pycache__\__init__.cpython-313.pyc","844",".pyc"
"C:\Users\ASUS\Desktop\SEGURA EP\BITSAC\.venv\Lib\site-packages\fastapi\__pycache__\applications.cpython-313.pyc","83059",".pyc"
"C:\Users\ASUS\Desktop\SEGURA EP\BITSAC\.venv\Lib\site-packages\fastapi\__pycache__\background.cpython-313.pyc","2327",".pyc"
"C:\Users\ASUS\Desktop\SEGURA EP\BITSAC\.venv\Lib\site-packages\fastapi\__pycache__\cli.cpython-313.pyc","671",".pyc"
"C:\Users\ASUS\Desktop\SEGURA EP\BITSAC\.venv\Lib\site-packages\fastapi\__pycache__\concurrency.cpython-313.pyc","1664",".pyc"
"C:\Users\ASUS\Desktop\SEGURA EP\BITSAC\.venv\Lib\site-packages\fastapi\__pycache__\datastructures.cpython-313.pyc","8082",".pyc"
"C:\Users\ASUS\Desktop\SEGURA EP\BITSAC\.venv\Lib\site-packages\fastapi\__pycache__\encoders.cpython-313.pyc","11059",".pyc"
"C:\Users\ASUS\Desktop\SEGURA EP\BITSAC\.venv\Lib\site-packages\fastapi\__pycache__\exceptions.cpython-313.pyc","7181",".pyc"
"C:\Users\ASUS\Desktop\SEGURA EP\BITSAC\.venv\Lib\site-packages\fastapi\__pycache__\exception_handlers.cpython-313.pyc","2061",".pyc"
"C:\Users\ASUS\Desktop\SEGURA EP\BITSAC\.venv\Lib\site-packages\fastapi\__pycache__\logger.cpython-313.pyc","279",".pyc"
"C:\Users\ASUS\Desktop\SEGURA EP\BITSAC\.venv\Lib\site-packages\fastapi\__pycache__\params.cpython-313.pyc","25633",".pyc"
"C:\Users\ASUS\Desktop\SEGURA EP\BITSAC\.venv\Lib\site-packages\fastapi\__pycache__\param_functions.cpython-313.pyc","34924",".pyc"
"C:\Users\ASUS\Desktop\SEGURA EP\BITSAC\.venv\Lib\site-packages\fastapi\__pycache__\requests.cpython-313.pyc","270",".pyc"
"C:\Users\ASUS\Desktop\SEGURA EP\BITSAC\.venv\Lib\site-packages\fastapi\__pycache__\responses.cpython-313.pyc","2446",".pyc"
"C:\Users\ASUS\Desktop\SEGURA EP\BITSAC\.venv\Lib\site-packages\fastapi\__pycache__\routing.cpython-313.pyc","82003",".pyc"
"C:\Users\ASUS\Desktop\SEGURA EP\BITSAC\.venv\Lib\site-packages\fastapi\__pycache__\staticfiles.cpython-313.pyc","242",".pyc"
"C:\Users\ASUS\Desktop\SEGURA EP\BITSAC\.venv\Lib\site-packages\fastapi\__pycache__\templating.cpython-313.pyc","244",".pyc"
"C:\Users\ASUS\Desktop\SEGURA EP\BITSAC\.venv\Lib\site-packages\fastapi\__pycache__\testclient.cpython-313.pyc","239",".pyc"
"C:\Users\ASUS\Desktop\SEGURA EP\BITSAC\.venv\Lib\site-packages\fastapi\__pycache__\types.cpython-313.pyc","744",".pyc"
"C:\Users\ASUS\Desktop\SEGURA EP\BITSAC\.venv\Lib\site-packages\fastapi\__pycache__\utils.cpython-313.pyc","8546",".pyc"
"C:\Users\ASUS\Desktop\SEGURA EP\BITSAC\.venv\Lib\site-packages\fastapi\__pycache__\websockets.cpython-313.pyc","319",".pyc"
"C:\Users\ASUS\Desktop\SEGURA EP\BITSAC\.venv\Lib\site-packages\fastapi\__pycache__\_compat.cpython-313.pyc","28730",".pyc"
"C:\Users\ASUS\Desktop\SEGURA EP\BITSAC\.venv\Lib\site-packages\fastapi\__pycache__\__init__.cpython-313.pyc","1094",".pyc"
"C:\Users\ASUS\Desktop\SEGURA EP\BITSAC\.venv\Lib\site-packages\fastapi\__pycache__\__main__.cpython-313.pyc","241",".pyc"
"C:\Users\ASUS\Desktop\SEGURA EP\BITSAC\.venv\Lib\site-packages\fastapi-0.115.6.dist-info\licenses",,""
"C:\Users\ASUS\Desktop\SEGURA EP\BITSAC\.venv\Lib\site-packages\fastapi-0.115.6.dist-info\entry_points.txt","61",".txt"
"C:\Users\ASUS\Desktop\SEGURA EP\BITSAC\.venv\Lib\site-packages\fastapi-0.115.6.dist-info\INSTALLER","4",""
"C:\Users\ASUS\Desktop\SEGURA EP\BITSAC\.venv\Lib\site-packages\fastapi-0.115.6.dist-info\METADATA","27300",""
"C:\Users\ASUS\Desktop\SEGURA EP\BITSAC\.venv\Lib\site-packages\fastapi-0.115.6.dist-info\RECORD","6660",""
"C:\Users\ASUS\Desktop\SEGURA EP\BITSAC\.venv\Lib\site-packages\fastapi-0.115.6.dist-info\REQUESTED","0",""
"C:\Users\ASUS\Desktop\SEGURA EP\BITSAC\.venv\Lib\site-packages\fastapi-0.115.6.dist-info\WHEEL","90",""
"C:\Users\ASUS\Desktop\SEGURA EP\BITSAC\.venv\Lib\site-packages\fastapi-0.115.6.dist-info\licenses\LICENSE","1086",""
"C:\Users\ASUS\Desktop\SEGURA EP\BITSAC\.venv\Lib\site-packages\h11\__pycache__",,""
"C:\Users\ASUS\Desktop\SEGURA EP\BITSAC\.venv\Lib\site-packages\h11\py.typed","7",".typed"
"C:\Users\ASUS\Desktop\SEGURA EP\BITSAC\.venv\Lib\site-packages\h11\_abnf.py","4815",".py"
"C:\Users\ASUS\Desktop\SEGURA EP\BITSAC\.venv\Lib\site-packages\h11\_connection.py","26863",".py"
"C:\Users\ASUS\Desktop\SEGURA EP\BITSAC\.venv\Lib\site-packages\h11\_events.py","11792",".py"
"C:\Users\ASUS\Desktop\SEGURA EP\BITSAC\.venv\Lib\site-packages\h11\_headers.py","10412",".py"
"C:\Users\ASUS\Desktop\SEGURA EP\BITSAC\.venv\Lib\site-packages\h11\_readers.py","8590",".py"
"C:\Users\ASUS\Desktop\SEGURA EP\BITSAC\.venv\Lib\site-packages\h11\_receivebuffer.py","5252",".py"
"C:\Users\ASUS\Desktop\SEGURA EP\BITSAC\.venv\Lib\site-packages\h11\_state.py","13231",".py"
"C:\Users\ASUS\Desktop\SEGURA EP\BITSAC\.venv\Lib\site-packages\h11\_util.py","4888",".py"
"C:\Users\ASUS\Desktop\SEGURA EP\BITSAC\.venv\Lib\site-packages\h11\_version.py","686",".py"
"C:\Users\ASUS\Desktop\SEGURA EP\BITSAC\.venv\Lib\site-packages\h11\_writers.py","5081",".py"
"C:\Users\ASUS\Desktop\SEGURA EP\BITSAC\.venv\Lib\site-packages\h11\__init__.py","1507",".py"
"C:\Users\ASUS\Desktop\SEGURA EP\BITSAC\.venv\Lib\site-packages\h11\__pycache__\_abnf.cpython-313.pyc","1758",".pyc"
"C:\Users\ASUS\Desktop\SEGURA EP\BITSAC\.venv\Lib\site-packages\h11\__pycache__\_connection.cpython-313.pyc","22733",".pyc"
"C:\Users\ASUS\Desktop\SEGURA EP\BITSAC\.venv\Lib\site-packages\h11\__pycache__\_events.cpython-313.pyc","13138",".pyc"
"C:\Users\ASUS\Desktop\SEGURA EP\BITSAC\.venv\Lib\site-packages\h11\__pycache__\_headers.cpython-313.pyc","8038",".pyc"
"C:\Users\ASUS\Desktop\SEGURA EP\BITSAC\.venv\Lib\site-packages\h11\__pycache__\_readers.cpython-313.pyc","9864",".pyc"
"C:\Users\ASUS\Desktop\SEGURA EP\BITSAC\.venv\Lib\site-packages\h11\__pycache__\_receivebuffer.cpython-313.pyc","4773",".pyc"
"C:\Users\ASUS\Desktop\SEGURA EP\BITSAC\.venv\Lib\site-packages\h11\__pycache__\_state.cpython-313.pyc","8773",".pyc"
"C:\Users\ASUS\Desktop\SEGURA EP\BITSAC\.venv\Lib\site-packages\h11\__pycache__\_util.cpython-313.pyc","4836",".pyc"
"C:\Users\ASUS\Desktop\SEGURA EP\BITSAC\.venv\Lib\site-packages\h11\__pycache__\_version.cpython-313.pyc","204",".pyc"
"C:\Users\ASUS\Desktop\SEGURA EP\BITSAC\.venv\Lib\site-packages\h11\__pycache__\_writers.cpython-313.pyc","6464",".pyc"
"C:\Users\ASUS\Desktop\SEGURA EP\BITSAC\.venv\Lib\site-packages\h11\__pycache__\__init__.cpython-313.pyc","1066",".pyc"
"C:\Users\ASUS\Desktop\SEGURA EP\BITSAC\.venv\Lib\site-packages\h11-0.16.0.dist-info\licenses",,""
"C:\Users\ASUS\Desktop\SEGURA EP\BITSAC\.venv\Lib\site-packages\h11-0.16.0.dist-info\INSTALLER","4",""
"C:\Users\ASUS\Desktop\SEGURA EP\BITSAC\.venv\Lib\site-packages\h11-0.16.0.dist-info\METADATA","8348",""
"C:\Users\ASUS\Desktop\SEGURA EP\BITSAC\.venv\Lib\site-packages\h11-0.16.0.dist-info\RECORD","1830",""
"C:\Users\ASUS\Desktop\SEGURA EP\BITSAC\.venv\Lib\site-packages\h11-0.16.0.dist-info\top_level.txt","4",".txt"
"C:\Users\ASUS\Desktop\SEGURA EP\BITSAC\.venv\Lib\site-packages\h11-0.16.0.dist-info\WHEEL","91",""
"C:\Users\ASUS\Desktop\SEGURA EP\BITSAC\.venv\Lib\site-packages\h11-0.16.0.dist-info\licenses\LICENSE.txt","1124",".txt"
"C:\Users\ASUS\Desktop\SEGURA EP\BITSAC\.venv\Lib\site-packages\httptools\parser",,""
"C:\Users\ASUS\Desktop\SEGURA EP\BITSAC\.venv\Lib\site-packages\httptools\__pycache__",,""
"C:\Users\ASUS\Desktop\SEGURA EP\BITSAC\.venv\Lib\site-packages\httptools\py.typed","0",".typed"
"C:\Users\ASUS\Desktop\SEGURA EP\BITSAC\.venv\Lib\site-packages\httptools\_version.py","588",".py"
"C:\Users\ASUS\Desktop\SEGURA EP\BITSAC\.venv\Lib\site-packages\httptools\__init__.py","759",".py"
"C:\Users\ASUS\Desktop\SEGURA EP\BITSAC\.venv\Lib\site-packages\httptools\parser\__pycache__",,""
"C:\Users\ASUS\Desktop\SEGURA EP\BITSAC\.venv\Lib\site-packages\httptools\parser\cparser.pxd","5144",".pxd"
"C:\Users\ASUS\Desktop\SEGURA EP\BITSAC\.venv\Lib\site-packages\httptools\parser\errors.py","596",".py"
"C:\Users\ASUS\Desktop\SEGURA EP\BITSAC\.venv\Lib\site-packages\httptools\parser\parser.cp313-win_amd64.pyd","123904",".pyd"
"C:\Users\ASUS\Desktop\SEGURA EP\BITSAC\.venv\Lib\site-packages\httptools\parser\parser.pyi","2215",".pyi"
"C:\Users\ASUS\Desktop\SEGURA EP\BITSAC\.venv\Lib\site-packages\httptools\parser\parser.pyx","15576",".pyx"
"C:\Users\ASUS\Desktop\SEGURA EP\BITSAC\.venv\Lib\site-packages\httptools\parser\protocol.py","601",".py"
"C:\Users\ASUS\Desktop\SEGURA EP\BITSAC\.venv\Lib\site-packages\httptools\parser\python.pxd","144",".pxd"
"C:\Users\ASUS\Desktop\SEGURA EP\BITSAC\.venv\Lib\site-packages\httptools\parser\url_cparser.pxd","810",".pxd"
"C:\Users\ASUS\Desktop\SEGURA EP\BITSAC\.venv\Lib\site-packages\httptools\parser\url_parser.cp313-win_amd64.pyd","50688",".pyd"
"C:\Users\ASUS\Desktop\SEGURA EP\BITSAC\.venv\Lib\site-packages\httptools\parser\url_parser.pyi","305",".pyi"
"C:\Users\ASUS\Desktop\SEGURA EP\BITSAC\.venv\Lib\site-packages\httptools\parser\url_parser.pyx","4353",".pyx"
"C:\Users\ASUS\Desktop\SEGURA EP\BITSAC\.venv\Lib\site-packages\httptools\parser\__init__.py","704",".py"
"C:\Users\ASUS\Desktop\SEGURA EP\BITSAC\.venv\Lib\site-packages\httptools\parser\__pycache__\errors.cpython-313.pyc","1354",".pyc"
"C:\Users\ASUS\Desktop\SEGURA EP\BITSAC\.venv\Lib\site-packages\httptools\parser\__pycache__\protocol.cpython-313.pyc","1948",".pyc"
"C:\Users\ASUS\Desktop\SEGURA EP\BITSAC\.venv\Lib\site-packages\httptools\parser\__pycache__\__init__.cpython-313.pyc","663",".pyc"
"C:\Users\ASUS\Desktop\SEGURA EP\BITSAC\.venv\Lib\site-packages\httptools\__pycache__\_version.cpython-313.pyc","209",".pyc"
"C:\Users\ASUS\Desktop\SEGURA EP\BITSAC\.venv\Lib\site-packages\httptools\__pycache__\__init__.cpython-313.pyc","671",".pyc"
"C:\Users\ASUS\Desktop\SEGURA EP\BITSAC\.venv\Lib\site-packages\httptools-0.8.0.dist-info\licenses",,""
"C:\Users\ASUS\Desktop\SEGURA EP\BITSAC\.venv\Lib\site-packages\httptools-0.8.0.dist-info\INSTALLER","4",""
"C:\Users\ASUS\Desktop\SEGURA EP\BITSAC\.venv\Lib\site-packages\httptools-0.8.0.dist-info\METADATA","3663",""
"C:\Users\ASUS\Desktop\SEGURA EP\BITSAC\.venv\Lib\site-packages\httptools-0.8.0.dist-info\RECORD","2305",""
"C:\Users\ASUS\Desktop\SEGURA EP\BITSAC\.venv\Lib\site-packages\httptools-0.8.0.dist-info\top_level.txt","10",".txt"
"C:\Users\ASUS\Desktop\SEGURA EP\BITSAC\.venv\Lib\site-packages\httptools-0.8.0.dist-info\WHEEL","101",""
"C:\Users\ASUS\Desktop\SEGURA EP\BITSAC\.venv\Lib\site-packages\httptools-0.8.0.dist-info\licenses\vendor",,""
"C:\Users\ASUS\Desktop\SEGURA EP\BITSAC\.venv\Lib\site-packages\httptools-0.8.0.dist-info\licenses\LICENSE","1114",""
"C:\Users\ASUS\Desktop\SEGURA EP\BITSAC\.venv\Lib\site-packages\httptools-0.8.0.dist-info\licenses\vendor\http-parser",,""
"C:\Users\ASUS\Desktop\SEGURA EP\BITSAC\.venv\Lib\site-packages\httptools-0.8.0.dist-info\licenses\vendor\llhttp",,""
"C:\Users\ASUS\Desktop\SEGURA EP\BITSAC\.venv\Lib\site-packages\httptools-0.8.0.dist-info\licenses\vendor\http-parser\LICENSE-MIT","1096",""
"C:\Users\ASUS\Desktop\SEGURA EP\BITSAC\.venv\Lib\site-packages\httptools-0.8.0.dist-info\licenses\vendor\llhttp\LICENSE","1091",""
"C:\Users\ASUS\Desktop\SEGURA EP\BITSAC\.venv\Lib\site-packages\idna\__pycache__",,""
"C:\Users\ASUS\Desktop\SEGURA EP\BITSAC\.venv\Lib\site-packages\idna\cli.py","4139",".py"
"C:\Users\ASUS\Desktop\SEGURA EP\BITSAC\.venv\Lib\site-packages\idna\codec.py","5040",".py"
"C:\Users\ASUS\Desktop\SEGURA EP\BITSAC\.venv\Lib\site-packages\idna\compat.py","1353",".py"
"C:\Users\ASUS\Desktop\SEGURA EP\BITSAC\.venv\Lib\site-packages\idna\core.py","24685",".py"
"C:\Users\ASUS\Desktop\SEGURA EP\BITSAC\.venv\Lib\site-packages\idna\idnadata.py","44862",".py"
"C:\Users\ASUS\Desktop\SEGURA EP\BITSAC\.venv\Lib\site-packages\idna\intranges.py","1851",".py"
"C:\Users\ASUS\Desktop\SEGURA EP\BITSAC\.venv\Lib\site-packages\idna\package_data.py","21",".py"
"C:\Users\ASUS\Desktop\SEGURA EP\BITSAC\.venv\Lib\site-packages\idna\py.typed","0",".typed"
"C:\Users\ASUS\Desktop\SEGURA EP\BITSAC\.venv\Lib\site-packages\idna\uts46data.py","234325",".py"
"C:\Users\ASUS\Desktop\SEGURA EP\BITSAC\.venv\Lib\site-packages\idna\__init__.py","868",".py"
"C:\Users\ASUS\Desktop\SEGURA EP\BITSAC\.venv\Lib\site-packages\idna\__main__.py","83",".py"
"C:\Users\ASUS\Desktop\SEGURA EP\BITSAC\.venv\Lib\site-packages\idna\__pycache__\cli.cpython-313.pyc","5874",".pyc"
"C:\Users\ASUS\Desktop\SEGURA EP\BITSAC\.venv\Lib\site-packages\idna\__pycache__\codec.cpython-313.pyc","6553",".pyc"
"C:\Users\ASUS\Desktop\SEGURA EP\BITSAC\.venv\Lib\site-packages\idna\__pycache__\compat.cpython-313.pyc","1834",".pyc"
"C:\Users\ASUS\Desktop\SEGURA EP\BITSAC\.venv\Lib\site-packages\idna\__pycache__\core.cpython-313.pyc","28413",".pyc"
"C:\Users\ASUS\Desktop\SEGURA EP\BITSAC\.venv\Lib\site-packages\idna\__pycache__\idnadata.cpython-313.pyc","22021",".pyc"
"C:\Users\ASUS\Desktop\SEGURA EP\BITSAC\.venv\Lib\site-packages\idna\__pycache__\intranges.cpython-313.pyc","2555",".pyc"
"C:\Users\ASUS\Desktop\SEGURA EP\BITSAC\.venv\Lib\site-packages\idna\__pycache__\package_data.cpython-313.pyc","205",".pyc"
"C:\Users\ASUS\Desktop\SEGURA EP\BITSAC\.venv\Lib\site-packages\idna\__pycache__\uts46data.cpython-313.pyc","96227",".pyc"
"C:\Users\ASUS\Desktop\SEGURA EP\BITSAC\.venv\Lib\site-packages\idna\__pycache__\__init__.cpython-313.pyc","874",".pyc"
"C:\Users\ASUS\Desktop\SEGURA EP\BITSAC\.venv\Lib\site-packages\idna\__pycache__\__main__.cpython-313.pyc","345",".pyc"
"C:\Users\ASUS\Desktop\SEGURA EP\BITSAC\.venv\Lib\site-packages\idna-3.18.dist-info\licenses",,""
"C:\Users\ASUS\Desktop\SEGURA EP\BITSAC\.venv\Lib\site-packages\idna-3.18.dist-info\entry_points.txt","38",".txt"
"C:\Users\ASUS\Desktop\SEGURA EP\BITSAC\.venv\Lib\site-packages\idna-3.18.dist-info\INSTALLER","4",""
"C:\Users\ASUS\Desktop\SEGURA EP\BITSAC\.venv\Lib\site-packages\idna-3.18.dist-info\METADATA","6119",""
"C:\Users\ASUS\Desktop\SEGURA EP\BITSAC\.venv\Lib\site-packages\idna-3.18.dist-info\RECORD","1793",""
"C:\Users\ASUS\Desktop\SEGURA EP\BITSAC\.venv\Lib\site-packages\idna-3.18.dist-info\WHEEL","82",""
"C:\Users\ASUS\Desktop\SEGURA EP\BITSAC\.venv\Lib\site-packages\idna-3.18.dist-info\licenses\LICENSE.md","1541",".md"
"C:\Users\ASUS\Desktop\SEGURA EP\BITSAC\.venv\Lib\site-packages\jose\backends",,""
"C:\Users\ASUS\Desktop\SEGURA EP\BITSAC\.venv\Lib\site-packages\jose\__pycache__",,""
"C:\Users\ASUS\Desktop\SEGURA EP\BITSAC\.venv\Lib\site-packages\jose\constants.py","2596",".py"
"C:\Users\ASUS\Desktop\SEGURA EP\BITSAC\.venv\Lib\site-packages\jose\exceptions.py","791",".py"
"C:\Users\ASUS\Desktop\SEGURA EP\BITSAC\.venv\Lib\site-packages\jose\jwe.py","21976",".py"
"C:\Users\ASUS\Desktop\SEGURA EP\BITSAC\.venv\Lib\site-packages\jose\jwk.py","2024",".py"
"C:\Users\ASUS\Desktop\SEGURA EP\BITSAC\.venv\Lib\site-packages\jose\jws.py","7820",".py"
"C:\Users\ASUS\Desktop\SEGURA EP\BITSAC\.venv\Lib\site-packages\jose\jwt.py","17310",".py"
"C:\Users\ASUS\Desktop\SEGURA EP\BITSAC\.venv\Lib\site-packages\jose\utils.py","3190",".py"
"C:\Users\ASUS\Desktop\SEGURA EP\BITSAC\.venv\Lib\site-packages\jose\__init__.py","322",".py"
"C:\Users\ASUS\Desktop\SEGURA EP\BITSAC\.venv\Lib\site-packages\jose\backends\__pycache__",,""
"C:\Users\ASUS\Desktop\SEGURA EP\BITSAC\.venv\Lib\site-packages\jose\backends\base.py","2224",".py"
"C:\Users\ASUS\Desktop\SEGURA EP\BITSAC\.venv\Lib\site-packages\jose\backends\cryptography_backend.py","22763",".py"
"C:\Users\ASUS\Desktop\SEGURA EP\BITSAC\.venv\Lib\site-packages\jose\backends\ecdsa_backend.py","5055",".py"
"C:\Users\ASUS\Desktop\SEGURA EP\BITSAC\.venv\Lib\site-packages\jose\backends\native.py","2289",".py"
"C:\Users\ASUS\Desktop\SEGURA EP\BITSAC\.venv\Lib\site-packages\jose\backends\rsa_backend.py","10942",".py"
"C:\Users\ASUS\Desktop\SEGURA EP\BITSAC\.venv\Lib\site-packages\jose\backends\_asn1.py","2655",".py"
"C:\Users\ASUS\Desktop\SEGURA EP\BITSAC\.venv\Lib\site-packages\jose\backends\__init__.py","1091",".py"
"C:\Users\ASUS\Desktop\SEGURA EP\BITSAC\.venv\Lib\site-packages\jose\backends\__pycache__\base.cpython-313.pyc","3456",".pyc"
"C:\Users\ASUS\Desktop\SEGURA EP\BITSAC\.venv\Lib\site-packages\jose\backends\__pycache__\cryptography_backend.cpython-313.pyc","33770",".pyc"
"C:\Users\ASUS\Desktop\SEGURA EP\BITSAC\.venv\Lib\site-packages\jose\backends\__pycache__\ecdsa_backend.cpython-313.pyc","8261",".pyc"
"C:\Users\ASUS\Desktop\SEGURA EP\BITSAC\.venv\Lib\site-packages\jose\backends\__pycache__\native.cpython-313.pyc","4163",".pyc"
"C:\Users\ASUS\Desktop\SEGURA EP\BITSAC\.venv\Lib\site-packages\jose\backends\__pycache__\rsa_backend.cpython-313.pyc","13255",".pyc"
"C:\Users\ASUS\Desktop\SEGURA EP\BITSAC\.venv\Lib\site-packages\jose\backends\__pycache__\_asn1.cpython-313.pyc","4252",".pyc"
"C:\Users\ASUS\Desktop\SEGURA EP\BITSAC\.venv\Lib\site-packages\jose\backends\__pycache__\__init__.cpython-313.pyc","1221",".pyc"
"C:\Users\ASUS\Desktop\SEGURA EP\BITSAC\.venv\Lib\site-packages\jose\__pycache__\constants.cpython-313.pyc","3208",".pyc"
"C:\Users\ASUS\Desktop\SEGURA EP\BITSAC\.venv\Lib\site-packages\jose\__pycache__\exceptions.cpython-313.pyc","2519",".pyc"
"C:\Users\ASUS\Desktop\SEGURA EP\BITSAC\.venv\Lib\site-packages\jose\__pycache__\jwe.cpython-313.pyc","18136",".pyc"
"C:\Users\ASUS\Desktop\SEGURA EP\BITSAC\.venv\Lib\site-packages\jose\__pycache__\jwk.cpython-313.pyc","2557",".pyc"
"C:\Users\ASUS\Desktop\SEGURA EP\BITSAC\.venv\Lib\site-packages\jose\__pycache__\jws.cpython-313.pyc","9502",".pyc"
"C:\Users\ASUS\Desktop\SEGURA EP\BITSAC\.venv\Lib\site-packages\jose\__pycache__\jwt.cpython-313.pyc","19381",".pyc"
"C:\Users\ASUS\Desktop\SEGURA EP\BITSAC\.venv\Lib\site-packages\jose\__pycache__\utils.cpython-313.pyc","4817",".pyc"
"C:\Users\ASUS\Desktop\SEGURA EP\BITSAC\.venv\Lib\site-packages\jose\__pycache__\__init__.cpython-313.pyc","480",".pyc"
"C:\Users\ASUS\Desktop\SEGURA EP\BITSAC\.venv\Lib\site-packages\passlib\crypto",,""
"C:\Users\ASUS\Desktop\SEGURA EP\BITSAC\.venv\Lib\site-packages\passlib\ext",,""
"C:\Users\ASUS\Desktop\SEGURA EP\BITSAC\.venv\Lib\site-packages\passlib\handlers",,""
"C:\Users\ASUS\Desktop\SEGURA EP\BITSAC\.venv\Lib\site-packages\passlib\tests",,""
"C:\Users\ASUS\Desktop\SEGURA EP\BITSAC\.venv\Lib\site-packages\passlib\utils",,""
"C:\Users\ASUS\Desktop\SEGURA EP\BITSAC\.venv\Lib\site-packages\passlib\_data",,""
"C:\Users\ASUS\Desktop\SEGURA EP\BITSAC\.venv\Lib\site-packages\passlib\__pycache__",,""
"C:\Users\ASUS\Desktop\SEGURA EP\BITSAC\.venv\Lib\site-packages\passlib\apache.py","46661",".py"
"C:\Users\ASUS\Desktop\SEGURA EP\BITSAC\.venv\Lib\site-packages\passlib\apps.py","8067",".py"
"C:\Users\ASUS\Desktop\SEGURA EP\BITSAC\.venv\Lib\site-packages\passlib\context.py","109195",".py"
"C:\Users\ASUS\Desktop\SEGURA EP\BITSAC\.venv\Lib\site-packages\passlib\exc.py","14481",".py"
"C:\Users\ASUS\Desktop\SEGURA EP\BITSAC\.venv\Lib\site-packages\passlib\hash.py","3750",".py"
"C:\Users\ASUS\Desktop\SEGURA EP\BITSAC\.venv\Lib\site-packages\passlib\hosts.py","3302",".py"
"C:\Users\ASUS\Desktop\SEGURA EP\BITSAC\.venv\Lib\site-packages\passlib\ifc.py","14196",".py"
"C:\Users\ASUS\Desktop\SEGURA EP\BITSAC\.venv\Lib\site-packages\passlib\pwd.py","28690",".py"
"C:\Users\ASUS\Desktop\SEGURA EP\BITSAC\.venv\Lib\site-packages\passlib\registry.py","20301",".py"
"C:\Users\ASUS\Desktop\SEGURA EP\BITSAC\.venv\Lib\site-packages\passlib\totp.py","73033",".py"
"C:\Users\ASUS\Desktop\SEGURA EP\BITSAC\.venv\Lib\site-packages\passlib\win32.py","2591",".py"
"C:\Users\ASUS\Desktop\SEGURA EP\BITSAC\.venv\Lib\site-packages\passlib\__init__.py","87",".py"
"C:\Users\ASUS\Desktop\SEGURA EP\BITSAC\.venv\Lib\site-packages\passlib\crypto\scrypt",,""
"C:\Users\ASUS\Desktop\SEGURA EP\BITSAC\.venv\Lib\site-packages\passlib\crypto\_blowfish",,""
"C:\Users\ASUS\Desktop\SEGURA EP\BITSAC\.venv\Lib\site-packages\passlib\crypto\__pycache__",,""
"C:\Users\ASUS\Desktop\SEGURA EP\BITSAC\.venv\Lib\site-packages\passlib\crypto\des.py","51878",".py"
"C:\Users\ASUS\Desktop\SEGURA EP\BITSAC\.venv\Lib\site-packages\passlib\crypto\digest.py","36158",".py"
"C:\Users\ASUS\Desktop\SEGURA EP\BITSAC\.venv\Lib\site-packages\passlib\crypto\_md4.py","6905",".py"
"C:\Users\ASUS\Desktop\SEGURA EP\BITSAC\.venv\Lib\site-packages\passlib\crypto\__init__.py","84",".py"
"C:\Users\ASUS\Desktop\SEGURA EP\BITSAC\.venv\Lib\site-packages\passlib\crypto\scrypt\__pycache__",,""
"C:\Users\ASUS\Desktop\SEGURA EP\BITSAC\.venv\Lib\site-packages\passlib\crypto\scrypt\_builtin.py","8910",".py"
"C:\Users\ASUS\Desktop\SEGURA EP\BITSAC\.venv\Lib\site-packages\passlib\crypto\scrypt\_gen_files.py","4683",".py"
"C:\Users\ASUS\Desktop\SEGURA EP\BITSAC\.venv\Lib\site-packages\passlib\crypto\scrypt\_salsa.py","5719",".py"
"C:\Users\ASUS\Desktop\SEGURA EP\BITSAC\.venv\Lib\site-packages\passlib\crypto\scrypt\__init__.py","9630",".py"
"C:\Users\ASUS\Desktop\SEGURA EP\BITSAC\.venv\Lib\site-packages\passlib\crypto\scrypt\__pycache__\_builtin.cpython-313.pyc","7820",".pyc"
"C:\Users\ASUS\Desktop\SEGURA EP\BITSAC\.venv\Lib\site-packages\passlib\crypto\scrypt\__pycache__\_gen_files.cpython-313.pyc","3656",".pyc"
"C:\Users\ASUS\Desktop\SEGURA EP\BITSAC\.venv\Lib\site-packages\passlib\crypto\scrypt\__pycache__\_salsa.cpython-313.pyc","4591",".pyc"
"C:\Users\ASUS\Desktop\SEGURA EP\BITSAC\.venv\Lib\site-packages\passlib\crypto\scrypt\__pycache__\__init__.cpython-313.pyc","7755",".pyc"
"C:\Users\ASUS\Desktop\SEGURA EP\BITSAC\.venv\Lib\site-packages\passlib\crypto\_blowfish\__pycache__",,""
"C:\Users\ASUS\Desktop\SEGURA EP\BITSAC\.venv\Lib\site-packages\passlib\crypto\_blowfish\base.py","20390",".py"
"C:\Users\ASUS\Desktop\SEGURA EP\BITSAC\.venv\Lib\site-packages\passlib\crypto\_blowfish\unrolled.py","37153",".py"
"C:\Users\ASUS\Desktop\SEGURA EP\BITSAC\.venv\Lib\site-packages\passlib\crypto\_blowfish\_gen_files.py","6176",".py"
"C:\Users\ASUS\Desktop\SEGURA EP\BITSAC\.venv\Lib\site-packages\passlib\crypto\_blowfish\__init__.py","6426",".py"
"C:\Users\ASUS\Desktop\SEGURA EP\BITSAC\.venv\Lib\site-packages\passlib\crypto\_blowfish\__pycache__\base.cpython-313.pyc","14023",".pyc"
"C:\Users\ASUS\Desktop\SEGURA EP\BITSAC\.venv\Lib\site-packages\passlib\crypto\_blowfish\__pycache__\unrolled.cpython-313.pyc","37184",".pyc"
"C:\Users\ASUS\Desktop\SEGURA EP\BITSAC\.venv\Lib\site-packages\passlib\crypto\_blowfish\__pycache__\_gen_files.cpython-313.pyc","7572",".pyc"
"C:\Users\ASUS\Desktop\SEGURA EP\BITSAC\.venv\Lib\site-packages\passlib\crypto\_blowfish\__pycache__\__init__.cpython-313.pyc","5435",".pyc"
"C:\Users\ASUS\Desktop\SEGURA EP\BITSAC\.venv\Lib\site-packages\passlib\crypto\__pycache__\des.cpython-313.pyc","24813",".pyc"
"C:\Users\ASUS\Desktop\SEGURA EP\BITSAC\.venv\Lib\site-packages\passlib\crypto\__pycache__\digest.cpython-313.pyc","29838",".pyc"
"C:\Users\ASUS\Desktop\SEGURA EP\BITSAC\.venv\Lib\site-packages\passlib\crypto\__pycache__\_md4.cpython-313.pyc","7676",".pyc"
"C:\Users\ASUS\Desktop\SEGURA EP\BITSAC\.venv\Lib\site-packages\passlib\crypto\__pycache__\__init__.cpython-313.pyc","278",".pyc"
"C:\Users\ASUS\Desktop\SEGURA EP\BITSAC\.venv\Lib\site-packages\passlib\ext\django",,""
"C:\Users\ASUS\Desktop\SEGURA EP\BITSAC\.venv\Lib\site-packages\passlib\ext\__pycache__",,""
"C:\Users\ASUS\Desktop\SEGURA EP\BITSAC\.venv\Lib\site-packages\passlib\ext\__init__.py","1",".py"
"C:\Users\ASUS\Desktop\SEGURA EP\BITSAC\.venv\Lib\site-packages\passlib\ext\django\__pycache__",,""
"C:\Users\ASUS\Desktop\SEGURA EP\BITSAC\.venv\Lib\site-packages\passlib\ext\django\models.py","1314",".py"
"C:\Users\ASUS\Desktop\SEGURA EP\BITSAC\.venv\Lib\site-packages\passlib\ext\django\utils.py","49409",".py"
"C:\Users\ASUS\Desktop\SEGURA EP\BITSAC\.venv\Lib\site-packages\passlib\ext\django\__init__.py","228",".py"
"C:\Users\ASUS\Desktop\SEGURA EP\BITSAC\.venv\Lib\site-packages\passlib\ext\django\__pycache__\models.cpython-313.pyc","649",".pyc"
"C:\Users\ASUS\Desktop\SEGURA EP\BITSAC\.venv\Lib\site-packages\passlib\ext\django\__pycache__\utils.cpython-313.pyc","39108",".pyc"
"C:\Users\ASUS\Desktop\SEGURA EP\BITSAC\.venv\Lib\site-packages\passlib\ext\django\__pycache__\__init__.cpython-313.pyc","428",".pyc"
"C:\Users\ASUS\Desktop\SEGURA EP\BITSAC\.venv\Lib\site-packages\passlib\ext\__pycache__\__init__.cpython-313.pyc","183",".pyc"
"C:\Users\ASUS\Desktop\SEGURA EP\BITSAC\.venv\Lib\site-packages\passlib\handlers\__pycache__",,""
"C:\Users\ASUS\Desktop\SEGURA EP\BITSAC\.venv\Lib\site-packages\passlib\handlers\argon2.py","38934",".py"
"C:\Users\ASUS\Desktop\SEGURA EP\BITSAC\.venv\Lib\site-packages\passlib\handlers\bcrypt.py","53582",".py"
"C:\Users\ASUS\Desktop\SEGURA EP\BITSAC\.venv\Lib\site-packages\passlib\handlers\cisco.py","16284",".py"
"C:\Users\ASUS\Desktop\SEGURA EP\BITSAC\.venv\Lib\site-packages\passlib\handlers\des_crypt.py","22367",".py"
"C:\Users\ASUS\Desktop\SEGURA EP\BITSAC\.venv\Lib\site-packages\passlib\handlers\digests.py","6327",".py"
"C:\Users\ASUS\Desktop\SEGURA EP\BITSAC\.venv\Lib\site-packages\passlib\handlers\django.py","20185",".py"
"C:\Users\ASUS\Desktop\SEGURA EP\BITSAC\.venv\Lib\site-packages\passlib\handlers\fshp.py","7799",".py"
"C:\Users\ASUS\Desktop\SEGURA EP\BITSAC\.venv\Lib\site-packages\passlib\handlers\ldap_digests.py","13049",".py"
"C:\Users\ASUS\Desktop\SEGURA EP\BITSAC\.venv\Lib\site-packages\passlib\handlers\md5_crypt.py","13740",".py"
"C:\Users\ASUS\Desktop\SEGURA EP\BITSAC\.venv\Lib\site-packages\passlib\handlers\misc.py","10109",".py"
"C:\Users\ASUS\Desktop\SEGURA EP\BITSAC\.venv\Lib\site-packages\passlib\handlers\mssql.py","8482",".py"
"C:\Users\ASUS\Desktop\SEGURA EP\BITSAC\.venv\Lib\site-packages\passlib\handlers\mysql.py","4796",".py"
"C:\Users\ASUS\Desktop\SEGURA EP\BITSAC\.venv\Lib\site-packages\passlib\handlers\oracle.py","6691",".py"
"C:\Users\ASUS\Desktop\SEGURA EP\BITSAC\.venv\Lib\site-packages\passlib\handlers\pbkdf2.py","19010",".py"
"C:\Users\ASUS\Desktop\SEGURA EP\BITSAC\.venv\Lib\site-packages\passlib\handlers\phpass.py","4785",".py"
"C:\Users\ASUS\Desktop\SEGURA EP\BITSAC\.venv\Lib\site-packages\passlib\handlers\postgres.py","2274",".py"
"C:\Users\ASUS\Desktop\SEGURA EP\BITSAC\.venv\Lib\site-packages\passlib\handlers\roundup.py","1178",".py"
"C:\Users\ASUS\Desktop\SEGURA EP\BITSAC\.venv\Lib\site-packages\passlib\handlers\scram.py","22539",".py"
"C:\Users\ASUS\Desktop\SEGURA EP\BITSAC\.venv\Lib\site-packages\passlib\handlers\scrypt.py","14146",".py"
"C:\Users\ASUS\Desktop\SEGURA EP\BITSAC\.venv\Lib\site-packages\passlib\handlers\sha1_crypt.py","5873",".py"
"C:\Users\ASUS\Desktop\SEGURA EP\BITSAC\.venv\Lib\site-packages\passlib\handlers\sha2_crypt.py","21800",".py"
"C:\Users\ASUS\Desktop\SEGURA EP\BITSAC\.venv\Lib\site-packages\passlib\handlers\sun_md5_crypt.py","13933",".py"
"C:\Users\ASUS\Desktop\SEGURA EP\BITSAC\.venv\Lib\site-packages\passlib\handlers\windows.py","12384",".py"
"C:\Users\ASUS\Desktop\SEGURA EP\BITSAC\.venv\Lib\site-packages\passlib\handlers\__init__.py","86",".py"
"C:\Users\ASUS\Desktop\SEGURA EP\BITSAC\.venv\Lib\site-packages\passlib\handlers\__pycache__\argon2.cpython-313.pyc","30440",".pyc"
"C:\Users\ASUS\Desktop\SEGURA EP\BITSAC\.venv\Lib\site-packages\passlib\handlers\__pycache__\bcrypt.cpython-313.pyc","39162",".pyc"
"C:\Users\ASUS\Desktop\SEGURA EP\BITSAC\.venv\Lib\site-packages\passlib\handlers\__pycache__\cisco.cpython-313.pyc","12888",".pyc"
"C:\Users\ASUS\Desktop\SEGURA EP\BITSAC\.venv\Lib\site-packages\passlib\handlers\__pycache__\des_crypt.cpython-313.pyc","20884",".pyc"
"C:\Users\ASUS\Desktop\SEGURA EP\BITSAC\.venv\Lib\site-packages\passlib\handlers\__pycache__\digests.cpython-313.pyc","6377",".pyc"
"C:\Users\ASUS\Desktop\SEGURA EP\BITSAC\.venv\Lib\site-packages\passlib\handlers\__pycache__\django.cpython-313.pyc","21063",".pyc"
"C:\Users\ASUS\Desktop\SEGURA EP\BITSAC\.venv\Lib\site-packages\passlib\handlers\__pycache__\fshp.cpython-313.pyc","7820",".pyc"
"C:\Users\ASUS\Desktop\SEGURA EP\BITSAC\.venv\Lib\site-packages\passlib\handlers\__pycache__\ldap_digests.cpython-313.pyc","14171",".pyc"
"C:\Users\ASUS\Desktop\SEGURA EP\BITSAC\.venv\Lib\site-packages\passlib\handlers\__pycache__\md5_crypt.cpython-313.pyc","9192",".pyc"
"C:\Users\ASUS\Desktop\SEGURA EP\BITSAC\.venv\Lib\site-packages\passlib\handlers\__pycache__\misc.cpython-313.pyc","11531",".pyc"
"C:\Users\ASUS\Desktop\SEGURA EP\BITSAC\.venv\Lib\site-packages\passlib\handlers\__pycache__\mssql.cpython-313.pyc","9328",".pyc"
"C:\Users\ASUS\Desktop\SEGURA EP\BITSAC\.venv\Lib\site-packages\passlib\handlers\__pycache__\mysql.cpython-313.pyc","4421",".pyc"
"C:\Users\ASUS\Desktop\SEGURA EP\BITSAC\.venv\Lib\site-packages\passlib\handlers\__pycache__\oracle.cpython-313.pyc","6604",".pyc"
"C:\Users\ASUS\Desktop\SEGURA EP\BITSAC\.venv\Lib\site-packages\passlib\handlers\__pycache__\pbkdf2.cpython-313.pyc","17647",".pyc"
"C:\Users\ASUS\Desktop\SEGURA EP\BITSAC\.venv\Lib\site-packages\passlib\handlers\__pycache__\phpass.cpython-313.pyc","4944",".pyc"
"C:\Users\ASUS\Desktop\SEGURA EP\BITSAC\.venv\Lib\site-packages\passlib\handlers\__pycache__\postgres.cpython-313.pyc","2114",".pyc"
"C:\Users\ASUS\Desktop\SEGURA EP\BITSAC\.venv\Lib\site-packages\passlib\handlers\__pycache__\roundup.cpython-313.pyc","918",".pyc"
"C:\Users\ASUS\Desktop\SEGURA EP\BITSAC\.venv\Lib\site-packages\passlib\handlers\__pycache__\scram.cpython-313.pyc","14980",".pyc"
"C:\Users\ASUS\Desktop\SEGURA EP\BITSAC\.venv\Lib\site-packages\passlib\handlers\__pycache__\scrypt.cpython-313.pyc","12905",".pyc"
"C:\Users\ASUS\Desktop\SEGURA EP\BITSAC\.venv\Lib\site-packages\passlib\handlers\__pycache__\sha1_crypt.cpython-313.pyc","5927",".pyc"
"C:\Users\ASUS\Desktop\SEGURA EP\BITSAC\.venv\Lib\site-packages\passlib\handlers\__pycache__\sha2_crypt.cpython-313.pyc","15416",".pyc"
"C:\Users\ASUS\Desktop\SEGURA EP\BITSAC\.venv\Lib\site-packages\passlib\handlers\__pycache__\sun_md5_crypt.cpython-313.pyc","12163",".pyc"
"C:\Users\ASUS\Desktop\SEGURA EP\BITSAC\.venv\Lib\site-packages\passlib\handlers\__pycache__\windows.cpython-313.pyc","11197",".pyc"
"C:\Users\ASUS\Desktop\SEGURA EP\BITSAC\.venv\Lib\site-packages\passlib\handlers\__pycache__\__init__.cpython-313.pyc","282",".pyc"
"C:\Users\ASUS\Desktop\SEGURA EP\BITSAC\.venv\Lib\site-packages\passlib\tests\__pycache__",,""
"C:\Users\ASUS\Desktop\SEGURA EP\BITSAC\.venv\Lib\site-packages\passlib\tests\backports.py","2593",".py"
"C:\Users\ASUS\Desktop\SEGURA EP\BITSAC\.venv\Lib\site-packages\passlib\tests\sample1.cfg","243",".cfg"
"C:\Users\ASUS\Desktop\SEGURA EP\BITSAC\.venv\Lib\site-packages\passlib\tests\sample1b.cfg","252",".cfg"
"C:\Users\ASUS\Desktop\SEGURA EP\BITSAC\.venv\Lib\site-packages\passlib\tests\sample1c.cfg","490",".cfg"
"C:\Users\ASUS\Desktop\SEGURA EP\BITSAC\.venv\Lib\site-packages\passlib\tests\sample_config_1s.cfg","238",".cfg"
"C:\Users\ASUS\Desktop\SEGURA EP\BITSAC\.venv\Lib\site-packages\passlib\tests\test_apache.py","29432",".py"
"C:\Users\ASUS\Desktop\SEGURA EP\BITSAC\.venv\Lib\site-packages\passlib\tests\test_apps.py","5281",".py"
"C:\Users\ASUS\Desktop\SEGURA EP\BITSAC\.venv\Lib\site-packages\passlib\tests\test_context.py","74546",".py"
"C:\Users\ASUS\Desktop\SEGURA EP\BITSAC\.venv\Lib\site-packages\passlib\tests\test_context_deprecated.py","29282",".py"
"C:\Users\ASUS\Desktop\SEGURA EP\BITSAC\.venv\Lib\site-packages\passlib\tests\test_crypto_builtin_md4.py","5660",".py"
"C:\Users\ASUS\Desktop\SEGURA EP\BITSAC\.venv\Lib\site-packages\passlib\tests\test_crypto_des.py","8874",".py"
"C:\Users\ASUS\Desktop\SEGURA EP\BITSAC\.venv\Lib\site-packages\passlib\tests\test_crypto_digest.py","20478",".py"
"C:\Users\ASUS\Desktop\SEGURA EP\BITSAC\.venv\Lib\site-packages\passlib\tests\test_crypto_scrypt.py","26646",".py"
"C:\Users\ASUS\Desktop\SEGURA EP\BITSAC\.venv\Lib\site-packages\passlib\tests\test_ext_django.py","41364",".py"
"C:\Users\ASUS\Desktop\SEGURA EP\BITSAC\.venv\Lib\site-packages\passlib\tests\test_ext_django_source.py","11034",".py"
"C:\Users\ASUS\Desktop\SEGURA EP\BITSAC\.venv\Lib\site-packages\passlib\tests\test_handlers.py","68622",".py"
"C:\Users\ASUS\Desktop\SEGURA EP\BITSAC\.venv\Lib\site-packages\passlib\tests\test_handlers_argon2.py","22837",".py"
"C:\Users\ASUS\Desktop\SEGURA EP\BITSAC\.venv\Lib\site-packages\passlib\tests\test_handlers_bcrypt.py","29549",".py"
"C:\Users\ASUS\Desktop\SEGURA EP\BITSAC\.venv\Lib\site-packages\passlib\tests\test_handlers_cisco.py","20471",".py"
"C:\Users\ASUS\Desktop\SEGURA EP\BITSAC\.venv\Lib\site-packages\passlib\tests\test_handlers_django.py","15538",".py"
"C:\Users\ASUS\Desktop\SEGURA EP\BITSAC\.venv\Lib\site-packages\passlib\tests\test_handlers_pbkdf2.py","18788",".py"
"C:\Users\ASUS\Desktop\SEGURA EP\BITSAC\.venv\Lib\site-packages\passlib\tests\test_handlers_scrypt.py","4188",".py"
"C:\Users\ASUS\Desktop\SEGURA EP\BITSAC\.venv\Lib\site-packages\passlib\tests\test_hosts.py","3906",".py"
"C:\Users\ASUS\Desktop\SEGURA EP\BITSAC\.venv\Lib\site-packages\passlib\tests\test_pwd.py","7190",".py"
"C:\Users\ASUS\Desktop\SEGURA EP\BITSAC\.venv\Lib\site-packages\passlib\tests\test_registry.py","9246",".py"
"C:\Users\ASUS\Desktop\SEGURA EP\BITSAC\.venv\Lib\site-packages\passlib\tests\test_totp.py","65746",".py"
"C:\Users\ASUS\Desktop\SEGURA EP\BITSAC\.venv\Lib\site-packages\passlib\tests\test_utils.py","46118",".py"
"C:\Users\ASUS\Desktop\SEGURA EP\BITSAC\.venv\Lib\site-packages\passlib\tests\test_utils_handlers.py","32134",".py"
"C:\Users\ASUS\Desktop\SEGURA EP\BITSAC\.venv\Lib\site-packages\passlib\tests\test_utils_md4.py","1474",".py"
"C:\Users\ASUS\Desktop\SEGURA EP\BITSAC\.venv\Lib\site-packages\passlib\tests\test_utils_pbkdf2.py","12193",".py"
"C:\Users\ASUS\Desktop\SEGURA EP\BITSAC\.venv\Lib\site-packages\passlib\tests\test_win32.py","1920",".py"
"C:\Users\ASUS\Desktop\SEGURA EP\BITSAC\.venv\Lib\site-packages\passlib\tests\tox_support.py","2473",".py"
"C:\Users\ASUS\Desktop\SEGURA EP\BITSAC\.venv\Lib\site-packages\passlib\tests\utils.py","147541",".py"
"C:\Users\ASUS\Desktop\SEGURA EP\BITSAC\.venv\Lib\site-packages\passlib\tests\_test_bad_register.py","541",".py"
"C:\Users\ASUS\Desktop\SEGURA EP\BITSAC\.venv\Lib\site-packages\passlib\tests\__init__.py","20",".py"
"C:\Users\ASUS\Desktop\SEGURA EP\BITSAC\.venv\Lib\site-packages\passlib\tests\__main__.py","82",".py"
"C:\Users\ASUS\Desktop\SEGURA EP\BITSAC\.venv\Lib\site-packages\passlib\tests\__pycache__\backports.cpython-313.pyc","1635",".pyc"
"C:\Users\ASUS\Desktop\SEGURA EP\BITSAC\.venv\Lib\site-packages\passlib\tests\__pycache__\test_apache.cpython-313.pyc","40199",".pyc"
"C:\Users\ASUS\Desktop\SEGURA EP\BITSAC\.venv\Lib\site-packages\passlib\tests\__pycache__\test_apps.cpython-313.pyc","7199",".pyc"
"C:\Users\ASUS\Desktop\SEGURA EP\BITSAC\.venv\Lib\site-packages\passlib\tests\__pycache__\test_context.cpython-313.pyc","74600",".pyc"
"C:\Users\ASUS\Desktop\SEGURA EP\BITSAC\.venv\Lib\site-packages\passlib\tests\__pycache__\test_context_deprecated.cpython-313.pyc","31176",".pyc"
"C:\Users\ASUS\Desktop\SEGURA EP\BITSAC\.venv\Lib\site-packages\passlib\tests\__pycache__\test_crypto_builtin_md4.cpython-313.pyc","7116",".pyc"
"C:\Users\ASUS\Desktop\SEGURA EP\BITSAC\.venv\Lib\site-packages\passlib\tests\__pycache__\test_crypto_des.cpython-313.pyc","7288",".pyc"
"C:\Users\ASUS\Desktop\SEGURA EP\BITSAC\.venv\Lib\site-packages\passlib\tests\__pycache__\test_crypto_digest.cpython-313.pyc","18830",".pyc"
"C:\Users\ASUS\Desktop\SEGURA EP\BITSAC\.venv\Lib\site-packages\passlib\tests\__pycache__\test_crypto_scrypt.cpython-313.pyc","27042",".pyc"
"C:\Users\ASUS\Desktop\SEGURA EP\BITSAC\.venv\Lib\site-packages\passlib\tests\__pycache__\test_ext_django.cpython-313.pyc","37037",".pyc"
"C:\Users\ASUS\Desktop\SEGURA EP\BITSAC\.venv\Lib\site-packages\passlib\tests\__pycache__\test_ext_django_source.cpython-313.pyc","8337",".pyc"
"C:\Users\ASUS\Desktop\SEGURA EP\BITSAC\.venv\Lib\site-packages\passlib\tests\__pycache__\test_handlers.cpython-313.pyc","55453",".pyc"
"C:\Users\ASUS\Desktop\SEGURA EP\BITSAC\.venv\Lib\site-packages\passlib\tests\__pycache__\test_handlers_argon2.cpython-313.pyc","20691",".pyc"
"C:\Users\ASUS\Desktop\SEGURA EP\BITSAC\.venv\Lib\site-packages\passlib\tests\__pycache__\test_handlers_bcrypt.cpython-313.pyc","26530",".pyc"
"C:\Users\ASUS\Desktop\SEGURA EP\BITSAC\.venv\Lib\site-packages\passlib\tests\__pycache__\test_handlers_cisco.cpython-313.pyc","10828",".pyc"
"C:\Users\ASUS\Desktop\SEGURA EP\BITSAC\.venv\Lib\site-packages\passlib\tests\__pycache__\test_handlers_django.cpython-313.pyc","17024",".pyc"
"C:\Users\ASUS\Desktop\SEGURA EP\BITSAC\.venv\Lib\site-packages\passlib\tests\__pycache__\test_handlers_pbkdf2.cpython-313.pyc","18786",".pyc"
"C:\Users\ASUS\Desktop\SEGURA EP\BITSAC\.venv\Lib\site-packages\passlib\tests\__pycache__\test_handlers_scrypt.cpython-313.pyc","3818",".pyc"
"C:\Users\ASUS\Desktop\SEGURA EP\BITSAC\.venv\Lib\site-packages\passlib\tests\__pycache__\test_hosts.cpython-313.pyc","4112",".pyc"
"C:\Users\ASUS\Desktop\SEGURA EP\BITSAC\.venv\Lib\site-packages\passlib\tests\__pycache__\test_pwd.cpython-313.pyc","8361",".pyc"
"C:\Users\ASUS\Desktop\SEGURA EP\BITSAC\.venv\Lib\site-packages\passlib\tests\__pycache__\test_registry.cpython-313.pyc","11447",".pyc"
"C:\Users\ASUS\Desktop\SEGURA EP\BITSAC\.venv\Lib\site-packages\passlib\tests\__pycache__\test_totp.cpython-313.pyc","62410",".pyc"
"C:\Users\ASUS\Desktop\SEGURA EP\BITSAC\.venv\Lib\site-packages\passlib\tests\__pycache__\test_utils.cpython-313.pyc","49844",".pyc"
"C:\Users\ASUS\Desktop\SEGURA EP\BITSAC\.venv\Lib\site-packages\passlib\tests\__pycache__\test_utils_handlers.cpython-313.pyc","44119",".pyc"
"C:\Users\ASUS\Desktop\SEGURA EP\BITSAC\.venv\Lib\site-packages\passlib\tests\__pycache__\test_utils_md4.cpython-313.pyc","1665",".pyc"
"C:\Users\ASUS\Desktop\SEGURA EP\BITSAC\.venv\Lib\site-packages\passlib\tests\__pycache__\test_utils_pbkdf2.cpython-313.pyc","11949",".pyc"
"C:\Users\ASUS\Desktop\SEGURA EP\BITSAC\.venv\Lib\site-packages\passlib\tests\__pycache__\test_win32.cpython-313.pyc","2221",".pyc"
"C:\Users\ASUS\Desktop\SEGURA EP\BITSAC\.venv\Lib\site-packages\passlib\tests\__pycache__\tox_support.cpython-313.pyc","3396",".pyc"
"C:\Users\ASUS\Desktop\SEGURA EP\BITSAC\.venv\Lib\site-packages\passlib\tests\__pycache__\utils.cpython-313.pyc","142951",".pyc"
"C:\Users\ASUS\Desktop\SEGURA EP\BITSAC\.venv\Lib\site-packages\passlib\tests\__pycache__\_test_bad_register.cpython-313.pyc","997",".pyc"
"C:\Users\ASUS\Desktop\SEGURA EP\BITSAC\.venv\Lib\site-packages\passlib\tests\__pycache__\__init__.cpython-313.pyc","213",".pyc"
"C:\Users\ASUS\Desktop\SEGURA EP\BITSAC\.venv\Lib\site-packages\passlib\tests\__pycache__\__main__.cpython-313.pyc","361",".pyc"
"C:\Users\ASUS\Desktop\SEGURA EP\BITSAC\.venv\Lib\site-packages\passlib\utils\compat",,""
"C:\Users\ASUS\Desktop\SEGURA EP\BITSAC\.venv\Lib\site-packages\passlib\utils\__pycache__",,""
"C:\Users\ASUS\Desktop\SEGURA EP\BITSAC\.venv\Lib\site-packages\passlib\utils\binary.py","31422",".py"
"C:\Users\ASUS\Desktop\SEGURA EP\BITSAC\.venv\Lib\site-packages\passlib\utils\decor.py","7651",".py"
"C:\Users\ASUS\Desktop\SEGURA EP\BITSAC\.venv\Lib\site-packages\passlib\utils\des.py","2163",".py"
"C:\Users\ASUS\Desktop\SEGURA EP\BITSAC\.venv\Lib\site-packages\passlib\utils\handlers.py","105286",".py"
"C:\Users\ASUS\Desktop\SEGURA EP\BITSAC\.venv\Lib\site-packages\passlib\utils\md4.py","1218",".py"
"C:\Users\ASUS\Desktop\SEGURA EP\BITSAC\.venv\Lib\site-packages\passlib\utils\pbkdf2.py","6832",".py"
"C:\Users\ASUS\Desktop\SEGURA EP\BITSAC\.venv\Lib\site-packages\passlib\utils\__init__.py","42925",".py"
"C:\Users\ASUS\Desktop\SEGURA EP\BITSAC\.venv\Lib\site-packages\passlib\utils\compat\__pycache__",,""
"C:\Users\ASUS\Desktop\SEGURA EP\BITSAC\.venv\Lib\site-packages\passlib\utils\compat\_ordered_dict.py","8368",".py"
"C:\Users\ASUS\Desktop\SEGURA EP\BITSAC\.venv\Lib\site-packages\passlib\utils\compat\__init__.py","14235",".py"
"C:\Users\ASUS\Desktop\SEGURA EP\BITSAC\.venv\Lib\site-packages\passlib\utils\compat\__pycache__\_ordered_dict.cpython-313.pyc","10323",".pyc"
"C:\Users\ASUS\Desktop\SEGURA EP\BITSAC\.venv\Lib\site-packages\passlib\utils\compat\__pycache__\__init__.cpython-313.pyc","14890",".pyc"
"C:\Users\ASUS\Desktop\SEGURA EP\BITSAC\.venv\Lib\site-packages\passlib\utils\__pycache__\binary.cpython-313.pyc","29373",".pyc"
"C:\Users\ASUS\Desktop\SEGURA EP\BITSAC\.venv\Lib\site-packages\passlib\utils\__pycache__\decor.cpython-313.pyc","8908",".pyc"
"C:\Users\ASUS\Desktop\SEGURA EP\BITSAC\.venv\Lib\site-packages\passlib\utils\__pycache__\des.cpython-313.pyc","1717",".pyc"
"C:\Users\ASUS\Desktop\SEGURA EP\BITSAC\.venv\Lib\site-packages\passlib\utils\__pycache__\handlers.cpython-313.pyc","91331",".pyc"
"C:\Users\ASUS\Desktop\SEGURA EP\BITSAC\.venv\Lib\site-packages\passlib\utils\__pycache__\md4.cpython-313.pyc","848",".pyc"
"C:\Users\ASUS\Desktop\SEGURA EP\BITSAC\.venv\Lib\site-packages\passlib\utils\__pycache__\pbkdf2.cpython-313.pyc","6078",".pyc"
"C:\Users\ASUS\Desktop\SEGURA EP\BITSAC\.venv\Lib\site-packages\passlib\utils\__pycache__\__init__.cpython-313.pyc","39235",".pyc"
"C:\Users\ASUS\Desktop\SEGURA EP\BITSAC\.venv\Lib\site-packages\passlib\_data\wordsets",,""
"C:\Users\ASUS\Desktop\SEGURA EP\BITSAC\.venv\Lib\site-packages\passlib\_data\wordsets\bip39.txt","13117",".txt"
"C:\Users\ASUS\Desktop\SEGURA EP\BITSAC\.venv\Lib\site-packages\passlib\_data\wordsets\eff_long.txt","62144",".txt"
"C:\Users\ASUS\Desktop\SEGURA EP\BITSAC\.venv\Lib\site-packages\passlib\_data\wordsets\eff_prefixed.txt","10778",".txt"
"C:\Users\ASUS\Desktop\SEGURA EP\BITSAC\.venv\Lib\site-packages\passlib\_data\wordsets\eff_short.txt","7180",".txt"
"C:\Users\ASUS\Desktop\SEGURA EP\BITSAC\.venv\Lib\site-packages\passlib\__pycache__\apache.cpython-313.pyc","41217",".pyc"
"C:\Users\ASUS\Desktop\SEGURA EP\BITSAC\.venv\Lib\site-packages\passlib\__pycache__\apps.cpython-313.pyc","4267",".pyc"
"C:\Users\ASUS\Desktop\SEGURA EP\BITSAC\.venv\Lib\site-packages\passlib\__pycache__\context.cpython-313.pyc","92395",".pyc"
"C:\Users\ASUS\Desktop\SEGURA EP\BITSAC\.venv\Lib\site-packages\passlib\__pycache__\exc.cpython-313.pyc","15740",".pyc"
"C:\Users\ASUS\Desktop\SEGURA EP\BITSAC\.venv\Lib\site-packages\passlib\__pycache__\hash.cpython-313.pyc","2465",".pyc"
"C:\Users\ASUS\Desktop\SEGURA EP\BITSAC\.venv\Lib\site-packages\passlib\__pycache__\hosts.cpython-313.pyc","1435",".pyc"
"C:\Users\ASUS\Desktop\SEGURA EP\BITSAC\.venv\Lib\site-packages\passlib\__pycache__\ifc.cpython-313.pyc","7316",".pyc"
"C:\Users\ASUS\Desktop\SEGURA EP\BITSAC\.venv\Lib\site-packages\passlib\__pycache__\pwd.cpython-313.pyc","25674",".pyc"
"C:\Users\ASUS\Desktop\SEGURA EP\BITSAC\.venv\Lib\site-packages\passlib\__pycache__\registry.cpython-313.pyc","18660",".pyc"
"C:\Users\ASUS\Desktop\SEGURA EP\BITSAC\.venv\Lib\site-packages\passlib\__pycache__\totp.cpython-313.pyc","63658",".pyc"
"C:\Users\ASUS\Desktop\SEGURA EP\BITSAC\.venv\Lib\site-packages\passlib\__pycache__\win32.cpython-313.pyc","2309",".pyc"
"C:\Users\ASUS\Desktop\SEGURA EP\BITSAC\.venv\Lib\site-packages\passlib\__pycache__\__init__.cpython-313.pyc","280",".pyc"
"C:\Users\ASUS\Desktop\SEGURA EP\BITSAC\.venv\Lib\site-packages\passlib-1.7.4.dist-info\INSTALLER","4",""
"C:\Users\ASUS\Desktop\SEGURA EP\BITSAC\.venv\Lib\site-packages\passlib-1.7.4.dist-info\LICENSE","4954",""
"C:\Users\ASUS\Desktop\SEGURA EP\BITSAC\.venv\Lib\site-packages\passlib-1.7.4.dist-info\METADATA","1688",""
"C:\Users\ASUS\Desktop\SEGURA EP\BITSAC\.venv\Lib\site-packages\passlib-1.7.4.dist-info\RECORD","14607",""
"C:\Users\ASUS\Desktop\SEGURA EP\BITSAC\.venv\Lib\site-packages\passlib-1.7.4.dist-info\REQUESTED","0",""
"C:\Users\ASUS\Desktop\SEGURA EP\BITSAC\.venv\Lib\site-packages\passlib-1.7.4.dist-info\top_level.txt","8",".txt"
"C:\Users\ASUS\Desktop\SEGURA EP\BITSAC\.venv\Lib\site-packages\passlib-1.7.4.dist-info\WHEEL","110",""
"C:\Users\ASUS\Desktop\SEGURA EP\BITSAC\.venv\Lib\site-packages\passlib-1.7.4.dist-info\zip-safe","1",""
"C:\Users\ASUS\Desktop\SEGURA EP\BITSAC\.venv\Lib\site-packages\pip\_internal",,""
"C:\Users\ASUS\Desktop\SEGURA EP\BITSAC\.venv\Lib\site-packages\pip\_vendor",,""
"C:\Users\ASUS\Desktop\SEGURA EP\BITSAC\.venv\Lib\site-packages\pip\__pycache__",,""
"C:\Users\ASUS\Desktop\SEGURA EP\BITSAC\.venv\Lib\site-packages\pip\py.typed","286",".typed"
"C:\Users\ASUS\Desktop\SEGURA EP\BITSAC\.venv\Lib\site-packages\pip\__init__.py","355",".py"
"C:\Users\ASUS\Desktop\SEGURA EP\BITSAC\.venv\Lib\site-packages\pip\__main__.py","874",".py"
"C:\Users\ASUS\Desktop\SEGURA EP\BITSAC\.venv\Lib\site-packages\pip\__pip-runner__.py","1451",".py"
"C:\Users\ASUS\Desktop\SEGURA EP\BITSAC\.venv\Lib\site-packages\pip\_internal\cli",,""
"C:\Users\ASUS\Desktop\SEGURA EP\BITSAC\.venv\Lib\site-packages\pip\_internal\commands",,""
"C:\Users\ASUS\Desktop\SEGURA EP\BITSAC\.venv\Lib\site-packages\pip\_internal\distributions",,""
"C:\Users\ASUS\Desktop\SEGURA EP\BITSAC\.venv\Lib\site-packages\pip\_internal\index",,""
"C:\Users\ASUS\Desktop\SEGURA EP\BITSAC\.venv\Lib\site-packages\pip\_internal\locations",,""
"C:\Users\ASUS\Desktop\SEGURA EP\BITSAC\.venv\Lib\site-packages\pip\_internal\metadata",,""
"C:\Users\ASUS\Desktop\SEGURA EP\BITSAC\.venv\Lib\site-packages\pip\_internal\models",,""
"C:\Users\ASUS\Desktop\SEGURA EP\BITSAC\.venv\Lib\site-packages\pip\_internal\network",,""
"C:\Users\ASUS\Desktop\SEGURA EP\BITSAC\.venv\Lib\site-packages\pip\_internal\operations",,""
"C:\Users\ASUS\Desktop\SEGURA EP\BITSAC\.venv\Lib\site-packages\pip\_internal\req",,""
"C:\Users\ASUS\Desktop\SEGURA EP\BITSAC\.venv\Lib\site-packages\pip\_internal\resolution",,""
"C:\Users\ASUS\Desktop\SEGURA EP\BITSAC\.venv\Lib\site-packages\pip\_internal\utils",,""
"C:\Users\ASUS\Desktop\SEGURA EP\BITSAC\.venv\Lib\site-packages\pip\_internal\vcs",,""
"C:\Users\ASUS\Desktop\SEGURA EP\BITSAC\.venv\Lib\site-packages\pip\_internal\__pycache__",,""
"C:\Users\ASUS\Desktop\SEGURA EP\BITSAC\.venv\Lib\site-packages\pip\_internal\build_env.py","21911",".py"
"C:\Users\ASUS\Desktop\SEGURA EP\BITSAC\.venv\Lib\site-packages\pip\_internal\cache.py","10345",".py"
"C:\Users\ASUS\Desktop\SEGURA EP\BITSAC\.venv\Lib\site-packages\pip\_internal\configuration.py","14568",".py"
"C:\Users\ASUS\Desktop\SEGURA EP\BITSAC\.venv\Lib\site-packages\pip\_internal\exceptions.py","32166",".py"
"C:\Users\ASUS\Desktop\SEGURA EP\BITSAC\.venv\Lib\site-packages\pip\_internal\main.py","338",".py"
"C:\Users\ASUS\Desktop\SEGURA EP\BITSAC\.venv\Lib\site-packages\pip\_internal\pyproject.py","4555",".py"
"C:\Users\ASUS\Desktop\SEGURA EP\BITSAC\.venv\Lib\site-packages\pip\_internal\self_outdated_check.py","8097",".py"
"C:\Users\ASUS\Desktop\SEGURA EP\BITSAC\.venv\Lib\site-packages\pip\_internal\wheel_builder.py","9010",".py"
"C:\Users\ASUS\Desktop\SEGURA EP\BITSAC\.venv\Lib\site-packages\pip\_internal\__init__.py","511",".py"
"C:\Users\ASUS\Desktop\SEGURA EP\BITSAC\.venv\Lib\site-packages\pip\_internal\cli\__pycache__",,""
"C:\Users\ASUS\Desktop\SEGURA EP\BITSAC\.venv\Lib\site-packages\pip\_internal\cli\autocompletion.py","7193",".py"
"C:\Users\ASUS\Desktop\SEGURA EP\BITSAC\.venv\Lib\site-packages\pip\_internal\cli\base_command.py","9579",".py"
"C:\Users\ASUS\Desktop\SEGURA EP\BITSAC\.venv\Lib\site-packages\pip\_internal\cli\cmdoptions.py","37593",".py"
"C:\Users\ASUS\Desktop\SEGURA EP\BITSAC\.venv\Lib\site-packages\pip\_internal\cli\command_context.py","817",".py"
"C:\Users\ASUS\Desktop\SEGURA EP\BITSAC\.venv\Lib\site-packages\pip\_internal\cli\index_command.py","7094",".py"
"C:\Users\ASUS\Desktop\SEGURA EP\BITSAC\.venv\Lib\site-packages\pip\_internal\cli\main.py","3137",".py"
"C:\Users\ASUS\Desktop\SEGURA EP\BITSAC\.venv\Lib\site-packages\pip\_internal\cli\main_parser.py","4403",".py"
"C:\Users\ASUS\Desktop\SEGURA EP\BITSAC\.venv\Lib\site-packages\pip\_internal\cli\parser.py","13827",".py"
"C:\Users\ASUS\Desktop\SEGURA EP\BITSAC\.venv\Lib\site-packages\pip\_internal\cli\progress_bars.py","4706",".py"
"C:\Users\ASUS\Desktop\SEGURA EP\BITSAC\.venv\Lib\site-packages\pip\_internal\cli\req_command.py","17484",".py"
"C:\Users\ASUS\Desktop\SEGURA EP\BITSAC\.venv\Lib\site-packages\pip\_internal\cli\spinners.py","7362",".py"
"C:\Users\ASUS\Desktop\SEGURA EP\BITSAC\.venv\Lib\site-packages\pip\_internal\cli\status_codes.py","116",".py"
"C:\Users\ASUS\Desktop\SEGURA EP\BITSAC\.venv\Lib\site-packages\pip\_internal\cli\__init__.py","131",".py"
"C:\Users\ASUS\Desktop\SEGURA EP\BITSAC\.venv\Lib\site-packages\pip\_internal\cli\__pycache__\autocompletion.cpython-313.pyc","9514",".pyc"
"C:\Users\ASUS\Desktop\SEGURA EP\BITSAC\.venv\Lib\site-packages\pip\_internal\cli\__pycache__\base_command.cpython-313.pyc","11786",".pyc"
"C:\Users\ASUS\Desktop\SEGURA EP\BITSAC\.venv\Lib\site-packages\pip\_internal\cli\__pycache__\cmdoptions.cpython-313.pyc","36662",".pyc"
"C:\Users\ASUS\Desktop\SEGURA EP\BITSAC\.venv\Lib\site-packages\pip\_internal\cli\__pycache__\command_context.cpython-313.pyc","1908",".pyc"
"C:\Users\ASUS\Desktop\SEGURA EP\BITSAC\.venv\Lib\site-packages\pip\_internal\cli\__pycache__\index_command.cpython-313.pyc","8998",".pyc"
"C:\Users\ASUS\Desktop\SEGURA EP\BITSAC\.venv\Lib\site-packages\pip\_internal\cli\__pycache__\main.cpython-313.pyc","2236",".pyc"
"C:\Users\ASUS\Desktop\SEGURA EP\BITSAC\.venv\Lib\site-packages\pip\_internal\cli\__pycache__\main_parser.cpython-313.pyc","5045",".pyc"
"C:\Users\ASUS\Desktop\SEGURA EP\BITSAC\.venv\Lib\site-packages\pip\_internal\cli\__pycache__\parser.cpython-313.pyc","18514",".pyc"
"C:\Users\ASUS\Desktop\SEGURA EP\BITSAC\.venv\Lib\site-packages\pip\_internal\cli\__pycache__\progress_bars.cpython-313.pyc","6114",".pyc"
"C:\Users\ASUS\Desktop\SEGURA EP\BITSAC\.venv\Lib\site-packages\pip\_internal\cli\__pycache__\req_command.cpython-313.pyc","16822",".pyc"
"C:\Users\ASUS\Desktop\SEGURA EP\BITSAC\.venv\Lib\site-packages\pip\_internal\cli\__pycache__\spinners.cpython-313.pyc","11671",".pyc"
"C:\Users\ASUS\Desktop\SEGURA EP\BITSAC\.venv\Lib\site-packages\pip\_internal\cli\__pycache__\status_codes.cpython-313.pyc","374",".pyc"
"C:\Users\ASUS\Desktop\SEGURA EP\BITSAC\.venv\Lib\site-packages\pip\_internal\cli\__pycache__\__init__.cpython-313.pyc","274",".pyc"
"C:\Users\ASUS\Desktop\SEGURA EP\BITSAC\.venv\Lib\site-packages\pip\_internal\commands\__pycache__",,""
"C:\Users\ASUS\Desktop\SEGURA EP\BITSAC\.venv\Lib\site-packages\pip\_internal\commands\cache.py","9142",".py"
"C:\Users\ASUS\Desktop\SEGURA EP\BITSAC\.venv\Lib\site-packages\pip\_internal\commands\check.py","2244",".py"
"C:\Users\ASUS\Desktop\SEGURA EP\BITSAC\.venv\Lib\site-packages\pip\_internal\commands\completion.py","4565",".py"
"C:\Users\ASUS\Desktop\SEGURA EP\BITSAC\.venv\Lib\site-packages\pip\_internal\commands\configuration.py","10105",".py"
"C:\Users\ASUS\Desktop\SEGURA EP\BITSAC\.venv\Lib\site-packages\pip\_internal\commands\debug.py","6543",".py"
"C:\Users\ASUS\Desktop\SEGURA EP\BITSAC\.venv\Lib\site-packages\pip\_internal\commands\download.py","5178",".py"
"C:\Users\ASUS\Desktop\SEGURA EP\BITSAC\.venv\Lib\site-packages\pip\_internal\commands\freeze.py","3099",".py"
"C:\Users\ASUS\Desktop\SEGURA EP\BITSAC\.venv\Lib\site-packages\pip\_internal\commands\hash.py","1679",".py"
"C:\Users\ASUS\Desktop\SEGURA EP\BITSAC\.venv\Lib\site-packages\pip\_internal\commands\help.py","1108",".py"
"C:\Users\ASUS\Desktop\SEGURA EP\BITSAC\.venv\Lib\site-packages\pip\_internal\commands\index.py","5514",".py"
"C:\Users\ASUS\Desktop\SEGURA EP\BITSAC\.venv\Lib\site-packages\pip\_internal\commands\inspect.py","3184",".py"
"C:\Users\ASUS\Desktop\SEGURA EP\BITSAC\.venv\Lib\site-packages\pip\_internal\commands\install.py","33733",".py"
"C:\Users\ASUS\Desktop\SEGURA EP\BITSAC\.venv\Lib\site-packages\pip\_internal\commands\list.py","13638",".py"
"C:\Users\ASUS\Desktop\SEGURA EP\BITSAC\.venv\Lib\site-packages\pip\_internal\commands\lock.py","6027",".py"
"C:\Users\ASUS\Desktop\SEGURA EP\BITSAC\.venv\Lib\site-packages\pip\_internal\commands\search.py","5782",".py"
"C:\Users\ASUS\Desktop\SEGURA EP\BITSAC\.venv\Lib\site-packages\pip\_internal\commands\show.py","8066",".py"
"C:\Users\ASUS\Desktop\SEGURA EP\BITSAC\.venv\Lib\site-packages\pip\_internal\commands\uninstall.py","3868",".py"
"C:\Users\ASUS\Desktop\SEGURA EP\BITSAC\.venv\Lib\site-packages\pip\_internal\commands\wheel.py","5880",".py"
"C:\Users\ASUS\Desktop\SEGURA EP\BITSAC\.venv\Lib\site-packages\pip\_internal\commands\__init__.py","4026",".py"
"C:\Users\ASUS\Desktop\SEGURA EP\BITSAC\.venv\Lib\site-packages\pip\_internal\commands\__pycache__\cache.cpython-313.pyc","11479",".pyc"
"C:\Users\ASUS\Desktop\SEGURA EP\BITSAC\.venv\Lib\site-packages\pip\_internal\commands\__pycache__\check.cpython-313.pyc","2645",".pyc"
"C:\Users\ASUS\Desktop\SEGURA EP\BITSAC\.venv\Lib\site-packages\pip\_internal\commands\__pycache__\completion.cpython-313.pyc","5492",".pyc"
"C:\Users\ASUS\Desktop\SEGURA EP\BITSAC\.venv\Lib\site-packages\pip\_internal\commands\__pycache__\configuration.cpython-313.pyc","13393",".pyc"
"C:\Users\ASUS\Desktop\SEGURA EP\BITSAC\.venv\Lib\site-packages\pip\_internal\commands\__pycache__\debug.cpython-313.pyc","9978",".pyc"
"C:\Users\ASUS\Desktop\SEGURA EP\BITSAC\.venv\Lib\site-packages\pip\_internal\commands\__pycache__\download.cpython-313.pyc","7270",".pyc"
"C:\Users\ASUS\Desktop\SEGURA EP\BITSAC\.venv\Lib\site-packages\pip\_internal\commands\__pycache__\freeze.cpython-313.pyc","4345",".pyc"
"C:\Users\ASUS\Desktop\SEGURA EP\BITSAC\.venv\Lib\site-packages\pip\_internal\commands\__pycache__\hash.cpython-313.pyc","2995",".pyc"
"C:\Users\ASUS\Desktop\SEGURA EP\BITSAC\.venv\Lib\site-packages\pip\_internal\commands\__pycache__\help.cpython-313.pyc","1709",".pyc"
"C:\Users\ASUS\Desktop\SEGURA EP\BITSAC\.venv\Lib\site-packages\pip\_internal\commands\__pycache__\index.cpython-313.pyc","7494",".pyc"
"C:\Users\ASUS\Desktop\SEGURA EP\BITSAC\.venv\Lib\site-packages\pip\_internal\commands\__pycache__\inspect.cpython-313.pyc","4011",".pyc"
"C:\Users\ASUS\Desktop\SEGURA EP\BITSAC\.venv\Lib\site-packages\pip\_internal\commands\__pycache__\install.cpython-313.pyc","34041",".pyc"
"C:\Users\ASUS\Desktop\SEGURA EP\BITSAC\.venv\Lib\site-packages\pip\_internal\commands\__pycache__\list.cpython-313.pyc","17803",".pyc"
"C:\Users\ASUS\Desktop\SEGURA EP\BITSAC\.venv\Lib\site-packages\pip\_internal\commands\__pycache__\lock.cpython-313.pyc","8024",".pyc"
"C:\Users\ASUS\Desktop\SEGURA EP\BITSAC\.venv\Lib\site-packages\pip\_internal\commands\__pycache__\search.cpython-313.pyc","7745",".pyc"
"C:\Users\ASUS\Desktop\SEGURA EP\BITSAC\.venv\Lib\site-packages\pip\_internal\commands\__pycache__\show.cpython-313.pyc","11394",".pyc"
"C:\Users\ASUS\Desktop\SEGURA EP\BITSAC\.venv\Lib\site-packages\pip\_internal\commands\__pycache__\uninstall.cpython-313.pyc","4734",".pyc"
"C:\Users\ASUS\Desktop\SEGURA EP\BITSAC\.venv\Lib\site-packages\pip\_internal\commands\__pycache__\wheel.cpython-313.pyc","8301",".pyc"
"C:\Users\ASUS\Desktop\SEGURA EP\BITSAC\.venv\Lib\site-packages\pip\_internal\commands\__pycache__\__init__.cpython-313.pyc","4112",".pyc"
"C:\Users\ASUS\Desktop\SEGURA EP\BITSAC\.venv\Lib\site-packages\pip\_internal\distributions\__pycache__",,""
"C:\Users\ASUS\Desktop\SEGURA EP\BITSAC\.venv\Lib\site-packages\pip\_internal\distributions\base.py","1830",".py"
"C:\Users\ASUS\Desktop\SEGURA EP\BITSAC\.venv\Lib\site-packages\pip\_internal\distributions\installed.py","929",".py"
"C:\Users\ASUS\Desktop\SEGURA EP\BITSAC\.venv\Lib\site-packages\pip\_internal\distributions\sdist.py","6627",".py"
"C:\Users\ASUS\Desktop\SEGURA EP\BITSAC\.venv\Lib\site-packages\pip\_internal\distributions\wheel.py","1364",".py"
"C:\Users\ASUS\Desktop\SEGURA EP\BITSAC\.venv\Lib\site-packages\pip\_internal\distributions\__init__.py","858",".py"
"C:\Users\ASUS\Desktop\SEGURA EP\BITSAC\.venv\Lib\site-packages\pip\_internal\distributions\__pycache__\base.cpython-313.pyc","2928",".pyc"
"C:\Users\ASUS\Desktop\SEGURA EP\BITSAC\.venv\Lib\site-packages\pip\_internal\distributions\__pycache__\installed.cpython-313.pyc","1832",".pyc"
"C:\Users\ASUS\Desktop\SEGURA EP\BITSAC\.venv\Lib\site-packages\pip\_internal\distributions\__pycache__\sdist.cpython-313.pyc","8516",".pyc"
"C:\Users\ASUS\Desktop\SEGURA EP\BITSAC\.venv\Lib\site-packages\pip\_internal\distributions\__pycache__\wheel.cpython-313.pyc","2379",".pyc"
"C:\Users\ASUS\Desktop\SEGURA EP\BITSAC\.venv\Lib\site-packages\pip\_internal\distributions\__pycache__\__init__.cpython-313.pyc","962",".pyc"
"C:\Users\ASUS\Desktop\SEGURA EP\BITSAC\.venv\Lib\site-packages\pip\_internal\index\__pycache__",,""
"C:\Users\ASUS\Desktop\SEGURA EP\BITSAC\.venv\Lib\site-packages\pip\_internal\index\collector.py","16144",".py"
"C:\Users\ASUS\Desktop\SEGURA EP\BITSAC\.venv\Lib\site-packages\pip\_internal\index\package_finder.py","41347",".py"
"C:\Users\ASUS\Desktop\SEGURA EP\BITSAC\.venv\Lib\site-packages\pip\_internal\index\sources.py","8639",".py"
"C:\Users\ASUS\Desktop\SEGURA EP\BITSAC\.venv\Lib\site-packages\pip\_internal\index\__init__.py","29",".py"
"C:\Users\ASUS\Desktop\SEGURA EP\BITSAC\.venv\Lib\site-packages\pip\_internal\index\__pycache__\collector.cpython-313.pyc","21330",".pyc"
"C:\Users\ASUS\Desktop\SEGURA EP\BITSAC\.venv\Lib\site-packages\pip\_internal\index\__pycache__\package_finder.cpython-313.pyc","43425",".pyc"
"C:\Users\ASUS\Desktop\SEGURA EP\BITSAC\.venv\Lib\site-packages\pip\_internal\index\__pycache__\sources.cpython-313.pyc","12525",".pyc"
"C:\Users\ASUS\Desktop\SEGURA EP\BITSAC\.venv\Lib\site-packages\pip\_internal\index\__pycache__\__init__.cpython-313.pyc","228",".pyc"
"C:\Users\ASUS\Desktop\SEGURA EP\BITSAC\.venv\Lib\site-packages\pip\_internal\locations\__pycache__",,""
"C:\Users\ASUS\Desktop\SEGURA EP\BITSAC\.venv\Lib\site-packages\pip\_internal\locations\base.py","2550",".py"
"C:\Users\ASUS\Desktop\SEGURA EP\BITSAC\.venv\Lib\site-packages\pip\_internal\locations\_distutils.py","5975",".py"
"C:\Users\ASUS\Desktop\SEGURA EP\BITSAC\.venv\Lib\site-packages\pip\_internal\locations\_sysconfig.py","7779",".py"
"C:\Users\ASUS\Desktop\SEGURA EP\BITSAC\.venv\Lib\site-packages\pip\_internal\locations\__init__.py","14022",".py"
"C:\Users\ASUS\Desktop\SEGURA EP\BITSAC\.venv\Lib\site-packages\pip\_internal\locations\__pycache__\base.cpython-313.pyc","3702",".pyc"
"C:\Users\ASUS\Desktop\SEGURA EP\BITSAC\.venv\Lib\site-packages\pip\_internal\locations\__pycache__\_distutils.cpython-313.pyc","6877",".pyc"
"C:\Users\ASUS\Desktop\SEGURA EP\BITSAC\.venv\Lib\site-packages\pip\_internal\locations\__pycache__\_sysconfig.cpython-313.pyc","8141",".pyc"
"C:\Users\ASUS\Desktop\SEGURA EP\BITSAC\.venv\Lib\site-packages\pip\_internal\locations\__pycache__\__init__.cpython-313.pyc","15649",".pyc"
"C:\Users\ASUS\Desktop\SEGURA EP\BITSAC\.venv\Lib\site-packages\pip\_internal\metadata\importlib",,""
"C:\Users\ASUS\Desktop\SEGURA EP\BITSAC\.venv\Lib\site-packages\pip\_internal\metadata\__pycache__",,""
"C:\Users\ASUS\Desktop\SEGURA EP\BITSAC\.venv\Lib\site-packages\pip\_internal\metadata\base.py","25420",".py"
"C:\Users\ASUS\Desktop\SEGURA EP\BITSAC\.venv\Lib\site-packages\pip\_internal\metadata\pkg_resources.py","10544",".py"
"C:\Users\ASUS\Desktop\SEGURA EP\BITSAC\.venv\Lib\site-packages\pip\_internal\metadata\_json.py","2711",".py"
"C:\Users\ASUS\Desktop\SEGURA EP\BITSAC\.venv\Lib\site-packages\pip\_internal\metadata\__init__.py","5824",".py"
"C:\Users\ASUS\Desktop\SEGURA EP\BITSAC\.venv\Lib\site-packages\pip\_internal\metadata\importlib\__pycache__",,""
"C:\Users\ASUS\Desktop\SEGURA EP\BITSAC\.venv\Lib\site-packages\pip\_internal\metadata\importlib\_compat.py","2804",".py"
"C:\Users\ASUS\Desktop\SEGURA EP\BITSAC\.venv\Lib\site-packages\pip\_internal\metadata\importlib\_dists.py","8711",".py"
"C:\Users\ASUS\Desktop\SEGURA EP\BITSAC\.venv\Lib\site-packages\pip\_internal\metadata\importlib\_envs.py","5333",".py"
"C:\Users\ASUS\Desktop\SEGURA EP\BITSAC\.venv\Lib\site-packages\pip\_internal\metadata\importlib\__init__.py","135",".py"
"C:\Users\ASUS\Desktop\SEGURA EP\BITSAC\.venv\Lib\site-packages\pip\_internal\metadata\importlib\__pycache__\_compat.cpython-313.pyc","4281",".pyc"
"C:\Users\ASUS\Desktop\SEGURA EP\BITSAC\.venv\Lib\site-packages\pip\_internal\metadata\importlib\__pycache__\_dists.cpython-313.pyc","13159",".pyc"
"C:\Users\ASUS\Desktop\SEGURA EP\BITSAC\.venv\Lib\site-packages\pip\_internal\metadata\importlib\__pycache__\_envs.cpython-313.pyc","8074",".pyc"
"C:\Users\ASUS\Desktop\SEGURA EP\BITSAC\.venv\Lib\site-packages\pip\_internal\metadata\importlib\__pycache__\__init__.cpython-313.pyc","357",".pyc"
"C:\Users\ASUS\Desktop\SEGURA EP\BITSAC\.venv\Lib\site-packages\pip\_internal\metadata\__pycache__\base.cpython-313.pyc","33824",".pyc"
"C:\Users\ASUS\Desktop\SEGURA EP\BITSAC\.venv\Lib\site-packages\pip\_internal\metadata\__pycache__\pkg_resources.cpython-313.pyc","16025",".pyc"
"C:\Users\ASUS\Desktop\SEGURA EP\BITSAC\.venv\Lib\site-packages\pip\_internal\metadata\__pycache__\_json.cpython-313.pyc","2921",".pyc"
"C:\Users\ASUS\Desktop\SEGURA EP\BITSAC\.venv\Lib\site-packages\pip\_internal\metadata\__pycache__\__init__.cpython-313.pyc","6736",".pyc"
"C:\Users\ASUS\Desktop\SEGURA EP\BITSAC\.venv\Lib\site-packages\pip\_internal\models\__pycache__",,""
"C:\Users\ASUS\Desktop\SEGURA EP\BITSAC\.venv\Lib\site-packages\pip\_internal\models\candidate.py","720",".py"
"C:\Users\ASUS\Desktop\SEGURA EP\BITSAC\.venv\Lib\site-packages\pip\_internal\models\direct_url.py","944",".py"
"C:\Users\ASUS\Desktop\SEGURA EP\BITSAC\.venv\Lib\site-packages\pip\_internal\models\format_control.py","2471",".py"
"C:\Users\ASUS\Desktop\SEGURA EP\BITSAC\.venv\Lib\site-packages\pip\_internal\models\index.py","1030",".py"
"C:\Users\ASUS\Desktop\SEGURA EP\BITSAC\.venv\Lib\site-packages\pip\_internal\models\installation_report.py","2846",".py"
"C:\Users\ASUS\Desktop\SEGURA EP\BITSAC\.venv\Lib\site-packages\pip\_internal\models\link.py","21992",".py"
"C:\Users\ASUS\Desktop\SEGURA EP\BITSAC\.venv\Lib\site-packages\pip\_internal\models\release_control.py","3365",".py"
"C:\Users\ASUS\Desktop\SEGURA EP\BITSAC\.venv\Lib\site-packages\pip\_internal\models\scheme.py","558",".py"
"C:\Users\ASUS\Desktop\SEGURA EP\BITSAC\.venv\Lib\site-packages\pip\_internal\models\search_scope.py","4461",".py"
"C:\Users\ASUS\Desktop\SEGURA EP\BITSAC\.venv\Lib\site-packages\pip\_internal\models\selection_prefs.py","1503",".py"
"C:\Users\ASUS\Desktop\SEGURA EP\BITSAC\.venv\Lib\site-packages\pip\_internal\models\target_python.py","4243",".py"
"C:\Users\ASUS\Desktop\SEGURA EP\BITSAC\.venv\Lib\site-packages\pip\_internal\models\wheel.py","2920",".py"
"C:\Users\ASUS\Desktop\SEGURA EP\BITSAC\.venv\Lib\site-packages\pip\_internal\models\__init__.py","62",".py"
"C:\Users\ASUS\Desktop\SEGURA EP\BITSAC\.venv\Lib\site-packages\pip\_internal\models\__pycache__\candidate.cpython-313.pyc","1643",".pyc"
"C:\Users\ASUS\Desktop\SEGURA EP\BITSAC\.venv\Lib\site-packages\pip\_internal\models\__pycache__\direct_url.cpython-313.pyc","2039",".pyc"
"C:\Users\ASUS\Desktop\SEGURA EP\BITSAC\.venv\Lib\site-packages\pip\_internal\models\__pycache__\format_control.cpython-313.pyc","4158",".pyc"
"C:\Users\ASUS\Desktop\SEGURA EP\BITSAC\.venv\Lib\site-packages\pip\_internal\models\__pycache__\index.cpython-313.pyc","1764",".pyc"
"C:\Users\ASUS\Desktop\SEGURA EP\BITSAC\.venv\Lib\site-packages\pip\_internal\models\__pycache__\installation_report.cpython-313.pyc","2402",".pyc"
"C:\Users\ASUS\Desktop\SEGURA EP\BITSAC\.venv\Lib\site-packages\pip\_internal\models\__pycache__\link.cpython-313.pyc","26882",".pyc"
"C:\Users\ASUS\Desktop\SEGURA EP\BITSAC\.venv\Lib\site-packages\pip\_internal\models\__pycache__\release_control.cpython-313.pyc","4117",".pyc"
"C:\Users\ASUS\Desktop\SEGURA EP\BITSAC\.venv\Lib\site-packages\pip\_internal\models\__pycache__\scheme.cpython-313.pyc","1052",".pyc"
"C:\Users\ASUS\Desktop\SEGURA EP\BITSAC\.venv\Lib\site-packages\pip\_internal\models\__pycache__\search_scope.cpython-313.pyc","5057",".pyc"
"C:\Users\ASUS\Desktop\SEGURA EP\BITSAC\.venv\Lib\site-packages\pip\_internal\models\__pycache__\selection_prefs.cpython-313.pyc","1783",".pyc"
"C:\Users\ASUS\Desktop\SEGURA EP\BITSAC\.venv\Lib\site-packages\pip\_internal\models\__pycache__\target_python.cpython-313.pyc","4735",".pyc"
"C:\Users\ASUS\Desktop\SEGURA EP\BITSAC\.venv\Lib\site-packages\pip\_internal\models\__pycache__\wheel.cpython-313.pyc","4632",".pyc"
"C:\Users\ASUS\Desktop\SEGURA EP\BITSAC\.venv\Lib\site-packages\pip\_internal\models\__pycache__\__init__.cpython-313.pyc","262",".pyc"
"C:\Users\ASUS\Desktop\SEGURA EP\BITSAC\.venv\Lib\site-packages\pip\_internal\network\__pycache__",,""
"C:\Users\ASUS\Desktop\SEGURA EP\BITSAC\.venv\Lib\site-packages\pip\_internal\network\auth.py","20846",".py"
"C:\Users\ASUS\Desktop\SEGURA EP\BITSAC\.venv\Lib\site-packages\pip\_internal\network\cache.py","4862",".py"
"C:\Users\ASUS\Desktop\SEGURA EP\BITSAC\.venv\Lib\site-packages\pip\_internal\network\download.py","12625",".py"
"C:\Users\ASUS\Desktop\SEGURA EP\BITSAC\.venv\Lib\site-packages\pip\_internal\network\lazy_wheel.py","7646",".py"
"C:\Users\ASUS\Desktop\SEGURA EP\BITSAC\.venv\Lib\site-packages\pip\_internal\network\session.py","19856",".py"
"C:\Users\ASUS\Desktop\SEGURA EP\BITSAC\.venv\Lib\site-packages\pip\_internal\network\utils.py","4091",".py"
"C:\Users\ASUS\Desktop\SEGURA EP\BITSAC\.venv\Lib\site-packages\pip\_internal\network\xmlrpc.py","1830",".py"
"C:\Users\ASUS\Desktop\SEGURA EP\BITSAC\.venv\Lib\site-packages\pip\_internal\network\__init__.py","49",".py"
"C:\Users\ASUS\Desktop\SEGURA EP\BITSAC\.venv\Lib\site-packages\pip\_internal\network\__pycache__\auth.cpython-313.pyc","22051",".pyc"
"C:\Users\ASUS\Desktop\SEGURA EP\BITSAC\.venv\Lib\site-packages\pip\_internal\network\__pycache__\cache.cpython-313.pyc","8088",".pyc"
"C:\Users\ASUS\Desktop\SEGURA EP\BITSAC\.venv\Lib\site-packages\pip\_internal\network\__pycache__\download.cpython-313.pyc","16266",".pyc"
"C:\Users\ASUS\Desktop\SEGURA EP\BITSAC\.venv\Lib\site-packages\pip\_internal\network\__pycache__\lazy_wheel.cpython-313.pyc","11452",".pyc"
"C:\Users\ASUS\Desktop\SEGURA EP\BITSAC\.venv\Lib\site-packages\pip\_internal\network\__pycache__\session.cpython-313.pyc","19808",".pyc"
"C:\Users\ASUS\Desktop\SEGURA EP\BITSAC\.venv\Lib\site-packages\pip\_internal\network\__pycache__\utils.cpython-313.pyc","2291",".pyc"
"C:\Users\ASUS\Desktop\SEGURA EP\BITSAC\.venv\Lib\site-packages\pip\_internal\network\__pycache__\xmlrpc.cpython-313.pyc","3026",".pyc"
"C:\Users\ASUS\Desktop\SEGURA EP\BITSAC\.venv\Lib\site-packages\pip\_internal\network\__pycache__\__init__.cpython-313.pyc","250",".pyc"
"C:\Users\ASUS\Desktop\SEGURA EP\BITSAC\.venv\Lib\site-packages\pip\_internal\operations\build",,""
"C:\Users\ASUS\Desktop\SEGURA EP\BITSAC\.venv\Lib\site-packages\pip\_internal\operations\install",,""
"C:\Users\ASUS\Desktop\SEGURA EP\BITSAC\.venv\Lib\site-packages\pip\_internal\operations\__pycache__",,""
"C:\Users\ASUS\Desktop\SEGURA EP\BITSAC\.venv\Lib\site-packages\pip\_internal\operations\check.py","5894",".py"
"C:\Users\ASUS\Desktop\SEGURA EP\BITSAC\.venv\Lib\site-packages\pip\_internal\operations\freeze.py","9854",".py"
"C:\Users\ASUS\Desktop\SEGURA EP\BITSAC\.venv\Lib\site-packages\pip\_internal\operations\prepare.py","29046",".py"
"C:\Users\ASUS\Desktop\SEGURA EP\BITSAC\.venv\Lib\site-packages\pip\_internal\operations\__init__.py","0",".py"
"C:\Users\ASUS\Desktop\SEGURA EP\BITSAC\.venv\Lib\site-packages\pip\_internal\operations\build\__pycache__",,""
"C:\Users\ASUS\Desktop\SEGURA EP\BITSAC\.venv\Lib\site-packages\pip\_internal\operations\build\build_tracker.py","4771",".py"
"C:\Users\ASUS\Desktop\SEGURA EP\BITSAC\.venv\Lib\site-packages\pip\_internal\operations\build\metadata.py","1421",".py"
"C:\Users\ASUS\Desktop\SEGURA EP\BITSAC\.venv\Lib\site-packages\pip\_internal\operations\build\metadata_editable.py","1509",".py"
"C:\Users\ASUS\Desktop\SEGURA EP\BITSAC\.venv\Lib\site-packages\pip\_internal\operations\build\wheel.py","1136",".py"
"C:\Users\ASUS\Desktop\SEGURA EP\BITSAC\.venv\Lib\site-packages\pip\_internal\operations\build\wheel_editable.py","1478",".py"
"C:\Users\ASUS\Desktop\SEGURA EP\BITSAC\.venv\Lib\site-packages\pip\_internal\operations\build\__init__.py","0",".py"
"C:\Users\ASUS\Desktop\SEGURA EP\BITSAC\.venv\Lib\site-packages\pip\_internal\operations\build\__pycache__\build_tracker.cpython-313.pyc","7651",".pyc"
"C:\Users\ASUS\Desktop\SEGURA EP\BITSAC\.venv\Lib\site-packages\pip\_internal\operations\build\__pycache__\metadata.cpython-313.pyc","1855",".pyc"
"C:\Users\ASUS\Desktop\SEGURA EP\BITSAC\.venv\Lib\site-packages\pip\_internal\operations\build\__pycache__\metadata_editable.cpython-313.pyc","1907",".pyc"
"C:\Users\ASUS\Desktop\SEGURA EP\BITSAC\.venv\Lib\site-packages\pip\_internal\operations\build\__pycache__\wheel.cpython-313.pyc","1723",".pyc"
"C:\Users\ASUS\Desktop\SEGURA EP\BITSAC\.venv\Lib\site-packages\pip\_internal\operations\build\__pycache__\wheel_editable.cpython-313.pyc","2064",".pyc"
"C:\Users\ASUS\Desktop\SEGURA EP\BITSAC\.venv\Lib\site-packages\pip\_internal\operations\build\__pycache__\__init__.cpython-313.pyc","202",".pyc"
"C:\Users\ASUS\Desktop\SEGURA EP\BITSAC\.venv\Lib\site-packages\pip\_internal\operations\install\__pycache__",,""
"C:\Users\ASUS\Desktop\SEGURA EP\BITSAC\.venv\Lib\site-packages\pip\_internal\operations\install\wheel.py","28614",".py"
"C:\Users\ASUS\Desktop\SEGURA EP\BITSAC\.venv\Lib\site-packages\pip\_internal\operations\install\__init__.py","50",".py"
"C:\Users\ASUS\Desktop\SEGURA EP\BITSAC\.venv\Lib\site-packages\pip\_internal\operations\install\__pycache__\wheel.cpython-313.pyc","35360",".pyc"
"C:\Users\ASUS\Desktop\SEGURA EP\BITSAC\.venv\Lib\site-packages\pip\_internal\operations\install\__pycache__\__init__.cpython-313.pyc","262",".pyc"
"C:\Users\ASUS\Desktop\SEGURA EP\BITSAC\.venv\Lib\site-packages\pip\_internal\operations\__pycache__\check.cpython-313.pyc","7276",".pyc"
"C:\Users\ASUS\Desktop\SEGURA EP\BITSAC\.venv\Lib\site-packages\pip\_internal\operations\__pycache__\freeze.cpython-313.pyc","10411",".pyc"
"C:\Users\ASUS\Desktop\SEGURA EP\BITSAC\.venv\Lib\site-packages\pip\_internal\operations\__pycache__\prepare.cpython-313.pyc","27436",".pyc"
"C:\Users\ASUS\Desktop\SEGURA EP\BITSAC\.venv\Lib\site-packages\pip\_internal\operations\__pycache__\__init__.cpython-313.pyc","196",".pyc"
"C:\Users\ASUS\Desktop\SEGURA EP\BITSAC\.venv\Lib\site-packages\pip\_internal\req\__pycache__",,""
"C:\Users\ASUS\Desktop\SEGURA EP\BITSAC\.venv\Lib\site-packages\pip\_internal\req\constructors.py","22918",".py"
"C:\Users\ASUS\Desktop\SEGURA EP\BITSAC\.venv\Lib\site-packages\pip\_internal\req\pep723.py","1242",".py"
"C:\Users\ASUS\Desktop\SEGURA EP\BITSAC\.venv\Lib\site-packages\pip\_internal\req\req_dependency_group.py","3145",".py"
"C:\Users\ASUS\Desktop\SEGURA EP\BITSAC\.venv\Lib\site-packages\pip\_internal\req\req_file.py","20521",".py"
"C:\Users\ASUS\Desktop\SEGURA EP\BITSAC\.venv\Lib\site-packages\pip\_internal\req\req_install.py","31845",".py"
"C:\Users\ASUS\Desktop\SEGURA EP\BITSAC\.venv\Lib\site-packages\pip\_internal\req\req_set.py","2828",".py"
"C:\Users\ASUS\Desktop\SEGURA EP\BITSAC\.venv\Lib\site-packages\pip\_internal\req\req_uninstall.py","24099",".py"
"C:\Users\ASUS\Desktop\SEGURA EP\BITSAC\.venv\Lib\site-packages\pip\_internal\req\__init__.py","3041",".py"
"C:\Users\ASUS\Desktop\SEGURA EP\BITSAC\.venv\Lib\site-packages\pip\_internal\req\__pycache__\constructors.cpython-313.pyc","25842",".pyc"
"C:\Users\ASUS\Desktop\SEGURA EP\BITSAC\.venv\Lib\site-packages\pip\_internal\req\__pycache__\pep723.cpython-313.pyc","2781",".pyc"
"C:\Users\ASUS\Desktop\SEGURA EP\BITSAC\.venv\Lib\site-packages\pip\_internal\req\__pycache__\req_dependency_group.cpython-313.pyc","4647",".pyc"
"C:\Users\ASUS\Desktop\SEGURA EP\BITSAC\.venv\Lib\site-packages\pip\_internal\req\__pycache__\req_file.cpython-313.pyc","24744",".pyc"
"C:\Users\ASUS\Desktop\SEGURA EP\BITSAC\.venv\Lib\site-packages\pip\_internal\req\__pycache__\req_install.cpython-313.pyc","35553",".pyc"
"C:\Users\ASUS\Desktop\SEGURA EP\BITSAC\.venv\Lib\site-packages\pip\_internal\req\__pycache__\req_set.cpython-313.pyc","5569",".pyc"
"C:\Users\ASUS\Desktop\SEGURA EP\BITSAC\.venv\Lib\site-packages\pip\_internal\req\__pycache__\req_uninstall.cpython-313.pyc","32360",".pyc"
"C:\Users\ASUS\Desktop\SEGURA EP\BITSAC\.venv\Lib\site-packages\pip\_internal\req\__pycache__\__init__.cpython-313.pyc","4133",".pyc"
"C:\Users\ASUS\Desktop\SEGURA EP\BITSAC\.venv\Lib\site-packages\pip\_internal\resolution\legacy",,""
"C:\Users\ASUS\Desktop\SEGURA EP\BITSAC\.venv\Lib\site-packages\pip\_internal\resolution\resolvelib",,""
"C:\Users\ASUS\Desktop\SEGURA EP\BITSAC\.venv\Lib\site-packages\pip\_internal\resolution\__pycache__",,""
"C:\Users\ASUS\Desktop\SEGURA EP\BITSAC\.venv\Lib\site-packages\pip\_internal\resolution\base.py","577",".py"
"C:\Users\ASUS\Desktop\SEGURA EP\BITSAC\.venv\Lib\site-packages\pip\_internal\resolution\__init__.py","0",".py"
"C:\Users\ASUS\Desktop\SEGURA EP\BITSAC\.venv\Lib\site-packages\pip\_internal\resolution\legacy\__pycache__",,""
"C:\Users\ASUS\Desktop\SEGURA EP\BITSAC\.venv\Lib\site-packages\pip\_internal\resolution\legacy\resolver.py","24061",".py"
"C:\Users\ASUS\Desktop\SEGURA EP\BITSAC\.venv\Lib\site-packages\pip\_internal\resolution\legacy\__init__.py","0",".py"
"C:\Users\ASUS\Desktop\SEGURA EP\BITSAC\.venv\Lib\site-packages\pip\_internal\resolution\legacy\__pycache__\resolver.cpython-313.pyc","22816",".pyc"
"C:\Users\ASUS\Desktop\SEGURA EP\BITSAC\.venv\Lib\site-packages\pip\_internal\resolution\legacy\__pycache__\__init__.cpython-313.pyc","203",".pyc"
"C:\Users\ASUS\Desktop\SEGURA EP\BITSAC\.venv\Lib\site-packages\pip\_internal\resolution\resolvelib\__pycache__",,""
"C:\Users\ASUS\Desktop\SEGURA EP\BITSAC\.venv\Lib\site-packages\pip\_internal\resolution\resolvelib\base.py","5903",".py"
"C:\Users\ASUS\Desktop\SEGURA EP\BITSAC\.venv\Lib\site-packages\pip\_internal\resolution\resolvelib\candidates.py","20912",".py"
"C:\Users\ASUS\Desktop\SEGURA EP\BITSAC\.venv\Lib\site-packages\pip\_internal\resolution\resolvelib\factory.py","36771",".py"
"C:\Users\ASUS\Desktop\SEGURA EP\BITSAC\.venv\Lib\site-packages\pip\_internal\resolution\resolvelib\found_candidates.py","6018",".py"
"C:\Users\ASUS\Desktop\SEGURA EP\BITSAC\.venv\Lib\site-packages\pip\_internal\resolution\resolvelib\provider.py","12150",".py"
"C:\Users\ASUS\Desktop\SEGURA EP\BITSAC\.venv\Lib\site-packages\pip\_internal\resolution\resolvelib\reporter.py","3918",".py"
"C:\Users\ASUS\Desktop\SEGURA EP\BITSAC\.venv\Lib\site-packages\pip\_internal\resolution\resolvelib\requirements.py","8239",".py"
"C:\Users\ASUS\Desktop\SEGURA EP\BITSAC\.venv\Lib\site-packages\pip\_internal\resolution\resolvelib\resolver.py","13437",".py"
"C:\Users\ASUS\Desktop\SEGURA EP\BITSAC\.venv\Lib\site-packages\pip\_internal\resolution\resolvelib\__init__.py","0",".py"
"C:\Users\ASUS\Desktop\SEGURA EP\BITSAC\.venv\Lib\site-packages\pip\_internal\resolution\resolvelib\__pycache__\base.cpython-313.pyc","9905",".pyc"
"C:\Users\ASUS\Desktop\SEGURA EP\BITSAC\.venv\Lib\site-packages\pip\_internal\resolution\resolvelib\__pycache__\candidates.cpython-313.pyc","30180",".pyc"
"C:\Users\ASUS\Desktop\SEGURA EP\BITSAC\.venv\Lib\site-packages\pip\_internal\resolution\resolvelib\__pycache__\factory.cpython-313.pyc","37805",".pyc"
"C:\Users\ASUS\Desktop\SEGURA EP\BITSAC\.venv\Lib\site-packages\pip\_internal\resolution\resolvelib\__pycache__\found_candidates.cpython-313.pyc","6812",".pyc"
"C:\Users\ASUS\Desktop\SEGURA EP\BITSAC\.venv\Lib\site-packages\pip\_internal\resolution\resolvelib\__pycache__\provider.cpython-313.pyc","12332",".pyc"
"C:\Users\ASUS\Desktop\SEGURA EP\BITSAC\.venv\Lib\site-packages\pip\_internal\resolution\resolvelib\__pycache__\reporter.cpython-313.pyc","5928",".pyc"
"C:\Users\ASUS\Desktop\SEGURA EP\BITSAC\.venv\Lib\site-packages\pip\_internal\resolution\resolvelib\__pycache__\requirements.cpython-313.pyc","15161",".pyc"
"C:\Users\ASUS\Desktop\SEGURA EP\BITSAC\.venv\Lib\site-packages\pip\_internal\resolution\resolvelib\__pycache__\resolver.cpython-313.pyc","12442",".pyc"
"C:\Users\ASUS\Desktop\SEGURA EP\BITSAC\.venv\Lib\site-packages\pip\_internal\resolution\resolvelib\__pycache__\__init__.cpython-313.pyc","207",".pyc"
"C:\Users\ASUS\Desktop\SEGURA EP\BITSAC\.venv\Lib\site-packages\pip\_internal\resolution\__pycache__\base.cpython-313.pyc","1229",".pyc"
"C:\Users\ASUS\Desktop\SEGURA EP\BITSAC\.venv\Lib\site-packages\pip\_internal\resolution\__pycache__\__init__.cpython-313.pyc","196",".pyc"
"C:\Users\ASUS\Desktop\SEGURA EP\BITSAC\.venv\Lib\site-packages\pip\_internal\utils\__pycache__",,""
"C:\Users\ASUS\Desktop\SEGURA EP\BITSAC\.venv\Lib\site-packages\pip\_internal\utils\appdirs.py","1681",".py"
"C:\Users\ASUS\Desktop\SEGURA EP\BITSAC\.venv\Lib\site-packages\pip\_internal\utils\compat.py","2514",".py"
"C:\Users\ASUS\Desktop\SEGURA EP\BITSAC\.venv\Lib\site-packages\pip\_internal\utils\compatibility_tags.py","6630",".py"
"C:\Users\ASUS\Desktop\SEGURA EP\BITSAC\.venv\Lib\site-packages\pip\_internal\utils\datetime.py","868",".py"
"C:\Users\ASUS\Desktop\SEGURA EP\BITSAC\.venv\Lib\site-packages\pip\_internal\utils\deprecation.py","4319",".py"
"C:\Users\ASUS\Desktop\SEGURA EP\BITSAC\.venv\Lib\site-packages\pip\_internal\utils\direct_url_helpers.py","3363",".py"
"C:\Users\ASUS\Desktop\SEGURA EP\BITSAC\.venv\Lib\site-packages\pip\_internal\utils\egg_link.py","2459",".py"
"C:\Users\ASUS\Desktop\SEGURA EP\BITSAC\.venv\Lib\site-packages\pip\_internal\utils\entrypoints.py","3324",".py"
"C:\Users\ASUS\Desktop\SEGURA EP\BITSAC\.venv\Lib\site-packages\pip\_internal\utils\filesystem.py","6812",".py"
"C:\Users\ASUS\Desktop\SEGURA EP\BITSAC\.venv\Lib\site-packages\pip\_internal\utils\filetypes.py","689",".py"
"C:\Users\ASUS\Desktop\SEGURA EP\BITSAC\.venv\Lib\site-packages\pip\_internal\utils\glibc.py","3726",".py"
"C:\Users\ASUS\Desktop\SEGURA EP\BITSAC\.venv\Lib\site-packages\pip\_internal\utils\hashes.py","5040",".py"
"C:\Users\ASUS\Desktop\SEGURA EP\BITSAC\.venv\Lib\site-packages\pip\_internal\utils\logging.py","13414",".py"
"C:\Users\ASUS\Desktop\SEGURA EP\BITSAC\.venv\Lib\site-packages\pip\_internal\utils\misc.py","23704",".py"
"C:\Users\ASUS\Desktop\SEGURA EP\BITSAC\.venv\Lib\site-packages\pip\_internal\utils\packaging.py","1601",".py"
"C:\Users\ASUS\Desktop\SEGURA EP\BITSAC\.venv\Lib\site-packages\pip\_internal\utils\pylock.py","9358",".py"
"C:\Users\ASUS\Desktop\SEGURA EP\BITSAC\.venv\Lib\site-packages\pip\_internal\utils\retry.py","1461",".py"
"C:\Users\ASUS\Desktop\SEGURA EP\BITSAC\.venv\Lib\site-packages\pip\_internal\utils\subprocess.py","8983",".py"
"C:\Users\ASUS\Desktop\SEGURA EP\BITSAC\.venv\Lib\site-packages\pip\_internal\utils\temp_dir.py","9307",".py"
"C:\Users\ASUS\Desktop\SEGURA EP\BITSAC\.venv\Lib\site-packages\pip\_internal\utils\unpacking.py","13584",".py"
"C:\Users\ASUS\Desktop\SEGURA EP\BITSAC\.venv\Lib\site-packages\pip\_internal\utils\urls.py","1601",".py"
"C:\Users\ASUS\Desktop\SEGURA EP\BITSAC\.venv\Lib\site-packages\pip\_internal\utils\virtualenv.py","3455",".py"
"C:\Users\ASUS\Desktop\SEGURA EP\BITSAC\.venv\Lib\site-packages\pip\_internal\utils\wheel.py","4468",".py"
"C:\Users\ASUS\Desktop\SEGURA EP\BITSAC\.venv\Lib\site-packages\pip\_internal\utils\_jaraco_text.py","3350",".py"
"C:\Users\ASUS\Desktop\SEGURA EP\BITSAC\.venv\Lib\site-packages\pip\_internal\utils\_log.py","1015",".py"
"C:\Users\ASUS\Desktop\SEGURA EP\BITSAC\.venv\Lib\site-packages\pip\_internal\utils\__init__.py","0",".py"
"C:\Users\ASUS\Desktop\SEGURA EP\BITSAC\.venv\Lib\site-packages\pip\_internal\utils\__pycache__\appdirs.cpython-313.pyc","2464",".pyc"
"C:\Users\ASUS\Desktop\SEGURA EP\BITSAC\.venv\Lib\site-packages\pip\_internal\utils\__pycache__\compat.cpython-313.pyc","3046",".pyc"
"C:\Users\ASUS\Desktop\SEGURA EP\BITSAC\.venv\Lib\site-packages\pip\_internal\utils\__pycache__\compatibility_tags.cpython-313.pyc","6693",".pyc"
"C:\Users\ASUS\Desktop\SEGURA EP\BITSAC\.venv\Lib\site-packages\pip\_internal\utils\__pycache__\datetime.cpython-313.pyc","1548",".pyc"
"C:\Users\ASUS\Desktop\SEGURA EP\BITSAC\.venv\Lib\site-packages\pip\_internal\utils\__pycache__\deprecation.cpython-313.pyc","4897",".pyc"
"C:\Users\ASUS\Desktop\SEGURA EP\BITSAC\.venv\Lib\site-packages\pip\_internal\utils\__pycache__\direct_url_helpers.cpython-313.pyc","3798",".pyc"
"C:\Users\ASUS\Desktop\SEGURA EP\BITSAC\.venv\Lib\site-packages\pip\_internal\utils\__pycache__\egg_link.cpython-313.pyc","3149",".pyc"
"C:\Users\ASUS\Desktop\SEGURA EP\BITSAC\.venv\Lib\site-packages\pip\_internal\utils\__pycache__\entrypoints.cpython-313.pyc","4141",".pyc"
"C:\Users\ASUS\Desktop\SEGURA EP\BITSAC\.venv\Lib\site-packages\pip\_internal\utils\__pycache__\filesystem.cpython-313.pyc","10217",".pyc"
"C:\Users\ASUS\Desktop\SEGURA EP\BITSAC\.venv\Lib\site-packages\pip\_internal\utils\__pycache__\filetypes.cpython-313.pyc","1131",".pyc"
"C:\Users\ASUS\Desktop\SEGURA EP\BITSAC\.venv\Lib\site-packages\pip\_internal\utils\__pycache__\glibc.cpython-313.pyc","2377",".pyc"
"C:\Users\ASUS\Desktop\SEGURA EP\BITSAC\.venv\Lib\site-packages\pip\_internal\utils\__pycache__\hashes.cpython-313.pyc","7591",".pyc"
"C:\Users\ASUS\Desktop\SEGURA EP\BITSAC\.venv\Lib\site-packages\pip\_internal\utils\__pycache__\logging.cpython-313.pyc","15430",".pyc"
"C:\Users\ASUS\Desktop\SEGURA EP\BITSAC\.venv\Lib\site-packages\pip\_internal\utils\__pycache__\misc.cpython-313.pyc","32862",".pyc"
"C:\Users\ASUS\Desktop\SEGURA EP\BITSAC\.venv\Lib\site-packages\pip\_internal\utils\__pycache__\packaging.cpython-313.pyc","1842",".pyc"
"C:\Users\ASUS\Desktop\SEGURA EP\BITSAC\.venv\Lib\site-packages\pip\_internal\utils\__pycache__\pylock.cpython-313.pyc","11330",".pyc"
"C:\Users\ASUS\Desktop\SEGURA EP\BITSAC\.venv\Lib\site-packages\pip\_internal\utils\__pycache__\retry.cpython-313.pyc","1980",".pyc"
"C:\Users\ASUS\Desktop\SEGURA EP\BITSAC\.venv\Lib\site-packages\pip\_internal\utils\__pycache__\subprocess.cpython-313.pyc","8736",".pyc"
"C:\Users\ASUS\Desktop\SEGURA EP\BITSAC\.venv\Lib\site-packages\pip\_internal\utils\__pycache__\temp_dir.cpython-313.pyc","12018",".pyc"
"C:\Users\ASUS\Desktop\SEGURA EP\BITSAC\.venv\Lib\site-packages\pip\_internal\utils\__pycache__\unpacking.cpython-313.pyc","15537",".pyc"
"C:\Users\ASUS\Desktop\SEGURA EP\BITSAC\.venv\Lib\site-packages\pip\_internal\utils\__pycache__\urls.cpython-313.pyc","2130",".pyc"
"C:\Users\ASUS\Desktop\SEGURA EP\BITSAC\.venv\Lib\site-packages\pip\_internal\utils\__pycache__\virtualenv.cpython-313.pyc","4380",".pyc"
"C:\Users\ASUS\Desktop\SEGURA EP\BITSAC\.venv\Lib\site-packages\pip\_internal\utils\__pycache__\wheel.cpython-313.pyc","5855",".pyc"
"C:\Users\ASUS\Desktop\SEGURA EP\BITSAC\.venv\Lib\site-packages\pip\_internal\utils\__pycache__\_jaraco_text.cpython-313.pyc","4437",".pyc"
"C:\Users\ASUS\Desktop\SEGURA EP\BITSAC\.venv\Lib\site-packages\pip\_internal\utils\__pycache__\_log.cpython-313.pyc","1910",".pyc"
"C:\Users\ASUS\Desktop\SEGURA EP\BITSAC\.venv\Lib\site-packages\pip\_internal\utils\__pycache__\__init__.cpython-313.pyc","191",".pyc"
"C:\Users\ASUS\Desktop\SEGURA EP\BITSAC\.venv\Lib\site-packages\pip\_internal\vcs\__pycache__",,""
"C:\Users\ASUS\Desktop\SEGURA EP\BITSAC\.venv\Lib\site-packages\pip\_internal\vcs\bazaar.py","3734",".py"
"C:\Users\ASUS\Desktop\SEGURA EP\BITSAC\.venv\Lib\site-packages\pip\_internal\vcs\git.py","19144",".py"
"C:\Users\ASUS\Desktop\SEGURA EP\BITSAC\.venv\Lib\site-packages\pip\_internal\vcs\mercurial.py","5575",".py"
"C:\Users\ASUS\Desktop\SEGURA EP\BITSAC\.venv\Lib\site-packages\pip\_internal\vcs\subversion.py","11787",".py"
"C:\Users\ASUS\Desktop\SEGURA EP\BITSAC\.venv\Lib\site-packages\pip\_internal\vcs\versioncontrol.py","22599",".py"
"C:\Users\ASUS\Desktop\SEGURA EP\BITSAC\.venv\Lib\site-packages\pip\_internal\vcs\__init__.py","596",".py"
"C:\Users\ASUS\Desktop\SEGURA EP\BITSAC\.venv\Lib\site-packages\pip\_internal\vcs\__pycache__\bazaar.cpython-313.pyc","5239",".pyc"
"C:\Users\ASUS\Desktop\SEGURA EP\BITSAC\.venv\Lib\site-packages\pip\_internal\vcs\__pycache__\git.cpython-313.pyc","19697",".pyc"
"C:\Users\ASUS\Desktop\SEGURA EP\BITSAC\.venv\Lib\site-packages\pip\_internal\vcs\__pycache__\mercurial.cpython-313.pyc","7757",".pyc"
"C:\Users\ASUS\Desktop\SEGURA EP\BITSAC\.venv\Lib\site-packages\pip\_internal\vcs\__pycache__\subversion.cpython-313.pyc","12457",".pyc"
"C:\Users\ASUS\Desktop\SEGURA EP\BITSAC\.venv\Lib\site-packages\pip\_internal\vcs\__pycache__\versioncontrol.cpython-313.pyc","28213",".pyc"
"C:\Users\ASUS\Desktop\SEGURA EP\BITSAC\.venv\Lib\site-packages\pip\_internal\vcs\__pycache__\__init__.cpython-313.pyc","530",".pyc"
"C:\Users\ASUS\Desktop\SEGURA EP\BITSAC\.venv\Lib\site-packages\pip\_internal\__pycache__\build_env.cpython-313.pyc","26393",".pyc"
"C:\Users\ASUS\Desktop\SEGURA EP\BITSAC\.venv\Lib\site-packages\pip\_internal\__pycache__\cache.cpython-313.pyc","12597",".pyc"
"C:\Users\ASUS\Desktop\SEGURA EP\BITSAC\.venv\Lib\site-packages\pip\_internal\__pycache__\configuration.cpython-313.pyc","18443",".pyc"
"C:\Users\ASUS\Desktop\SEGURA EP\BITSAC\.venv\Lib\site-packages\pip\_internal\__pycache__\exceptions.cpython-313.pyc","44337",".pyc"
"C:\Users\ASUS\Desktop\SEGURA EP\BITSAC\.venv\Lib\site-packages\pip\_internal\__pycache__\main.cpython-313.pyc","625",".pyc"
"C:\Users\ASUS\Desktop\SEGURA EP\BITSAC\.venv\Lib\site-packages\pip\_internal\__pycache__\pyproject.cpython-313.pyc","4084",".pyc"
"C:\Users\ASUS\Desktop\SEGURA EP\BITSAC\.venv\Lib\site-packages\pip\_internal\__pycache__\self_outdated_check.cpython-313.pyc","9852",".pyc"
"C:\Users\ASUS\Desktop\SEGURA EP\BITSAC\.venv\Lib\site-packages\pip\_internal\__pycache__\wheel_builder.cpython-313.pyc","10963",".pyc"
"C:\Users\ASUS\Desktop\SEGURA EP\BITSAC\.venv\Lib\site-packages\pip\_internal\__pycache__\__init__.cpython-313.pyc","740",".pyc"
"C:\Users\ASUS\Desktop\SEGURA EP\BITSAC\.venv\Lib\site-packages\pip\_vendor\cachecontrol",,""
"C:\Users\ASUS\Desktop\SEGURA EP\BITSAC\.venv\Lib\site-packages\pip\_vendor\certifi",,""
"C:\Users\ASUS\Desktop\SEGURA EP\BITSAC\.venv\Lib\site-packages\pip\_vendor\distlib",,""
"C:\Users\ASUS\Desktop\SEGURA EP\BITSAC\.venv\Lib\site-packages\pip\_vendor\distro",,""
"C:\Users\ASUS\Desktop\SEGURA EP\BITSAC\.venv\Lib\site-packages\pip\_vendor\idna",,""
"C:\Users\ASUS\Desktop\SEGURA EP\BITSAC\.venv\Lib\site-packages\pip\_vendor\msgpack",,""
"C:\Users\ASUS\Desktop\SEGURA EP\BITSAC\.venv\Lib\site-packages\pip\_vendor\packaging",,""
"C:\Users\ASUS\Desktop\SEGURA EP\BITSAC\.venv\Lib\site-packages\pip\_vendor\pkg_resources",,""
"C:\Users\ASUS\Desktop\SEGURA EP\BITSAC\.venv\Lib\site-packages\pip\_vendor\platformdirs",,""
"C:\Users\ASUS\Desktop\SEGURA EP\BITSAC\.venv\Lib\site-packages\pip\_vendor\pygments",,""
"C:\Users\ASUS\Desktop\SEGURA EP\BITSAC\.venv\Lib\site-packages\pip\_vendor\pyproject_hooks",,""
"C:\Users\ASUS\Desktop\SEGURA EP\BITSAC\.venv\Lib\site-packages\pip\_vendor\requests",,""
"C:\Users\ASUS\Desktop\SEGURA EP\BITSAC\.venv\Lib\site-packages\pip\_vendor\resolvelib",,""
"C:\Users\ASUS\Desktop\SEGURA EP\BITSAC\.venv\Lib\site-packages\pip\_vendor\rich",,""
"C:\Users\ASUS\Desktop\SEGURA EP\BITSAC\.venv\Lib\site-packages\pip\_vendor\tomli",,""
"C:\Users\ASUS\Desktop\SEGURA EP\BITSAC\.venv\Lib\site-packages\pip\_vendor\tomli_w",,""
"C:\Users\ASUS\Desktop\SEGURA EP\BITSAC\.venv\Lib\site-packages\pip\_vendor\truststore",,""
"C:\Users\ASUS\Desktop\SEGURA EP\BITSAC\.venv\Lib\site-packages\pip\_vendor\urllib3",,""
"C:\Users\ASUS\Desktop\SEGURA EP\BITSAC\.venv\Lib\site-packages\pip\_vendor\__pycache__",,""
"C:\Users\ASUS\Desktop\SEGURA EP\BITSAC\.venv\Lib\site-packages\pip\_vendor\README.rst","9222",".rst"
"C:\Users\ASUS\Desktop\SEGURA EP\BITSAC\.venv\Lib\site-packages\pip\_vendor\vendor.txt","316",".txt"
"C:\Users\ASUS\Desktop\SEGURA EP\BITSAC\.venv\Lib\site-packages\pip\_vendor\__init__.py","4907",".py"
"C:\Users\ASUS\Desktop\SEGURA EP\BITSAC\.venv\Lib\site-packages\pip\_vendor\cachecontrol\caches",,""
"C:\Users\ASUS\Desktop\SEGURA EP\BITSAC\.venv\Lib\site-packages\pip\_vendor\cachecontrol\__pycache__",,""
"C:\Users\ASUS\Desktop\SEGURA EP\BITSAC\.venv\Lib\site-packages\pip\_vendor\cachecontrol\adapter.py","6586",".py"
"C:\Users\ASUS\Desktop\SEGURA EP\BITSAC\.venv\Lib\site-packages\pip\_vendor\cachecontrol\cache.py","1953",".py"
"C:\Users\ASUS\Desktop\SEGURA EP\BITSAC\.venv\Lib\site-packages\pip\_vendor\cachecontrol\controller.py","19102",".py"
"C:\Users\ASUS\Desktop\SEGURA EP\BITSAC\.venv\Lib\site-packages\pip\_vendor\cachecontrol\filewrapper.py","4354",".py"
"C:\Users\ASUS\Desktop\SEGURA EP\BITSAC\.venv\Lib\site-packages\pip\_vendor\cachecontrol\heuristics.py","4881",".py"
"C:\Users\ASUS\Desktop\SEGURA EP\BITSAC\.venv\Lib\site-packages\pip\_vendor\cachecontrol\LICENSE.txt","558",".txt"
"C:\Users\ASUS\Desktop\SEGURA EP\BITSAC\.venv\Lib\site-packages\pip\_vendor\cachecontrol\py.typed","0",".typed"
"C:\Users\ASUS\Desktop\SEGURA EP\BITSAC\.venv\Lib\site-packages\pip\_vendor\cachecontrol\serialize.py","5163",".py"
"C:\Users\ASUS\Desktop\SEGURA EP\BITSAC\.venv\Lib\site-packages\pip\_vendor\cachecontrol\wrapper.py","1417",".py"
"C:\Users\ASUS\Desktop\SEGURA EP\BITSAC\.venv\Lib\site-packages\pip\_vendor\cachecontrol\_cmd.py","1737",".py"
"C:\Users\ASUS\Desktop\SEGURA EP\BITSAC\.venv\Lib\site-packages\pip\_vendor\cachecontrol\__init__.py","820",".py"
"C:\Users\ASUS\Desktop\SEGURA EP\BITSAC\.venv\Lib\site-packages\pip\_vendor\cachecontrol\caches\__pycache__",,""
"C:\Users\ASUS\Desktop\SEGURA EP\BITSAC\.venv\Lib\site-packages\pip\_vendor\cachecontrol\caches\file_cache.py","4117",".py"
"C:\Users\ASUS\Desktop\SEGURA EP\BITSAC\.venv\Lib\site-packages\pip\_vendor\cachecontrol\caches\redis_cache.py","1386",".py"
"C:\Users\ASUS\Desktop\SEGURA EP\BITSAC\.venv\Lib\site-packages\pip\_vendor\cachecontrol\caches\__init__.py","303",".py"
"C:\Users\ASUS\Desktop\SEGURA EP\BITSAC\.venv\Lib\site-packages\pip\_vendor\cachecontrol\caches\__pycache__\file_cache.cpython-313.pyc","7163",".pyc"
"C:\Users\ASUS\Desktop\SEGURA EP\BITSAC\.venv\Lib\site-packages\pip\_vendor\cachecontrol\caches\__pycache__\redis_cache.cpython-313.pyc","2816",".pyc"
"C:\Users\ASUS\Desktop\SEGURA EP\BITSAC\.venv\Lib\site-packages\pip\_vendor\cachecontrol\caches\__pycache__\__init__.cpython-313.pyc","435",".pyc"
"C:\Users\ASUS\Desktop\SEGURA EP\BITSAC\.venv\Lib\site-packages\pip\_vendor\cachecontrol\__pycache__\adapter.cpython-313.pyc","6832",".pyc"
"C:\Users\ASUS\Desktop\SEGURA EP\BITSAC\.venv\Lib\site-packages\pip\_vendor\cachecontrol\__pycache__\cache.cpython-313.pyc","3927",".pyc"
"C:\Users\ASUS\Desktop\SEGURA EP\BITSAC\.venv\Lib\site-packages\pip\_vendor\cachecontrol\__pycache__\controller.cpython-313.pyc","16851",".pyc"
"C:\Users\ASUS\Desktop\SEGURA EP\BITSAC\.venv\Lib\site-packages\pip\_vendor\cachecontrol\__pycache__\filewrapper.cpython-313.pyc","4481",".pyc"
"C:\Users\ASUS\Desktop\SEGURA EP\BITSAC\.venv\Lib\site-packages\pip\_vendor\cachecontrol\__pycache__\heuristics.cpython-313.pyc","6769",".pyc"
"C:\Users\ASUS\Desktop\SEGURA EP\BITSAC\.venv\Lib\site-packages\pip\_vendor\cachecontrol\__pycache__\serialize.cpython-313.pyc","5366",".pyc"
"C:\Users\ASUS\Desktop\SEGURA EP\BITSAC\.venv\Lib\site-packages\pip\_vendor\cachecontrol\__pycache__\wrapper.cpython-313.pyc","1694",".pyc"
"C:\Users\ASUS\Desktop\SEGURA EP\BITSAC\.venv\Lib\site-packages\pip\_vendor\cachecontrol\__pycache__\_cmd.cpython-313.pyc","2675",".pyc"
"C:\Users\ASUS\Desktop\SEGURA EP\BITSAC\.venv\Lib\site-packages\pip\_vendor\cachecontrol\__pycache__\__init__.cpython-313.pyc","917",".pyc"
"C:\Users\ASUS\Desktop\SEGURA EP\BITSAC\.venv\Lib\site-packages\pip\_vendor\certifi\__pycache__",,""
"C:\Users\ASUS\Desktop\SEGURA EP\BITSAC\.venv\Lib\site-packages\pip\_vendor\certifi\cacert.pem","272441",".pem"
"C:\Users\ASUS\Desktop\SEGURA EP\BITSAC\.venv\Lib\site-packages\pip\_vendor\certifi\core.py","3442",".py"
"C:\Users\ASUS\Desktop\SEGURA EP\BITSAC\.venv\Lib\site-packages\pip\_vendor\certifi\LICENSE","989",""
"C:\Users\ASUS\Desktop\SEGURA EP\BITSAC\.venv\Lib\site-packages\pip\_vendor\certifi\py.typed","0",".typed"
"C:\Users\ASUS\Desktop\SEGURA EP\BITSAC\.venv\Lib\site-packages\pip\_vendor\certifi\__init__.py","94",".py"
"C:\Users\ASUS\Desktop\SEGURA EP\BITSAC\.venv\Lib\site-packages\pip\_vendor\certifi\__main__.py","255",".py"
"C:\Users\ASUS\Desktop\SEGURA EP\BITSAC\.venv\Lib\site-packages\pip\_vendor\certifi\__pycache__\core.cpython-313.pyc","2090",".pyc"
"C:\Users\ASUS\Desktop\SEGURA EP\BITSAC\.venv\Lib\site-packages\pip\_vendor\certifi\__pycache__\__init__.cpython-313.pyc","318",".pyc"
"C:\Users\ASUS\Desktop\SEGURA EP\BITSAC\.venv\Lib\site-packages\pip\_vendor\certifi\__pycache__\__main__.cpython-313.pyc","647",".pyc"
"C:\Users\ASUS\Desktop\SEGURA EP\BITSAC\.venv\Lib\site-packages\pip\_vendor\distlib\__pycache__",,""
"C:\Users\ASUS\Desktop\SEGURA EP\BITSAC\.venv\Lib\site-packages\pip\_vendor\distlib\compat.py","41467",".py"
"C:\Users\ASUS\Desktop\SEGURA EP\BITSAC\.venv\Lib\site-packages\pip\_vendor\distlib\LICENSE.txt","14531",".txt"
"C:\Users\ASUS\Desktop\SEGURA EP\BITSAC\.venv\Lib\site-packages\pip\_vendor\distlib\resources.py","10820",".py"
"C:\Users\ASUS\Desktop\SEGURA EP\BITSAC\.venv\Lib\site-packages\pip\_vendor\distlib\scripts.py","18612",".py"
"C:\Users\ASUS\Desktop\SEGURA EP\BITSAC\.venv\Lib\site-packages\pip\_vendor\distlib\t32.exe","97792",".exe"
"C:\Users\ASUS\Desktop\SEGURA EP\BITSAC\.venv\Lib\site-packages\pip\_vendor\distlib\t64-arm.exe","182784",".exe"
"C:\Users\ASUS\Desktop\SEGURA EP\BITSAC\.venv\Lib\site-packages\pip\_vendor\distlib\t64.exe","108032",".exe"
"C:\Users\ASUS\Desktop\SEGURA EP\BITSAC\.venv\Lib\site-packages\pip\_vendor\distlib\util.py","66682",".py"
"C:\Users\ASUS\Desktop\SEGURA EP\BITSAC\.venv\Lib\site-packages\pip\_vendor\distlib\w32.exe","91648",".exe"
"C:\Users\ASUS\Desktop\SEGURA EP\BITSAC\.venv\Lib\site-packages\pip\_vendor\distlib\w64-arm.exe","168448",".exe"
"C:\Users\ASUS\Desktop\SEGURA EP\BITSAC\.venv\Lib\site-packages\pip\_vendor\distlib\w64.exe","101888",".exe"
"C:\Users\ASUS\Desktop\SEGURA EP\BITSAC\.venv\Lib\site-packages\pip\_vendor\distlib\__init__.py","625",".py"
"C:\Users\ASUS\Desktop\SEGURA EP\BITSAC\.venv\Lib\site-packages\pip\_vendor\distlib\__pycache__\compat.cpython-313.pyc","45865",".pyc"
"C:\Users\ASUS\Desktop\SEGURA EP\BITSAC\.venv\Lib\site-packages\pip\_vendor\distlib\__pycache__\resources.cpython-313.pyc","17657",".pyc"
"C:\Users\ASUS\Desktop\SEGURA EP\BITSAC\.venv\Lib\site-packages\pip\_vendor\distlib\__pycache__\scripts.cpython-313.pyc","20237",".pyc"
"C:\Users\ASUS\Desktop\SEGURA EP\BITSAC\.venv\Lib\site-packages\pip\_vendor\distlib\__pycache__\util.cpython-313.pyc","90115",".pyc"
"C:\Users\ASUS\Desktop\SEGURA EP\BITSAC\.venv\Lib\site-packages\pip\_vendor\distlib\__pycache__\__init__.cpython-313.pyc","1355",".pyc"
"C:\Users\ASUS\Desktop\SEGURA EP\BITSAC\.venv\Lib\site-packages\pip\_vendor\distro\__pycache__",,""
"C:\Users\ASUS\Desktop\SEGURA EP\BITSAC\.venv\Lib\site-packages\pip\_vendor\distro\distro.py","49430",".py"
"C:\Users\ASUS\Desktop\SEGURA EP\BITSAC\.venv\Lib\site-packages\pip\_vendor\distro\LICENSE","11325",""
"C:\Users\ASUS\Desktop\SEGURA EP\BITSAC\.venv\Lib\site-packages\pip\_vendor\distro\py.typed","0",".typed"
"C:\Users\ASUS\Desktop\SEGURA EP\BITSAC\.venv\Lib\site-packages\pip\_vendor\distro\__init__.py","981",".py"
"C:\Users\ASUS\Desktop\SEGURA EP\BITSAC\.venv\Lib\site-packages\pip\_vendor\distro\__main__.py","64",".py"
"C:\Users\ASUS\Desktop\SEGURA EP\BITSAC\.venv\Lib\site-packages\pip\_vendor\distro\__pycache__\distro.cpython-313.pyc","52143",".pyc"
"C:\Users\ASUS\Desktop\SEGURA EP\BITSAC\.venv\Lib\site-packages\pip\_vendor\distro\__pycache__\__init__.cpython-313.pyc","960",".pyc"
"C:\Users\ASUS\Desktop\SEGURA EP\BITSAC\.venv\Lib\site-packages\pip\_vendor\distro\__pycache__\__main__.cpython-313.pyc","294",".pyc"
"C:\Users\ASUS\Desktop\SEGURA EP\BITSAC\.venv\Lib\site-packages\pip\_vendor\idna\__pycache__",,""
"C:\Users\ASUS\Desktop\SEGURA EP\BITSAC\.venv\Lib\site-packages\pip\_vendor\idna\codec.py","3438",".py"
"C:\Users\ASUS\Desktop\SEGURA EP\BITSAC\.venv\Lib\site-packages\pip\_vendor\idna\compat.py","316",".py"
"C:\Users\ASUS\Desktop\SEGURA EP\BITSAC\.venv\Lib\site-packages\pip\_vendor\idna\core.py","13246",".py"
"C:\Users\ASUS\Desktop\SEGURA EP\BITSAC\.venv\Lib\site-packages\pip\_vendor\idna\idnadata.py","79623",".py"
"C:\Users\ASUS\Desktop\SEGURA EP\BITSAC\.venv\Lib\site-packages\pip\_vendor\idna\intranges.py","1898",".py"
"C:\Users\ASUS\Desktop\SEGURA EP\BITSAC\.venv\Lib\site-packages\pip\_vendor\idna\LICENSE.md","1541",".md"
"C:\Users\ASUS\Desktop\SEGURA EP\BITSAC\.venv\Lib\site-packages\pip\_vendor\idna\package_data.py","21",".py"
"C:\Users\ASUS\Desktop\SEGURA EP\BITSAC\.venv\Lib\site-packages\pip\_vendor\idna\py.typed","0",".typed"
"C:\Users\ASUS\Desktop\SEGURA EP\BITSAC\.venv\Lib\site-packages\pip\_vendor\idna\uts46data.py","243725",".py"
"C:\Users\ASUS\Desktop\SEGURA EP\BITSAC\.venv\Lib\site-packages\pip\_vendor\idna\__init__.py","868",".py"
"C:\Users\ASUS\Desktop\SEGURA EP\BITSAC\.venv\Lib\site-packages\pip\_vendor\idna\__pycache__\codec.cpython-313.pyc","5310",".pyc"
"C:\Users\ASUS\Desktop\SEGURA EP\BITSAC\.venv\Lib\site-packages\pip\_vendor\idna\__pycache__\compat.cpython-313.pyc","896",".pyc"
"C:\Users\ASUS\Desktop\SEGURA EP\BITSAC\.venv\Lib\site-packages\pip\_vendor\idna\__pycache__\core.cpython-313.pyc","16954",".pyc"
"C:\Users\ASUS\Desktop\SEGURA EP\BITSAC\.venv\Lib\site-packages\pip\_vendor\idna\__pycache__\idnadata.cpython-313.pyc","100915",".pyc"
"C:\Users\ASUS\Desktop\SEGURA EP\BITSAC\.venv\Lib\site-packages\pip\_vendor\idna\__pycache__\intranges.cpython-313.pyc","2609",".pyc"
"C:\Users\ASUS\Desktop\SEGURA EP\BITSAC\.venv\Lib\site-packages\pip\_vendor\idna\__pycache__\package_data.cpython-313.pyc","217",".pyc"
"C:\Users\ASUS\Desktop\SEGURA EP\BITSAC\.venv\Lib\site-packages\pip\_vendor\idna\__pycache__\uts46data.cpython-313.pyc","162013",".pyc"
"C:\Users\ASUS\Desktop\SEGURA EP\BITSAC\.venv\Lib\site-packages\pip\_vendor\idna\__pycache__\__init__.cpython-313.pyc","886",".pyc"
"C:\Users\ASUS\Desktop\SEGURA EP\BITSAC\.venv\Lib\site-packages\pip\_vendor\msgpack\__pycache__",,""
"C:\Users\ASUS\Desktop\SEGURA EP\BITSAC\.venv\Lib\site-packages\pip\_vendor\msgpack\COPYING","614",""
"C:\Users\ASUS\Desktop\SEGURA EP\BITSAC\.venv\Lib\site-packages\pip\_vendor\msgpack\exceptions.py","1081",".py"
"C:\Users\ASUS\Desktop\SEGURA EP\BITSAC\.venv\Lib\site-packages\pip\_vendor\msgpack\ext.py","5726",".py"
"C:\Users\ASUS\Desktop\SEGURA EP\BITSAC\.venv\Lib\site-packages\pip\_vendor\msgpack\fallback.py","32390",".py"
"C:\Users\ASUS\Desktop\SEGURA EP\BITSAC\.venv\Lib\site-packages\pip\_vendor\msgpack\__init__.py","1109",".py"
"C:\Users\ASUS\Desktop\SEGURA EP\BITSAC\.venv\Lib\site-packages\pip\_vendor\msgpack\__pycache__\exceptions.cpython-313.pyc","2164",".pyc"
"C:\Users\ASUS\Desktop\SEGURA EP\BITSAC\.venv\Lib\site-packages\pip\_vendor\msgpack\__pycache__\ext.cpython-313.pyc","8093",".pyc"
"C:\Users\ASUS\Desktop\SEGURA EP\BITSAC\.venv\Lib\site-packages\pip\_vendor\msgpack\__pycache__\fallback.cpython-313.pyc","42068",".pyc"
"C:\Users\ASUS\Desktop\SEGURA EP\BITSAC\.venv\Lib\site-packages\pip\_vendor\msgpack\__pycache__\__init__.cpython-313.pyc","1715",".pyc"
"C:\Users\ASUS\Desktop\SEGURA EP\BITSAC\.venv\Lib\site-packages\pip\_vendor\packaging\licenses",,""
"C:\Users\ASUS\Desktop\SEGURA EP\BITSAC\.venv\Lib\site-packages\pip\_vendor\packaging\__pycache__",,""
"C:\Users\ASUS\Desktop\SEGURA EP\BITSAC\.venv\Lib\site-packages\pip\_vendor\packaging\dependency_groups.py","10218",".py"
"C:\Users\ASUS\Desktop\SEGURA EP\BITSAC\.venv\Lib\site-packages\pip\_vendor\packaging\direct_url.py","10917",".py"
"C:\Users\ASUS\Desktop\SEGURA EP\BITSAC\.venv\Lib\site-packages\pip\_vendor\packaging\errors.py","2680",".py"
"C:\Users\ASUS\Desktop\SEGURA EP\BITSAC\.venv\Lib\site-packages\pip\_vendor\packaging\LICENSE","197",""
"C:\Users\ASUS\Desktop\SEGURA EP\BITSAC\.venv\Lib\site-packages\pip\_vendor\packaging\LICENSE.APACHE","10174",".APACHE"
"C:\Users\ASUS\Desktop\SEGURA EP\BITSAC\.venv\Lib\site-packages\pip\_vendor\packaging\LICENSE.BSD","1344",".BSD"
"C:\Users\ASUS\Desktop\SEGURA EP\BITSAC\.venv\Lib\site-packages\pip\_vendor\packaging\markers.py","17067",".py"
"C:\Users\ASUS\Desktop\SEGURA EP\BITSAC\.venv\Lib\site-packages\pip\_vendor\packaging\metadata.py","38770",".py"
"C:\Users\ASUS\Desktop\SEGURA EP\BITSAC\.venv\Lib\site-packages\pip\_vendor\packaging\py.typed","0",".typed"
"C:\Users\ASUS\Desktop\SEGURA EP\BITSAC\.venv\Lib\site-packages\pip\_vendor\packaging\pylock.py","33890",".py"
"C:\Users\ASUS\Desktop\SEGURA EP\BITSAC\.venv\Lib\site-packages\pip\_vendor\packaging\requirements.py","4395",".py"
"C:\Users\ASUS\Desktop\SEGURA EP\BITSAC\.venv\Lib\site-packages\pip\_vendor\packaging\specifiers.py","71550",".py"
"C:\Users\ASUS\Desktop\SEGURA EP\BITSAC\.venv\Lib\site-packages\pip\_vendor\packaging\tags.py","34236",".py"
"C:\Users\ASUS\Desktop\SEGURA EP\BITSAC\.venv\Lib\site-packages\pip\_vendor\packaging\utils.py","9848",".py"
"C:\Users\ASUS\Desktop\SEGURA EP\BITSAC\.venv\Lib\site-packages\pip\_vendor\packaging\version.py","38393",".py"
"C:\Users\ASUS\Desktop\SEGURA EP\BITSAC\.venv\Lib\site-packages\pip\_vendor\packaging\_elffile.py","3211",".py"
"C:\Users\ASUS\Desktop\SEGURA EP\BITSAC\.venv\Lib\site-packages\pip\_vendor\packaging\_manylinux.py","9559",".py"
"C:\Users\ASUS\Desktop\SEGURA EP\BITSAC\.venv\Lib\site-packages\pip\_vendor\packaging\_musllinux.py","2707",".py"
"C:\Users\ASUS\Desktop\SEGURA EP\BITSAC\.venv\Lib\site-packages\pip\_vendor\packaging\_parser.py","11698",".py"
"C:\Users\ASUS\Desktop\SEGURA EP\BITSAC\.venv\Lib\site-packages\pip\_vendor\packaging\_structures.py","1109",".py"
"C:\Users\ASUS\Desktop\SEGURA EP\BITSAC\.venv\Lib\site-packages\pip\_vendor\packaging\_tokenizer.py","5391",".py"
"C:\Users\ASUS\Desktop\SEGURA EP\BITSAC\.venv\Lib\site-packages\pip\_vendor\packaging\__init__.py","494",".py"
"C:\Users\ASUS\Desktop\SEGURA EP\BITSAC\.venv\Lib\site-packages\pip\_vendor\packaging\licenses\__pycache__",,""
"C:\Users\ASUS\Desktop\SEGURA EP\BITSAC\.venv\Lib\site-packages\pip\_vendor\packaging\licenses\_spdx.py","51122",".py"
"C:\Users\ASUS\Desktop\SEGURA EP\BITSAC\.venv\Lib\site-packages\pip\_vendor\packaging\licenses\__init__.py","7293",".py"
"C:\Users\ASUS\Desktop\SEGURA EP\BITSAC\.venv\Lib\site-packages\pip\_vendor\packaging\licenses\__pycache__\_spdx.cpython-313.pyc","49936",".pyc"
"C:\Users\ASUS\Desktop\SEGURA EP\BITSAC\.venv\Lib\site-packages\pip\_vendor\packaging\licenses\__pycache__\__init__.cpython-313.pyc","5554",".pyc"
"C:\Users\ASUS\Desktop\SEGURA EP\BITSAC\.venv\Lib\site-packages\pip\_vendor\packaging\__pycache__\dependency_groups.cpython-313.pyc","11119",".pyc"
"C:\Users\ASUS\Desktop\SEGURA EP\BITSAC\.venv\Lib\site-packages\pip\_vendor\packaging\__pycache__\direct_url.cpython-313.pyc","14735",".pyc"
"C:\Users\ASUS\Desktop\SEGURA EP\BITSAC\.venv\Lib\site-packages\pip\_vendor\packaging\__pycache__\errors.cpython-313.pyc","4419",".pyc"
"C:\Users\ASUS\Desktop\SEGURA EP\BITSAC\.venv\Lib\site-packages\pip\_vendor\packaging\__pycache__\markers.cpython-313.pyc","17736",".pyc"
"C:\Users\ASUS\Desktop\SEGURA EP\BITSAC\.venv\Lib\site-packages\pip\_vendor\packaging\__pycache__\metadata.cpython-313.pyc","31490",".pyc"
"C:\Users\ASUS\Desktop\SEGURA EP\BITSAC\.venv\Lib\site-packages\pip\_vendor\packaging\__pycache__\pylock.cpython-313.pyc","38090",".pyc"
"C:\Users\ASUS\Desktop\SEGURA EP\BITSAC\.venv\Lib\site-packages\pip\_vendor\packaging\__pycache__\requirements.cpython-313.pyc","6338",".pyc"
"C:\Users\ASUS\Desktop\SEGURA EP\BITSAC\.venv\Lib\site-packages\pip\_vendor\packaging\__pycache__\specifiers.cpython-313.pyc","74510",".pyc"
"C:\Users\ASUS\Desktop\SEGURA EP\BITSAC\.venv\Lib\site-packages\pip\_vendor\packaging\__pycache__\tags.cpython-313.pyc","37260",".pyc"
"C:\Users\ASUS\Desktop\SEGURA EP\BITSAC\.venv\Lib\site-packages\pip\_vendor\packaging\__pycache__\utils.cpython-313.pyc","10869",".pyc"
"C:\Users\ASUS\Desktop\SEGURA EP\BITSAC\.venv\Lib\site-packages\pip\_vendor\packaging\__pycache__\version.cpython-313.pyc","41329",".pyc"
"C:\Users\ASUS\Desktop\SEGURA EP\BITSAC\.venv\Lib\site-packages\pip\_vendor\packaging\__pycache__\_elffile.cpython-313.pyc","5139",".pyc"
"C:\Users\ASUS\Desktop\SEGURA EP\BITSAC\.venv\Lib\site-packages\pip\_vendor\packaging\__pycache__\_manylinux.cpython-313.pyc","10154",".pyc"
"C:\Users\ASUS\Desktop\SEGURA EP\BITSAC\.venv\Lib\site-packages\pip\_vendor\packaging\__pycache__\_musllinux.cpython-313.pyc","4635",".pyc"
"C:\Users\ASUS\Desktop\SEGURA EP\BITSAC\.venv\Lib\site-packages\pip\_vendor\packaging\__pycache__\_parser.cpython-313.pyc","15842",".pyc"
"C:\Users\ASUS\Desktop\SEGURA EP\BITSAC\.venv\Lib\site-packages\pip\_vendor\packaging\__pycache__\_structures.cpython-313.pyc","1679",".pyc"
"C:\Users\ASUS\Desktop\SEGURA EP\BITSAC\.venv\Lib\site-packages\pip\_vendor\packaging\__pycache__\_tokenizer.cpython-313.pyc","8566",".pyc"
"C:\Users\ASUS\Desktop\SEGURA EP\BITSAC\.venv\Lib\site-packages\pip\_vendor\packaging\__pycache__\__init__.cpython-313.pyc","558",".pyc"
"C:\Users\ASUS\Desktop\SEGURA EP\BITSAC\.venv\Lib\site-packages\pip\_vendor\pkg_resources\__pycache__",,""
"C:\Users\ASUS\Desktop\SEGURA EP\BITSAC\.venv\Lib\site-packages\pip\_vendor\pkg_resources\LICENSE","1023",""
"C:\Users\ASUS\Desktop\SEGURA EP\BITSAC\.venv\Lib\site-packages\pip\_vendor\pkg_resources\__init__.py","124451",".py"
"C:\Users\ASUS\Desktop\SEGURA EP\BITSAC\.venv\Lib\site-packages\pip\_vendor\pkg_resources\__pycache__\__init__.cpython-313.pyc","161606",".pyc"
"C:\Users\ASUS\Desktop\SEGURA EP\BITSAC\.venv\Lib\site-packages\pip\_vendor\platformdirs\__pycache__",,""
"C:\Users\ASUS\Desktop\SEGURA EP\BITSAC\.venv\Lib\site-packages\pip\_vendor\platformdirs\android.py","9013",".py"
"C:\Users\ASUS\Desktop\SEGURA EP\BITSAC\.venv\Lib\site-packages\pip\_vendor\platformdirs\api.py","9281",".py"
"C:\Users\ASUS\Desktop\SEGURA EP\BITSAC\.venv\Lib\site-packages\pip\_vendor\platformdirs\LICENSE","1089",""
"C:\Users\ASUS\Desktop\SEGURA EP\BITSAC\.venv\Lib\site-packages\pip\_vendor\platformdirs\macos.py","6322",".py"
"C:\Users\ASUS\Desktop\SEGURA EP\BITSAC\.venv\Lib\site-packages\pip\_vendor\platformdirs\py.typed","0",".typed"
"C:\Users\ASUS\Desktop\SEGURA EP\BITSAC\.venv\Lib\site-packages\pip\_vendor\platformdirs\unix.py","10458",".py"
"C:\Users\ASUS\Desktop\SEGURA EP\BITSAC\.venv\Lib\site-packages\pip\_vendor\platformdirs\version.py","704",".py"
"C:\Users\ASUS\Desktop\SEGURA EP\BITSAC\.venv\Lib\site-packages\pip\_vendor\platformdirs\windows.py","10362",".py"
"C:\Users\ASUS\Desktop\SEGURA EP\BITSAC\.venv\Lib\site-packages\pip\_vendor\platformdirs\__init__.py","22344",".py"
"C:\Users\ASUS\Desktop\SEGURA EP\BITSAC\.venv\Lib\site-packages\pip\_vendor\platformdirs\__main__.py","1505",".py"
"C:\Users\ASUS\Desktop\SEGURA EP\BITSAC\.venv\Lib\site-packages\pip\_vendor\platformdirs\__pycache__\android.cpython-313.pyc","10763",".pyc"
"C:\Users\ASUS\Desktop\SEGURA EP\BITSAC\.venv\Lib\site-packages\pip\_vendor\platformdirs\__pycache__\api.cpython-313.pyc","13474",".pyc"
"C:\Users\ASUS\Desktop\SEGURA EP\BITSAC\.venv\Lib\site-packages\pip\_vendor\platformdirs\__pycache__\macos.cpython-313.pyc","9031",".pyc"
"C:\Users\ASUS\Desktop\SEGURA EP\BITSAC\.venv\Lib\site-packages\pip\_vendor\platformdirs\__pycache__\unix.cpython-313.pyc","14768",".pyc"
"C:\Users\ASUS\Desktop\SEGURA EP\BITSAC\.venv\Lib\site-packages\pip\_vendor\platformdirs\__pycache__\version.cpython-313.pyc","813",".pyc"
"C:\Users\ASUS\Desktop\SEGURA EP\BITSAC\.venv\Lib\site-packages\pip\_vendor\platformdirs\__pycache__\windows.cpython-313.pyc","13909",".pyc"
"C:\Users\ASUS\Desktop\SEGURA EP\BITSAC\.venv\Lib\site-packages\pip\_vendor\platformdirs\__pycache__\__init__.cpython-313.pyc","19365",".pyc"
"C:\Users\ASUS\Desktop\SEGURA EP\BITSAC\.venv\Lib\site-packages\pip\_vendor\platformdirs\__pycache__\__main__.cpython-313.pyc","1932",".pyc"
"C:\Users\ASUS\Desktop\SEGURA EP\BITSAC\.venv\Lib\site-packages\pip\_vendor\pygments\filters",,""
"C:\Users\ASUS\Desktop\SEGURA EP\BITSAC\.venv\Lib\site-packages\pip\_vendor\pygments\formatters",,""
"C:\Users\ASUS\Desktop\SEGURA EP\BITSAC\.venv\Lib\site-packages\pip\_vendor\pygments\lexers",,""
"C:\Users\ASUS\Desktop\SEGURA EP\BITSAC\.venv\Lib\site-packages\pip\_vendor\pygments\styles",,""
"C:\Users\ASUS\Desktop\SEGURA EP\BITSAC\.venv\Lib\site-packages\pip\_vendor\pygments\__pycache__",,""
"C:\Users\ASUS\Desktop\SEGURA EP\BITSAC\.venv\Lib\site-packages\pip\_vendor\pygments\console.py","1718",".py"
"C:\Users\ASUS\Desktop\SEGURA EP\BITSAC\.venv\Lib\site-packages\pip\_vendor\pygments\filter.py","1910",".py"
"C:\Users\ASUS\Desktop\SEGURA EP\BITSAC\.venv\Lib\site-packages\pip\_vendor\pygments\formatter.py","4390",".py"
"C:\Users\ASUS\Desktop\SEGURA EP\BITSAC\.venv\Lib\site-packages\pip\_vendor\pygments\lexer.py","35349",".py"
"C:\Users\ASUS\Desktop\SEGURA EP\BITSAC\.venv\Lib\site-packages\pip\_vendor\pygments\LICENSE","1331",""
"C:\Users\ASUS\Desktop\SEGURA EP\BITSAC\.venv\Lib\site-packages\pip\_vendor\pygments\modeline.py","1005",".py"
"C:\Users\ASUS\Desktop\SEGURA EP\BITSAC\.venv\Lib\site-packages\pip\_vendor\pygments\plugin.py","1891",".py"
"C:\Users\ASUS\Desktop\SEGURA EP\BITSAC\.venv\Lib\site-packages\pip\_vendor\pygments\regexopt.py","3072",".py"
"C:\Users\ASUS\Desktop\SEGURA EP\BITSAC\.venv\Lib\site-packages\pip\_vendor\pygments\scanner.py","3092",".py"
"C:\Users\ASUS\Desktop\SEGURA EP\BITSAC\.venv\Lib\site-packages\pip\_vendor\pygments\sphinxext.py","7981",".py"
"C:\Users\ASUS\Desktop\SEGURA EP\BITSAC\.venv\Lib\site-packages\pip\_vendor\pygments\style.py","6420",".py"
"C:\Users\ASUS\Desktop\SEGURA EP\BITSAC\.venv\Lib\site-packages\pip\_vendor\pygments\token.py","6226",".py"
"C:\Users\ASUS\Desktop\SEGURA EP\BITSAC\.venv\Lib\site-packages\pip\_vendor\pygments\unistring.py","63208",".py"
"C:\Users\ASUS\Desktop\SEGURA EP\BITSAC\.venv\Lib\site-packages\pip\_vendor\pygments\util.py","10031",".py"
"C:\Users\ASUS\Desktop\SEGURA EP\BITSAC\.venv\Lib\site-packages\pip\_vendor\pygments\__init__.py","2983",".py"
"C:\Users\ASUS\Desktop\SEGURA EP\BITSAC\.venv\Lib\site-packages\pip\_vendor\pygments\__main__.py","353",".py"
"C:\Users\ASUS\Desktop\SEGURA EP\BITSAC\.venv\Lib\site-packages\pip\_vendor\pygments\filters\__pycache__",,""
"C:\Users\ASUS\Desktop\SEGURA EP\BITSAC\.venv\Lib\site-packages\pip\_vendor\pygments\filters\__init__.py","40392",".py"
"C:\Users\ASUS\Desktop\SEGURA EP\BITSAC\.venv\Lib\site-packages\pip\_vendor\pygments\filters\__pycache__\__init__.cpython-313.pyc","37970",".pyc"
"C:\Users\ASUS\Desktop\SEGURA EP\BITSAC\.venv\Lib\site-packages\pip\_vendor\pygments\formatters\__pycache__",,""
"C:\Users\ASUS\Desktop\SEGURA EP\BITSAC\.venv\Lib\site-packages\pip\_vendor\pygments\formatters\_mapping.py","4176",".py"
"C:\Users\ASUS\Desktop\SEGURA EP\BITSAC\.venv\Lib\site-packages\pip\_vendor\pygments\formatters\__init__.py","5385",".py"
"C:\Users\ASUS\Desktop\SEGURA EP\BITSAC\.venv\Lib\site-packages\pip\_vendor\pygments\formatters\__pycache__\_mapping.cpython-313.pyc","4216",".pyc"
"C:\Users\ASUS\Desktop\SEGURA EP\BITSAC\.venv\Lib\site-packages\pip\_vendor\pygments\formatters\__pycache__\__init__.cpython-313.pyc","6927",".pyc"
"C:\Users\ASUS\Desktop\SEGURA EP\BITSAC\.venv\Lib\site-packages\pip\_vendor\pygments\lexers\__pycache__",,""
"C:\Users\ASUS\Desktop\SEGURA EP\BITSAC\.venv\Lib\site-packages\pip\_vendor\pygments\lexers\python.py","53853",".py"
"C:\Users\ASUS\Desktop\SEGURA EP\BITSAC\.venv\Lib\site-packages\pip\_vendor\pygments\lexers\_mapping.py","77602",".py"
"C:\Users\ASUS\Desktop\SEGURA EP\BITSAC\.venv\Lib\site-packages\pip\_vendor\pygments\lexers\__init__.py","12115",".py"
"C:\Users\ASUS\Desktop\SEGURA EP\BITSAC\.venv\Lib\site-packages\pip\_vendor\pygments\lexers\__pycache__\python.cpython-313.pyc","43045",".pyc"
"C:\Users\ASUS\Desktop\SEGURA EP\BITSAC\.venv\Lib\site-packages\pip\_vendor\pygments\lexers\__pycache__\_mapping.cpython-313.pyc","69845",".pyc"
"C:\Users\ASUS\Desktop\SEGURA EP\BITSAC\.venv\Lib\site-packages\pip\_vendor\pygments\lexers\__pycache__\__init__.cpython-313.pyc","14755",".pyc"
"C:\Users\ASUS\Desktop\SEGURA EP\BITSAC\.venv\Lib\site-packages\pip\_vendor\pygments\styles\__pycache__",,""
"C:\Users\ASUS\Desktop\SEGURA EP\BITSAC\.venv\Lib\site-packages\pip\_vendor\pygments\styles\_mapping.py","3312",".py"
"C:\Users\ASUS\Desktop\SEGURA EP\BITSAC\.venv\Lib\site-packages\pip\_vendor\pygments\styles\__init__.py","2042",".py"
"C:\Users\ASUS\Desktop\SEGURA EP\BITSAC\.venv\Lib\site-packages\pip\_vendor\pygments\styles\__pycache__\_mapping.cpython-313.pyc","3649",".pyc"
"C:\Users\ASUS\Desktop\SEGURA EP\BITSAC\.venv\Lib\site-packages\pip\_vendor\pygments\styles\__pycache__\__init__.cpython-313.pyc","2642",".pyc"
"C:\Users\ASUS\Desktop\SEGURA EP\BITSAC\.venv\Lib\site-packages\pip\_vendor\pygments\__pycache__\console.cpython-313.pyc","2601",".pyc"
"C:\Users\ASUS\Desktop\SEGURA EP\BITSAC\.venv\Lib\site-packages\pip\_vendor\pygments\__pycache__\filter.cpython-313.pyc","3227",".pyc"
"C:\Users\ASUS\Desktop\SEGURA EP\BITSAC\.venv\Lib\site-packages\pip\_vendor\pygments\__pycache__\formatter.cpython-313.pyc","4558",".pyc"
"C:\Users\ASUS\Desktop\SEGURA EP\BITSAC\.venv\Lib\site-packages\pip\_vendor\pygments\__pycache__\lexer.cpython-313.pyc","38478",".pyc"
"C:\Users\ASUS\Desktop\SEGURA EP\BITSAC\.venv\Lib\site-packages\pip\_vendor\pygments\__pycache__\modeline.cpython-313.pyc","1574",".pyc"
"C:\Users\ASUS\Desktop\SEGURA EP\BITSAC\.venv\Lib\site-packages\pip\_vendor\pygments\__pycache__\plugin.cpython-313.pyc","2548",".pyc"
"C:\Users\ASUS\Desktop\SEGURA EP\BITSAC\.venv\Lib\site-packages\pip\_vendor\pygments\__pycache__\regexopt.cpython-313.pyc","4105",".pyc"
"C:\Users\ASUS\Desktop\SEGURA EP\BITSAC\.venv\Lib\site-packages\pip\_vendor\pygments\__pycache__\scanner.cpython-313.pyc","4684",".pyc"
"C:\Users\ASUS\Desktop\SEGURA EP\BITSAC\.venv\Lib\site-packages\pip\_vendor\pygments\__pycache__\sphinxext.cpython-313.pyc","12241",".pyc"
"C:\Users\ASUS\Desktop\SEGURA EP\BITSAC\.venv\Lib\site-packages\pip\_vendor\pygments\__pycache__\style.cpython-313.pyc","6940",".pyc"
"C:\Users\ASUS\Desktop\SEGURA EP\BITSAC\.venv\Lib\site-packages\pip\_vendor\pygments\__pycache__\token.cpython-313.pyc","8244",".pyc"
"C:\Users\ASUS\Desktop\SEGURA EP\BITSAC\.venv\Lib\site-packages\pip\_vendor\pygments\__pycache__\unistring.cpython-313.pyc","33026",".pyc"
"C:\Users\ASUS\Desktop\SEGURA EP\BITSAC\.venv\Lib\site-packages\pip\_vendor\pygments\__pycache__\util.cpython-313.pyc","14174",".pyc"
"C:\Users\ASUS\Desktop\SEGURA EP\BITSAC\.venv\Lib\site-packages\pip\_vendor\pygments\__pycache__\__init__.cpython-313.pyc","3433",".pyc"
"C:\Users\ASUS\Desktop\SEGURA EP\BITSAC\.venv\Lib\site-packages\pip\_vendor\pygments\__pycache__\__main__.cpython-313.pyc","713",".pyc"
"C:\Users\ASUS\Desktop\SEGURA EP\BITSAC\.venv\Lib\site-packages\pip\_vendor\pyproject_hooks\_in_process",,""
"C:\Users\ASUS\Desktop\SEGURA EP\BITSAC\.venv\Lib\site-packages\pip\_vendor\pyproject_hooks\__pycache__",,""
"C:\Users\ASUS\Desktop\SEGURA EP\BITSAC\.venv\Lib\site-packages\pip\_vendor\pyproject_hooks\LICENSE","1081",""
"C:\Users\ASUS\Desktop\SEGURA EP\BITSAC\.venv\Lib\site-packages\pip\_vendor\pyproject_hooks\py.typed","0",".typed"
"C:\Users\ASUS\Desktop\SEGURA EP\BITSAC\.venv\Lib\site-packages\pip\_vendor\pyproject_hooks\_impl.py","14936",".py"
"C:\Users\ASUS\Desktop\SEGURA EP\BITSAC\.venv\Lib\site-packages\pip\_vendor\pyproject_hooks\__init__.py","691",".py"
"C:\Users\ASUS\Desktop\SEGURA EP\BITSAC\.venv\Lib\site-packages\pip\_vendor\pyproject_hooks\_in_process\__pycache__",,""
"C:\Users\ASUS\Desktop\SEGURA EP\BITSAC\.venv\Lib\site-packages\pip\_vendor\pyproject_hooks\_in_process\_in_process.py","12216",".py"
"C:\Users\ASUS\Desktop\SEGURA EP\BITSAC\.venv\Lib\site-packages\pip\_vendor\pyproject_hooks\_in_process\__init__.py","557",".py"
"C:\Users\ASUS\Desktop\SEGURA EP\BITSAC\.venv\Lib\site-packages\pip\_vendor\pyproject_hooks\_in_process\__pycache__\_in_process.cpython-313.pyc","15510",".pyc"
"C:\Users\ASUS\Desktop\SEGURA EP\BITSAC\.venv\Lib\site-packages\pip\_vendor\pyproject_hooks\_in_process\__pycache__\__init__.cpython-313.pyc","1085",".pyc"
"C:\Users\ASUS\Desktop\SEGURA EP\BITSAC\.venv\Lib\site-packages\pip\_vendor\pyproject_hooks\__pycache__\_impl.cpython-313.pyc","17730",".pyc"
"C:\Users\ASUS\Desktop\SEGURA EP\BITSAC\.venv\Lib\site-packages\pip\_vendor\pyproject_hooks\__pycache__\__init__.cpython-313.pyc","758",".pyc"
"C:\Users\ASUS\Desktop\SEGURA EP\BITSAC\.venv\Lib\site-packages\pip\_vendor\requests\__pycache__",,""
"C:\Users\ASUS\Desktop\SEGURA EP\BITSAC\.venv\Lib\site-packages\pip\_vendor\requests\adapters.py","26292",".py"
"C:\Users\ASUS\Desktop\SEGURA EP\BITSAC\.venv\Lib\site-packages\pip\_vendor\requests\api.py","6449",".py"
"C:\Users\ASUS\Desktop\SEGURA EP\BITSAC\.venv\Lib\site-packages\pip\_vendor\requests\auth.py","10170",".py"
"C:\Users\ASUS\Desktop\SEGURA EP\BITSAC\.venv\Lib\site-packages\pip\_vendor\requests\certs.py","442",".py"
"C:\Users\ASUS\Desktop\SEGURA EP\BITSAC\.venv\Lib\site-packages\pip\_vendor\requests\compat.py","1822",".py"
"C:\Users\ASUS\Desktop\SEGURA EP\BITSAC\.venv\Lib\site-packages\pip\_vendor\requests\cookies.py","18590",".py"
"C:\Users\ASUS\Desktop\SEGURA EP\BITSAC\.venv\Lib\site-packages\pip\_vendor\requests\exceptions.py","4273",".py"
"C:\Users\ASUS\Desktop\SEGURA EP\BITSAC\.venv\Lib\site-packages\pip\_vendor\requests\help.py","3740",".py"
"C:\Users\ASUS\Desktop\SEGURA EP\BITSAC\.venv\Lib\site-packages\pip\_vendor\requests\hooks.py","734",".py"
"C:\Users\ASUS\Desktop\SEGURA EP\BITSAC\.venv\Lib\site-packages\pip\_vendor\requests\LICENSE","10142",""
"C:\Users\ASUS\Desktop\SEGURA EP\BITSAC\.venv\Lib\site-packages\pip\_vendor\requests\models.py","35530",".py"
"C:\Users\ASUS\Desktop\SEGURA EP\BITSAC\.venv\Lib\site-packages\pip\_vendor\requests\packages.py","1057",".py"
"C:\Users\ASUS\Desktop\SEGURA EP\BITSAC\.venv\Lib\site-packages\pip\_vendor\requests\sessions.py","30645",".py"
"C:\Users\ASUS\Desktop\SEGURA EP\BITSAC\.venv\Lib\site-packages\pip\_vendor\requests\status_codes.py","4322",".py"
"C:\Users\ASUS\Desktop\SEGURA EP\BITSAC\.venv\Lib\site-packages\pip\_vendor\requests\structures.py","2912",".py"
"C:\Users\ASUS\Desktop\SEGURA EP\BITSAC\.venv\Lib\site-packages\pip\_vendor\requests\utils.py","32978",".py"
"C:\Users\ASUS\Desktop\SEGURA EP\BITSAC\.venv\Lib\site-packages\pip\_vendor\requests\_internal_utils.py","1502",".py"
"C:\Users\ASUS\Desktop\SEGURA EP\BITSAC\.venv\Lib\site-packages\pip\_vendor\requests\__init__.py","5029",".py"
"C:\Users\ASUS\Desktop\SEGURA EP\BITSAC\.venv\Lib\site-packages\pip\_vendor\requests\__version__.py","435",".py"
"C:\Users\ASUS\Desktop\SEGURA EP\BITSAC\.venv\Lib\site-packages\pip\_vendor\requests\__pycache__\adapters.cpython-313.pyc","26788",".pyc"
"C:\Users\ASUS\Desktop\SEGURA EP\BITSAC\.venv\Lib\site-packages\pip\_vendor\requests\__pycache__\api.cpython-313.pyc","6871",".pyc"
"C:\Users\ASUS\Desktop\SEGURA EP\BITSAC\.venv\Lib\site-packages\pip\_vendor\requests\__pycache__\auth.cpython-313.pyc","14127",".pyc"
"C:\Users\ASUS\Desktop\SEGURA EP\BITSAC\.venv\Lib\site-packages\pip\_vendor\requests\__pycache__\certs.cpython-313.pyc","681",".pyc"
"C:\Users\ASUS\Desktop\SEGURA EP\BITSAC\.venv\Lib\site-packages\pip\_vendor\requests\__pycache__\compat.cpython-313.pyc","1985",".pyc"
"C:\Users\ASUS\Desktop\SEGURA EP\BITSAC\.venv\Lib\site-packages\pip\_vendor\requests\__pycache__\cookies.cpython-313.pyc","25028",".pyc"
"C:\Users\ASUS\Desktop\SEGURA EP\BITSAC\.venv\Lib\site-packages\pip\_vendor\requests\__pycache__\exceptions.cpython-313.pyc","8024",".pyc"
"C:\Users\ASUS\Desktop\SEGURA EP\BITSAC\.venv\Lib\site-packages\pip\_vendor\requests\__pycache__\help.cpython-313.pyc","4166",".pyc"
"C:\Users\ASUS\Desktop\SEGURA EP\BITSAC\.venv\Lib\site-packages\pip\_vendor\requests\__pycache__\hooks.cpython-313.pyc","1095",".pyc"
"C:\Users\ASUS\Desktop\SEGURA EP\BITSAC\.venv\Lib\site-packages\pip\_vendor\requests\__pycache__\models.cpython-313.pyc","35906",".pyc"
"C:\Users\ASUS\Desktop\SEGURA EP\BITSAC\.venv\Lib\site-packages\pip\_vendor\requests\__pycache__\packages.cpython-313.pyc","1315",".pyc"
"C:\Users\ASUS\Desktop\SEGURA EP\BITSAC\.venv\Lib\site-packages\pip\_vendor\requests\__pycache__\sessions.cpython-313.pyc","27395",".pyc"
"C:\Users\ASUS\Desktop\SEGURA EP\BITSAC\.venv\Lib\site-packages\pip\_vendor\requests\__pycache__\status_codes.cpython-313.pyc","6045",".pyc"
"C:\Users\ASUS\Desktop\SEGURA EP\BITSAC\.venv\Lib\site-packages\pip\_vendor\requests\__pycache__\structures.cpython-313.pyc","5648",".pyc"
"C:\Users\ASUS\Desktop\SEGURA EP\BITSAC\.venv\Lib\site-packages\pip\_vendor\requests\__pycache__\utils.cpython-313.pyc","36225",".pyc"
"C:\Users\ASUS\Desktop\SEGURA EP\BITSAC\.venv\Lib\site-packages\pip\_vendor\requests\__pycache__\_internal_utils.cpython-313.pyc","2025",".pyc"
"C:\Users\ASUS\Desktop\SEGURA EP\BITSAC\.venv\Lib\site-packages\pip\_vendor\requests\__pycache__\__init__.cpython-313.pyc","5244",".pyc"
"C:\Users\ASUS\Desktop\SEGURA EP\BITSAC\.venv\Lib\site-packages\pip\_vendor\requests\__pycache__\__version__.cpython-313.pyc","585",".pyc"
"C:\Users\ASUS\Desktop\SEGURA EP\BITSAC\.venv\Lib\site-packages\pip\_vendor\resolvelib\resolvers",,""
"C:\Users\ASUS\Desktop\SEGURA EP\BITSAC\.venv\Lib\site-packages\pip\_vendor\resolvelib\__pycache__",,""
"C:\Users\ASUS\Desktop\SEGURA EP\BITSAC\.venv\Lib\site-packages\pip\_vendor\resolvelib\LICENSE","751",""
"C:\Users\ASUS\Desktop\SEGURA EP\BITSAC\.venv\Lib\site-packages\pip\_vendor\resolvelib\providers.py","8914",".py"
"C:\Users\ASUS\Desktop\SEGURA EP\BITSAC\.venv\Lib\site-packages\pip\_vendor\resolvelib\py.typed","0",".typed"
"C:\Users\ASUS\Desktop\SEGURA EP\BITSAC\.venv\Lib\site-packages\pip\_vendor\resolvelib\reporters.py","2037",".py"
"C:\Users\ASUS\Desktop\SEGURA EP\BITSAC\.venv\Lib\site-packages\pip\_vendor\resolvelib\structs.py","6420",".py"
"C:\Users\ASUS\Desktop\SEGURA EP\BITSAC\.venv\Lib\site-packages\pip\_vendor\resolvelib\__init__.py","541",".py"
"C:\Users\ASUS\Desktop\SEGURA EP\BITSAC\.venv\Lib\site-packages\pip\_vendor\resolvelib\resolvers\__pycache__",,""
"C:\Users\ASUS\Desktop\SEGURA EP\BITSAC\.venv\Lib\site-packages\pip\_vendor\resolvelib\resolvers\abstract.py","1543",".py"
"C:\Users\ASUS\Desktop\SEGURA EP\BITSAC\.venv\Lib\site-packages\pip\_vendor\resolvelib\resolvers\criterion.py","1768",".py"
"C:\Users\ASUS\Desktop\SEGURA EP\BITSAC\.venv\Lib\site-packages\pip\_vendor\resolvelib\resolvers\exceptions.py","1768",".py"
"C:\Users\ASUS\Desktop\SEGURA EP\BITSAC\.venv\Lib\site-packages\pip\_vendor\resolvelib\resolvers\resolution.py","24212",".py"
"C:\Users\ASUS\Desktop\SEGURA EP\BITSAC\.venv\Lib\site-packages\pip\_vendor\resolvelib\resolvers\__init__.py","640",".py"
"C:\Users\ASUS\Desktop\SEGURA EP\BITSAC\.venv\Lib\site-packages\pip\_vendor\resolvelib\resolvers\__pycache__\abstract.cpython-313.pyc","2480",".pyc"
"C:\Users\ASUS\Desktop\SEGURA EP\BITSAC\.venv\Lib\site-packages\pip\_vendor\resolvelib\resolvers\__pycache__\criterion.cpython-313.pyc","3298",".pyc"
"C:\Users\ASUS\Desktop\SEGURA EP\BITSAC\.venv\Lib\site-packages\pip\_vendor\resolvelib\resolvers\__pycache__\exceptions.cpython-313.pyc","4292",".pyc"
"C:\Users\ASUS\Desktop\SEGURA EP\BITSAC\.venv\Lib\site-packages\pip\_vendor\resolvelib\resolvers\__pycache__\resolution.cpython-313.pyc","25108",".pyc"
"C:\Users\ASUS\Desktop\SEGURA EP\BITSAC\.venv\Lib\site-packages\pip\_vendor\resolvelib\resolvers\__pycache__\__init__.cpython-313.pyc","740",".pyc"
"C:\Users\ASUS\Desktop\SEGURA EP\BITSAC\.venv\Lib\site-packages\pip\_vendor\resolvelib\__pycache__\providers.cpython-313.pyc","9361",".pyc"
"C:\Users\ASUS\Desktop\SEGURA EP\BITSAC\.venv\Lib\site-packages\pip\_vendor\resolvelib\__pycache__\reporters.cpython-313.pyc","3270",".pyc"
"C:\Users\ASUS\Desktop\SEGURA EP\BITSAC\.venv\Lib\site-packages\pip\_vendor\resolvelib\__pycache__\structs.cpython-313.pyc","12760",".pyc"
"C:\Users\ASUS\Desktop\SEGURA EP\BITSAC\.venv\Lib\site-packages\pip\_vendor\resolvelib\__pycache__\__init__.cpython-313.pyc","635",".pyc"
"C:\Users\ASUS\Desktop\SEGURA EP\BITSAC\.venv\Lib\site-packages\pip\_vendor\rich\__pycache__",,""
"C:\Users\ASUS\Desktop\SEGURA EP\BITSAC\.venv\Lib\site-packages\pip\_vendor\rich\abc.py","890",".py"
"C:\Users\ASUS\Desktop\SEGURA EP\BITSAC\.venv\Lib\site-packages\pip\_vendor\rich\align.py","10324",".py"
"C:\Users\ASUS\Desktop\SEGURA EP\BITSAC\.venv\Lib\site-packages\pip\_vendor\rich\ansi.py","6921",".py"
"C:\Users\ASUS\Desktop\SEGURA EP\BITSAC\.venv\Lib\site-packages\pip\_vendor\rich\bar.py","3263",".py"
"C:\Users\ASUS\Desktop\SEGURA EP\BITSAC\.venv\Lib\site-packages\pip\_vendor\rich\box.py","10686",".py"
"C:\Users\ASUS\Desktop\SEGURA EP\BITSAC\.venv\Lib\site-packages\pip\_vendor\rich\cells.py","5130",".py"
"C:\Users\ASUS\Desktop\SEGURA EP\BITSAC\.venv\Lib\site-packages\pip\_vendor\rich\color.py","18211",".py"
"C:\Users\ASUS\Desktop\SEGURA EP\BITSAC\.venv\Lib\site-packages\pip\_vendor\rich\color_triplet.py","1054",".py"
"C:\Users\ASUS\Desktop\SEGURA EP\BITSAC\.venv\Lib\site-packages\pip\_vendor\rich\columns.py","7131",".py"
"C:\Users\ASUS\Desktop\SEGURA EP\BITSAC\.venv\Lib\site-packages\pip\_vendor\rich\console.py","100849",".py"
"C:\Users\ASUS\Desktop\SEGURA EP\BITSAC\.venv\Lib\site-packages\pip\_vendor\rich\constrain.py","1288",".py"
"C:\Users\ASUS\Desktop\SEGURA EP\BITSAC\.venv\Lib\site-packages\pip\_vendor\rich\containers.py","5502",".py"
"C:\Users\ASUS\Desktop\SEGURA EP\BITSAC\.venv\Lib\site-packages\pip\_vendor\rich\control.py","6487",".py"
"C:\Users\ASUS\Desktop\SEGURA EP\BITSAC\.venv\Lib\site-packages\pip\_vendor\rich\default_styles.py","8257",".py"
"C:\Users\ASUS\Desktop\SEGURA EP\BITSAC\.venv\Lib\site-packages\pip\_vendor\rich\diagnose.py","1025",".py"
"C:\Users\ASUS\Desktop\SEGURA EP\BITSAC\.venv\Lib\site-packages\pip\_vendor\rich\emoji.py","2367",".py"
"C:\Users\ASUS\Desktop\SEGURA EP\BITSAC\.venv\Lib\site-packages\pip\_vendor\rich\errors.py","642",".py"
"C:\Users\ASUS\Desktop\SEGURA EP\BITSAC\.venv\Lib\site-packages\pip\_vendor\rich\filesize.py","2484",".py"
"C:\Users\ASUS\Desktop\SEGURA EP\BITSAC\.venv\Lib\site-packages\pip\_vendor\rich\file_proxy.py","1683",".py"
"C:\Users\ASUS\Desktop\SEGURA EP\BITSAC\.venv\Lib\site-packages\pip\_vendor\rich\highlighter.py","9586",".py"
"C:\Users\ASUS\Desktop\SEGURA EP\BITSAC\.venv\Lib\site-packages\pip\_vendor\rich\json.py","5031",".py"
"C:\Users\ASUS\Desktop\SEGURA EP\BITSAC\.venv\Lib\site-packages\pip\_vendor\rich\jupyter.py","3252",".py"
"C:\Users\ASUS\Desktop\SEGURA EP\BITSAC\.venv\Lib\site-packages\pip\_vendor\rich\layout.py","14004",".py"
"C:\Users\ASUS\Desktop\SEGURA EP\BITSAC\.venv\Lib\site-packages\pip\_vendor\rich\LICENSE","1056",""
"C:\Users\ASUS\Desktop\SEGURA EP\BITSAC\.venv\Lib\site-packages\pip\_vendor\rich\live.py","15180",".py"
"C:\Users\ASUS\Desktop\SEGURA EP\BITSAC\.venv\Lib\site-packages\pip\_vendor\rich\live_render.py","3521",".py"
"C:\Users\ASUS\Desktop\SEGURA EP\BITSAC\.venv\Lib\site-packages\pip\_vendor\rich\logging.py","12468",".py"
"C:\Users\ASUS\Desktop\SEGURA EP\BITSAC\.venv\Lib\site-packages\pip\_vendor\rich\markup.py","8451",".py"
"C:\Users\ASUS\Desktop\SEGURA EP\BITSAC\.venv\Lib\site-packages\pip\_vendor\rich\measure.py","5305",".py"
"C:\Users\ASUS\Desktop\SEGURA EP\BITSAC\.venv\Lib\site-packages\pip\_vendor\rich\padding.py","4908",".py"
"C:\Users\ASUS\Desktop\SEGURA EP\BITSAC\.venv\Lib\site-packages\pip\_vendor\rich\pager.py","828",".py"
"C:\Users\ASUS\Desktop\SEGURA EP\BITSAC\.venv\Lib\site-packages\pip\_vendor\rich\palette.py","3396",".py"
"C:\Users\ASUS\Desktop\SEGURA EP\BITSAC\.venv\Lib\site-packages\pip\_vendor\rich\panel.py","11157",".py"
"C:\Users\ASUS\Desktop\SEGURA EP\BITSAC\.venv\Lib\site-packages\pip\_vendor\rich\pretty.py","36391",".py"
"C:\Users\ASUS\Desktop\SEGURA EP\BITSAC\.venv\Lib\site-packages\pip\_vendor\rich\progress.py","60408",".py"
"C:\Users\ASUS\Desktop\SEGURA EP\BITSAC\.venv\Lib\site-packages\pip\_vendor\rich\progress_bar.py","8162",".py"
"C:\Users\ASUS\Desktop\SEGURA EP\BITSAC\.venv\Lib\site-packages\pip\_vendor\rich\prompt.py","12447",".py"
"C:\Users\ASUS\Desktop\SEGURA EP\BITSAC\.venv\Lib\site-packages\pip\_vendor\rich\protocol.py","1391",".py"
"C:\Users\ASUS\Desktop\SEGURA EP\BITSAC\.venv\Lib\site-packages\pip\_vendor\rich\py.typed","0",".typed"
"C:\Users\ASUS\Desktop\SEGURA EP\BITSAC\.venv\Lib\site-packages\pip\_vendor\rich\region.py","166",".py"
"C:\Users\ASUS\Desktop\SEGURA EP\BITSAC\.venv\Lib\site-packages\pip\_vendor\rich\repr.py","4431",".py"
"C:\Users\ASUS\Desktop\SEGURA EP\BITSAC\.venv\Lib\site-packages\pip\_vendor\rich\rule.py","4602",".py"
"C:\Users\ASUS\Desktop\SEGURA EP\BITSAC\.venv\Lib\site-packages\pip\_vendor\rich\scope.py","2843",".py"
"C:\Users\ASUS\Desktop\SEGURA EP\BITSAC\.venv\Lib\site-packages\pip\_vendor\rich\screen.py","1591",".py"
"C:\Users\ASUS\Desktop\SEGURA EP\BITSAC\.venv\Lib\site-packages\pip\_vendor\rich\segment.py","24743",".py"
"C:\Users\ASUS\Desktop\SEGURA EP\BITSAC\.venv\Lib\site-packages\pip\_vendor\rich\spinner.py","4214",".py"
"C:\Users\ASUS\Desktop\SEGURA EP\BITSAC\.venv\Lib\site-packages\pip\_vendor\rich\status.py","4424",".py"
"C:\Users\ASUS\Desktop\SEGURA EP\BITSAC\.venv\Lib\site-packages\pip\_vendor\rich\style.py","26990",".py"
"C:\Users\ASUS\Desktop\SEGURA EP\BITSAC\.venv\Lib\site-packages\pip\_vendor\rich\styled.py","1258",".py"
"C:\Users\ASUS\Desktop\SEGURA EP\BITSAC\.venv\Lib\site-packages\pip\_vendor\rich\syntax.py","36371",".py"
"C:\Users\ASUS\Desktop\SEGURA EP\BITSAC\.venv\Lib\site-packages\pip\_vendor\rich\table.py","40049",".py"
"C:\Users\ASUS\Desktop\SEGURA EP\BITSAC\.venv\Lib\site-packages\pip\_vendor\rich\terminal_theme.py","3370",".py"
"C:\Users\ASUS\Desktop\SEGURA EP\BITSAC\.venv\Lib\site-packages\pip\_vendor\rich\text.py","47552",".py"
"C:\Users\ASUS\Desktop\SEGURA EP\BITSAC\.venv\Lib\site-packages\pip\_vendor\rich\theme.py","3771",".py"
"C:\Users\ASUS\Desktop\SEGURA EP\BITSAC\.venv\Lib\site-packages\pip\_vendor\rich\themes.py","102",".py"
"C:\Users\ASUS\Desktop\SEGURA EP\BITSAC\.venv\Lib\site-packages\pip\_vendor\rich\traceback.py","35861",".py"
"C:\Users\ASUS\Desktop\SEGURA EP\BITSAC\.venv\Lib\site-packages\pip\_vendor\rich\tree.py","9451",".py"
"C:\Users\ASUS\Desktop\SEGURA EP\BITSAC\.venv\Lib\site-packages\pip\_vendor\rich\_cell_widths.py","10209",".py"
"C:\Users\ASUS\Desktop\SEGURA EP\BITSAC\.venv\Lib\site-packages\pip\_vendor\rich\_emoji_codes.py","140235",".py"
"C:\Users\ASUS\Desktop\SEGURA EP\BITSAC\.venv\Lib\site-packages\pip\_vendor\rich\_emoji_replace.py","1064",".py"
"C:\Users\ASUS\Desktop\SEGURA EP\BITSAC\.venv\Lib\site-packages\pip\_vendor\rich\_export_format.py","2128",".py"
"C:\Users\ASUS\Desktop\SEGURA EP\BITSAC\.venv\Lib\site-packages\pip\_vendor\rich\_extension.py","265",".py"
"C:\Users\ASUS\Desktop\SEGURA EP\BITSAC\.venv\Lib\site-packages\pip\_vendor\rich\_fileno.py","799",".py"
"C:\Users\ASUS\Desktop\SEGURA EP\BITSAC\.venv\Lib\site-packages\pip\_vendor\rich\_inspect.py","9656",".py"
"C:\Users\ASUS\Desktop\SEGURA EP\BITSAC\.venv\Lib\site-packages\pip\_vendor\rich\_log_render.py","3225",".py"
"C:\Users\ASUS\Desktop\SEGURA EP\BITSAC\.venv\Lib\site-packages\pip\_vendor\rich\_loop.py","1236",".py"
"C:\Users\ASUS\Desktop\SEGURA EP\BITSAC\.venv\Lib\site-packages\pip\_vendor\rich\_null_file.py","1394",".py"
"C:\Users\ASUS\Desktop\SEGURA EP\BITSAC\.venv\Lib\site-packages\pip\_vendor\rich\_palettes.py","7063",".py"
"C:\Users\ASUS\Desktop\SEGURA EP\BITSAC\.venv\Lib\site-packages\pip\_vendor\rich\_pick.py","423",".py"
"C:\Users\ASUS\Desktop\SEGURA EP\BITSAC\.venv\Lib\site-packages\pip\_vendor\rich\_ratio.py","5325",".py"
"C:\Users\ASUS\Desktop\SEGURA EP\BITSAC\.venv\Lib\site-packages\pip\_vendor\rich\_spinners.py","19919",".py"
"C:\Users\ASUS\Desktop\SEGURA EP\BITSAC\.venv\Lib\site-packages\pip\_vendor\rich\_stack.py","351",".py"
"C:\Users\ASUS\Desktop\SEGURA EP\BITSAC\.venv\Lib\site-packages\pip\_vendor\rich\_timer.py","417",".py"
"C:\Users\ASUS\Desktop\SEGURA EP\BITSAC\.venv\Lib\site-packages\pip\_vendor\rich\_win32_console.py","22755",".py"
"C:\Users\ASUS\Desktop\SEGURA EP\BITSAC\.venv\Lib\site-packages\pip\_vendor\rich\_windows.py","1925",".py"
"C:\Users\ASUS\Desktop\SEGURA EP\BITSAC\.venv\Lib\site-packages\pip\_vendor\rich\_windows_renderer.py","2783",".py"
"C:\Users\ASUS\Desktop\SEGURA EP\BITSAC\.venv\Lib\site-packages\pip\_vendor\rich\_wrap.py","3404",".py"
"C:\Users\ASUS\Desktop\SEGURA EP\BITSAC\.venv\Lib\site-packages\pip\_vendor\rich\__init__.py","6090",".py"
"C:\Users\ASUS\Desktop\SEGURA EP\BITSAC\.venv\Lib\site-packages\pip\_vendor\rich\__main__.py","7896",".py"
"C:\Users\ASUS\Desktop\SEGURA EP\BITSAC\.venv\Lib\site-packages\pip\_vendor\rich\__pycache__\abc.cpython-313.pyc","1689",".pyc"
"C:\Users\ASUS\Desktop\SEGURA EP\BITSAC\.venv\Lib\site-packages\pip\_vendor\rich\__pycache__\align.cpython-313.pyc","12424",".pyc"
"C:\Users\ASUS\Desktop\SEGURA EP\BITSAC\.venv\Lib\site-packages\pip\_vendor\rich\__pycache__\ansi.cpython-313.pyc","9261",".pyc"
"C:\Users\ASUS\Desktop\SEGURA EP\BITSAC\.venv\Lib\site-packages\pip\_vendor\rich\__pycache__\bar.cpython-313.pyc","4334",".pyc"
"C:\Users\ASUS\Desktop\SEGURA EP\BITSAC\.venv\Lib\site-packages\pip\_vendor\rich\__pycache__\box.cpython-313.pyc","11674",".pyc"
"C:\Users\ASUS\Desktop\SEGURA EP\BITSAC\.venv\Lib\site-packages\pip\_vendor\rich\__pycache__\cells.cpython-313.pyc","5504",".pyc"
"C:\Users\ASUS\Desktop\SEGURA EP\BITSAC\.venv\Lib\site-packages\pip\_vendor\rich\__pycache__\color.cpython-313.pyc","26531",".pyc"
"C:\Users\ASUS\Desktop\SEGURA EP\BITSAC\.venv\Lib\site-packages\pip\_vendor\rich\__pycache__\color_triplet.cpython-313.pyc","1706",".pyc"
"C:\Users\ASUS\Desktop\SEGURA EP\BITSAC\.venv\Lib\site-packages\pip\_vendor\rich\__pycache__\columns.cpython-313.pyc","8717",".pyc"
"C:\Users\ASUS\Desktop\SEGURA EP\BITSAC\.venv\Lib\site-packages\pip\_vendor\rich\__pycache__\console.cpython-313.pyc","114224",".pyc"
"C:\Users\ASUS\Desktop\SEGURA EP\BITSAC\.venv\Lib\site-packages\pip\_vendor\rich\__pycache__\constrain.cpython-313.pyc","2312",".pyc"
"C:\Users\ASUS\Desktop\SEGURA EP\BITSAC\.venv\Lib\site-packages\pip\_vendor\rich\__pycache__\containers.cpython-313.pyc","9255",".pyc"
"C:\Users\ASUS\Desktop\SEGURA EP\BITSAC\.venv\Lib\site-packages\pip\_vendor\rich\__pycache__\control.cpython-313.pyc","10767",".pyc"
"C:\Users\ASUS\Desktop\SEGURA EP\BITSAC\.venv\Lib\site-packages\pip\_vendor\rich\__pycache__\default_styles.cpython-313.pyc","9696",".pyc"
"C:\Users\ASUS\Desktop\SEGURA EP\BITSAC\.venv\Lib\site-packages\pip\_vendor\rich\__pycache__\diagnose.cpython-313.pyc","1528",".pyc"
"C:\Users\ASUS\Desktop\SEGURA EP\BITSAC\.venv\Lib\site-packages\pip\_vendor\rich\__pycache__\emoji.cpython-313.pyc","4118",".pyc"
"C:\Users\ASUS\Desktop\SEGURA EP\BITSAC\.venv\Lib\site-packages\pip\_vendor\rich\__pycache__\errors.cpython-313.pyc","2048",".pyc"
"C:\Users\ASUS\Desktop\SEGURA EP\BITSAC\.venv\Lib\site-packages\pip\_vendor\rich\__pycache__\filesize.cpython-313.pyc","2958",".pyc"
"C:\Users\ASUS\Desktop\SEGURA EP\BITSAC\.venv\Lib\site-packages\pip\_vendor\rich\__pycache__\file_proxy.cpython-313.pyc","3708",".pyc"
"C:\Users\ASUS\Desktop\SEGURA EP\BITSAC\.venv\Lib\site-packages\pip\_vendor\rich\__pycache__\highlighter.cpython-313.pyc","9978",".pyc"
"C:\Users\ASUS\Desktop\SEGURA EP\BITSAC\.venv\Lib\site-packages\pip\_vendor\rich\__pycache__\json.cpython-313.pyc","5919",".pyc"
"C:\Users\ASUS\Desktop\SEGURA EP\BITSAC\.venv\Lib\site-packages\pip\_vendor\rich\__pycache__\jupyter.cpython-313.pyc","5391",".pyc"
"C:\Users\ASUS\Desktop\SEGURA EP\BITSAC\.venv\Lib\site-packages\pip\_vendor\rich\__pycache__\layout.cpython-313.pyc","20174",".pyc"
"C:\Users\ASUS\Desktop\SEGURA EP\BITSAC\.venv\Lib\site-packages\pip\_vendor\rich\__pycache__\live.cpython-313.pyc","20701",".pyc"
"C:\Users\ASUS\Desktop\SEGURA EP\BITSAC\.venv\Lib\site-packages\pip\_vendor\rich\__pycache__\live_render.cpython-313.pyc","4724",".pyc"
"C:\Users\ASUS\Desktop\SEGURA EP\BITSAC\.venv\Lib\site-packages\pip\_vendor\rich\__pycache__\logging.cpython-313.pyc","14030",".pyc"
"C:\Users\ASUS\Desktop\SEGURA EP\BITSAC\.venv\Lib\site-packages\pip\_vendor\rich\__pycache__\markup.cpython-313.pyc","9722",".pyc"
"C:\Users\ASUS\Desktop\SEGURA EP\BITSAC\.venv\Lib\site-packages\pip\_vendor\rich\__pycache__\measure.cpython-313.pyc","6199",".pyc"
"C:\Users\ASUS\Desktop\SEGURA EP\BITSAC\.venv\Lib\site-packages\pip\_vendor\rich\__pycache__\padding.cpython-313.pyc","6946",".pyc"
"C:\Users\ASUS\Desktop\SEGURA EP\BITSAC\.venv\Lib\site-packages\pip\_vendor\rich\__pycache__\pager.cpython-313.pyc","1886",".pyc"
"C:\Users\ASUS\Desktop\SEGURA EP\BITSAC\.venv\Lib\site-packages\pip\_vendor\rich\__pycache__\palette.cpython-313.pyc","5313",".pyc"
"C:\Users\ASUS\Desktop\SEGURA EP\BITSAC\.venv\Lib\site-packages\pip\_vendor\rich\__pycache__\panel.cpython-313.pyc","12706",".pyc"
"C:\Users\ASUS\Desktop\SEGURA EP\BITSAC\.venv\Lib\site-packages\pip\_vendor\rich\__pycache__\pretty.cpython-313.pyc","41285",".pyc"
"C:\Users\ASUS\Desktop\SEGURA EP\BITSAC\.venv\Lib\site-packages\pip\_vendor\rich\__pycache__\progress.cpython-313.pyc","74689",".pyc"
"C:\Users\ASUS\Desktop\SEGURA EP\BITSAC\.venv\Lib\site-packages\pip\_vendor\rich\__pycache__\progress_bar.cpython-313.pyc","10450",".pyc"
"C:\Users\ASUS\Desktop\SEGURA EP\BITSAC\.venv\Lib\site-packages\pip\_vendor\rich\__pycache__\prompt.cpython-313.pyc","15809",".pyc"
"C:\Users\ASUS\Desktop\SEGURA EP\BITSAC\.venv\Lib\site-packages\pip\_vendor\rich\__pycache__\protocol.cpython-313.pyc","1869",".pyc"
"C:\Users\ASUS\Desktop\SEGURA EP\BITSAC\.venv\Lib\site-packages\pip\_vendor\rich\__pycache__\region.cpython-313.pyc","626",".pyc"
"C:\Users\ASUS\Desktop\SEGURA EP\BITSAC\.venv\Lib\site-packages\pip\_vendor\rich\__pycache__\repr.cpython-313.pyc","6746",".pyc"
"C:\Users\ASUS\Desktop\SEGURA EP\BITSAC\.venv\Lib\site-packages\pip\_vendor\rich\__pycache__\rule.cpython-313.pyc","6620",".pyc"
"C:\Users\ASUS\Desktop\SEGURA EP\BITSAC\.venv\Lib\site-packages\pip\_vendor\rich\__pycache__\scope.cpython-313.pyc","3795",".pyc"
"C:\Users\ASUS\Desktop\SEGURA EP\BITSAC\.venv\Lib\site-packages\pip\_vendor\rich\__pycache__\screen.cpython-313.pyc","2551",".pyc"
"C:\Users\ASUS\Desktop\SEGURA EP\BITSAC\.venv\Lib\site-packages\pip\_vendor\rich\__pycache__\segment.cpython-313.pyc","28277",".pyc"
"C:\Users\ASUS\Desktop\SEGURA EP\BITSAC\.venv\Lib\site-packages\pip\_vendor\rich\__pycache__\spinner.cpython-313.pyc","6001",".pyc"
"C:\Users\ASUS\Desktop\SEGURA EP\BITSAC\.venv\Lib\site-packages\pip\_vendor\rich\__pycache__\status.cpython-313.pyc","6027",".pyc"
"C:\Users\ASUS\Desktop\SEGURA EP\BITSAC\.venv\Lib\site-packages\pip\_vendor\rich\__pycache__\style.cpython-313.pyc","34344",".pyc"
"C:\Users\ASUS\Desktop\SEGURA EP\BITSAC\.venv\Lib\site-packages\pip\_vendor\rich\__pycache__\styled.cpython-313.pyc","2188",".pyc"
"C:\Users\ASUS\Desktop\SEGURA EP\BITSAC\.venv\Lib\site-packages\pip\_vendor\rich\__pycache__\syntax.cpython-313.pyc","40649",".pyc"
"C:\Users\ASUS\Desktop\SEGURA EP\BITSAC\.venv\Lib\site-packages\pip\_vendor\rich\__pycache__\table.cpython-313.pyc","44335",".pyc"
"C:\Users\ASUS\Desktop\SEGURA EP\BITSAC\.venv\Lib\site-packages\pip\_vendor\rich\__pycache__\terminal_theme.cpython-313.pyc","3407",".pyc"
"C:\Users\ASUS\Desktop\SEGURA EP\BITSAC\.venv\Lib\site-packages\pip\_vendor\rich\__pycache__\text.cpython-313.pyc","60286",".pyc"
"C:\Users\ASUS\Desktop\SEGURA EP\BITSAC\.venv\Lib\site-packages\pip\_vendor\rich\__pycache__\theme.cpython-313.pyc","6323",".pyc"
"C:\Users\ASUS\Desktop\SEGURA EP\BITSAC\.venv\Lib\site-packages\pip\_vendor\rich\__pycache__\themes.cpython-313.pyc","315",".pyc"
"C:\Users\ASUS\Desktop\SEGURA EP\BITSAC\.venv\Lib\site-packages\pip\_vendor\rich\__pycache__\traceback.cpython-313.pyc","36564",".pyc"
"C:\Users\ASUS\Desktop\SEGURA EP\BITSAC\.venv\Lib\site-packages\pip\_vendor\rich\__pycache__\tree.cpython-313.pyc","11920",".pyc"
"C:\Users\ASUS\Desktop\SEGURA EP\BITSAC\.venv\Lib\site-packages\pip\_vendor\rich\__pycache__\_cell_widths.cpython-313.pyc","7873",".pyc"
"C:\Users\ASUS\Desktop\SEGURA EP\BITSAC\.venv\Lib\site-packages\pip\_vendor\rich\__pycache__\_emoji_codes.cpython-313.pyc","205977",".pyc"
"C:\Users\ASUS\Desktop\SEGURA EP\BITSAC\.venv\Lib\site-packages\pip\_vendor\rich\__pycache__\_emoji_replace.cpython-313.pyc","1745",".pyc"
"C:\Users\ASUS\Desktop\SEGURA EP\BITSAC\.venv\Lib\site-packages\pip\_vendor\rich\__pycache__\_export_format.cpython-313.pyc","2350",".pyc"
"C:\Users\ASUS\Desktop\SEGURA EP\BITSAC\.venv\Lib\site-packages\pip\_vendor\rich\__pycache__\_extension.cpython-313.pyc","540",".pyc"
"C:\Users\ASUS\Desktop\SEGURA EP\BITSAC\.venv\Lib\site-packages\pip\_vendor\rich\__pycache__\_fileno.cpython-313.pyc","842",".pyc"
"C:\Users\ASUS\Desktop\SEGURA EP\BITSAC\.venv\Lib\site-packages\pip\_vendor\rich\__pycache__\_inspect.cpython-313.pyc","12297",".pyc"
"C:\Users\ASUS\Desktop\SEGURA EP\BITSAC\.venv\Lib\site-packages\pip\_vendor\rich\__pycache__\_log_render.cpython-313.pyc","4326",".pyc"
"C:\Users\ASUS\Desktop\SEGURA EP\BITSAC\.venv\Lib\site-packages\pip\_vendor\rich\__pycache__\_loop.cpython-313.pyc","1901",".pyc"
"C:\Users\ASUS\Desktop\SEGURA EP\BITSAC\.venv\Lib\site-packages\pip\_vendor\rich\__pycache__\_null_file.cpython-313.pyc","3736",".pyc"
"C:\Users\ASUS\Desktop\SEGURA EP\BITSAC\.venv\Lib\site-packages\pip\_vendor\rich\__pycache__\_palettes.cpython-313.pyc","5161",".pyc"
"C:\Users\ASUS\Desktop\SEGURA EP\BITSAC\.venv\Lib\site-packages\pip\_vendor\rich\__pycache__\_pick.cpython-313.pyc","720",".pyc"
"C:\Users\ASUS\Desktop\SEGURA EP\BITSAC\.venv\Lib\site-packages\pip\_vendor\rich\__pycache__\_ratio.cpython-313.pyc","6452",".pyc"
"C:\Users\ASUS\Desktop\SEGURA EP\BITSAC\.venv\Lib\site-packages\pip\_vendor\rich\__pycache__\_spinners.cpython-313.pyc","13180",".pyc"
"C:\Users\ASUS\Desktop\SEGURA EP\BITSAC\.venv\Lib\site-packages\pip\_vendor\rich\__pycache__\_stack.cpython-313.pyc","1028",".pyc"
"C:\Users\ASUS\Desktop\SEGURA EP\BITSAC\.venv\Lib\site-packages\pip\_vendor\rich\__pycache__\_timer.cpython-313.pyc","869",".pyc"
"C:\Users\ASUS\Desktop\SEGURA EP\BITSAC\.venv\Lib\site-packages\pip\_vendor\rich\__pycache__\_win32_console.cpython-313.pyc","28340",".pyc"
"C:\Users\ASUS\Desktop\SEGURA EP\BITSAC\.venv\Lib\site-packages\pip\_vendor\rich\__pycache__\_windows.cpython-313.pyc","2567",".pyc"
"C:\Users\ASUS\Desktop\SEGURA EP\BITSAC\.venv\Lib\site-packages\pip\_vendor\rich\__pycache__\_windows_renderer.cpython-313.pyc","3614",".pyc"
"C:\Users\ASUS\Desktop\SEGURA EP\BITSAC\.venv\Lib\site-packages\pip\_vendor\rich\__pycache__\_wrap.cpython-313.pyc","3326",".pyc"
"C:\Users\ASUS\Desktop\SEGURA EP\BITSAC\.venv\Lib\site-packages\pip\_vendor\rich\__pycache__\__init__.cpython-313.pyc","6875",".pyc"
"C:\Users\ASUS\Desktop\SEGURA EP\BITSAC\.venv\Lib\site-packages\pip\_vendor\rich\__pycache__\__main__.cpython-313.pyc","9464",".pyc"
"C:\Users\ASUS\Desktop\SEGURA EP\BITSAC\.venv\Lib\site-packages\pip\_vendor\tomli\__pycache__",,""
"C:\Users\ASUS\Desktop\SEGURA EP\BITSAC\.venv\Lib\site-packages\pip\_vendor\tomli\LICENSE","1072",""
"C:\Users\ASUS\Desktop\SEGURA EP\BITSAC\.venv\Lib\site-packages\pip\_vendor\tomli\py.typed","26",".typed"
"C:\Users\ASUS\Desktop\SEGURA EP\BITSAC\.venv\Lib\site-packages\pip\_vendor\tomli\_parser.py","26232",".py"
"C:\Users\ASUS\Desktop\SEGURA EP\BITSAC\.venv\Lib\site-packages\pip\_vendor\tomli\_re.py","3235",".py"
"C:\Users\ASUS\Desktop\SEGURA EP\BITSAC\.venv\Lib\site-packages\pip\_vendor\tomli\_types.py","254",".py"
"C:\Users\ASUS\Desktop\SEGURA EP\BITSAC\.venv\Lib\site-packages\pip\_vendor\tomli\__init__.py","314",".py"
"C:\Users\ASUS\Desktop\SEGURA EP\BITSAC\.venv\Lib\site-packages\pip\_vendor\tomli\__pycache__\_parser.cpython-313.pyc","29919",".pyc"
"C:\Users\ASUS\Desktop\SEGURA EP\BITSAC\.venv\Lib\site-packages\pip\_vendor\tomli\__pycache__\_re.cpython-313.pyc","4075",".pyc"
"C:\Users\ASUS\Desktop\SEGURA EP\BITSAC\.venv\Lib\site-packages\pip\_vendor\tomli\__pycache__\_types.cpython-313.pyc","367",".pyc"
"C:\Users\ASUS\Desktop\SEGURA EP\BITSAC\.venv\Lib\site-packages\pip\_vendor\tomli\__pycache__\__init__.cpython-313.pyc","339",".pyc"
"C:\Users\ASUS\Desktop\SEGURA EP\BITSAC\.venv\Lib\site-packages\pip\_vendor\tomli_w\__pycache__",,""
"C:\Users\ASUS\Desktop\SEGURA EP\BITSAC\.venv\Lib\site-packages\pip\_vendor\tomli_w\LICENSE","1072",""
"C:\Users\ASUS\Desktop\SEGURA EP\BITSAC\.venv\Lib\site-packages\pip\_vendor\tomli_w\py.typed","26",".typed"
"C:\Users\ASUS\Desktop\SEGURA EP\BITSAC\.venv\Lib\site-packages\pip\_vendor\tomli_w\_writer.py","6961",".py"
"C:\Users\ASUS\Desktop\SEGURA EP\BITSAC\.venv\Lib\site-packages\pip\_vendor\tomli_w\__init__.py","169",".py"
"C:\Users\ASUS\Desktop\SEGURA EP\BITSAC\.venv\Lib\site-packages\pip\_vendor\tomli_w\__pycache__\_writer.cpython-313.pyc","10785",".pyc"
"C:\Users\ASUS\Desktop\SEGURA EP\BITSAC\.venv\Lib\site-packages\pip\_vendor\tomli_w\__pycache__\__init__.cpython-313.pyc","328",".pyc"
"C:\Users\ASUS\Desktop\SEGURA EP\BITSAC\.venv\Lib\site-packages\pip\_vendor\truststore\__pycache__",,""
"C:\Users\ASUS\Desktop\SEGURA EP\BITSAC\.venv\Lib\site-packages\pip\_vendor\truststore\LICENSE","1086",""
"C:\Users\ASUS\Desktop\SEGURA EP\BITSAC\.venv\Lib\site-packages\pip\_vendor\truststore\py.typed","0",".typed"
"C:\Users\ASUS\Desktop\SEGURA EP\BITSAC\.venv\Lib\site-packages\pip\_vendor\truststore\_api.py","11413",".py"
"C:\Users\ASUS\Desktop\SEGURA EP\BITSAC\.venv\Lib\site-packages\pip\_vendor\truststore\_macos.py","20503",".py"
"C:\Users\ASUS\Desktop\SEGURA EP\BITSAC\.venv\Lib\site-packages\pip\_vendor\truststore\_openssl.py","2412",".py"
"C:\Users\ASUS\Desktop\SEGURA EP\BITSAC\.venv\Lib\site-packages\pip\_vendor\truststore\_ssl_constants.py","1130",".py"
"C:\Users\ASUS\Desktop\SEGURA EP\BITSAC\.venv\Lib\site-packages\pip\_vendor\truststore\_windows.py","17993",".py"
"C:\Users\ASUS\Desktop\SEGURA EP\BITSAC\.venv\Lib\site-packages\pip\_vendor\truststore\__init__.py","1320",".py"
"C:\Users\ASUS\Desktop\SEGURA EP\BITSAC\.venv\Lib\site-packages\pip\_vendor\truststore\__pycache__\_api.cpython-313.pyc","17555",".pyc"
"C:\Users\ASUS\Desktop\SEGURA EP\BITSAC\.venv\Lib\site-packages\pip\_vendor\truststore\__pycache__\_macos.cpython-313.pyc","19302",".pyc"
"C:\Users\ASUS\Desktop\SEGURA EP\BITSAC\.venv\Lib\site-packages\pip\_vendor\truststore\__pycache__\_openssl.cpython-313.pyc","2340",".pyc"
"C:\Users\ASUS\Desktop\SEGURA EP\BITSAC\.venv\Lib\site-packages\pip\_vendor\truststore\__pycache__\_ssl_constants.cpython-313.pyc","1100",".pyc"
"C:\Users\ASUS\Desktop\SEGURA EP\BITSAC\.venv\Lib\site-packages\pip\_vendor\truststore\__pycache__\_windows.cpython-313.pyc","16246",".pyc"
"C:\Users\ASUS\Desktop\SEGURA EP\BITSAC\.venv\Lib\site-packages\pip\_vendor\truststore\__pycache__\__init__.cpython-313.pyc","1489",".pyc"
"C:\Users\ASUS\Desktop\SEGURA EP\BITSAC\.venv\Lib\site-packages\pip\_vendor\urllib3\contrib",,""
"C:\Users\ASUS\Desktop\SEGURA EP\BITSAC\.venv\Lib\site-packages\pip\_vendor\urllib3\http2",,""
"C:\Users\ASUS\Desktop\SEGURA EP\BITSAC\.venv\Lib\site-packages\pip\_vendor\urllib3\util",,""
"C:\Users\ASUS\Desktop\SEGURA EP\BITSAC\.venv\Lib\site-packages\pip\_vendor\urllib3\__pycache__",,""
"C:\Users\ASUS\Desktop\SEGURA EP\BITSAC\.venv\Lib\site-packages\pip\_vendor\urllib3\connection.py","42800",".py"
"C:\Users\ASUS\Desktop\SEGURA EP\BITSAC\.venv\Lib\site-packages\pip\_vendor\urllib3\connectionpool.py","43371",".py"
"C:\Users\ASUS\Desktop\SEGURA EP\BITSAC\.venv\Lib\site-packages\pip\_vendor\urllib3\exceptions.py","9952",".py"
"C:\Users\ASUS\Desktop\SEGURA EP\BITSAC\.venv\Lib\site-packages\pip\_vendor\urllib3\fields.py","10829",".py"
"C:\Users\ASUS\Desktop\SEGURA EP\BITSAC\.venv\Lib\site-packages\pip\_vendor\urllib3\filepost.py","2388",".py"
"C:\Users\ASUS\Desktop\SEGURA EP\BITSAC\.venv\Lib\site-packages\pip\_vendor\urllib3\LICENSE.txt","1093",".txt"
"C:\Users\ASUS\Desktop\SEGURA EP\BITSAC\.venv\Lib\site-packages\pip\_vendor\urllib3\poolmanager.py","23845",".py"
"C:\Users\ASUS\Desktop\SEGURA EP\BITSAC\.venv\Lib\site-packages\pip\_vendor\urllib3\py.typed","93",".typed"
"C:\Users\ASUS\Desktop\SEGURA EP\BITSAC\.venv\Lib\site-packages\pip\_vendor\urllib3\response.py","52743",".py"
"C:\Users\ASUS\Desktop\SEGURA EP\BITSAC\.venv\Lib\site-packages\pip\_vendor\urllib3\_base_connection.py","5568",".py"
"C:\Users\ASUS\Desktop\SEGURA EP\BITSAC\.venv\Lib\site-packages\pip\_vendor\urllib3\_collections.py","17595",".py"
"C:\Users\ASUS\Desktop\SEGURA EP\BITSAC\.venv\Lib\site-packages\pip\_vendor\urllib3\_request_methods.py","9931",".py"
"C:\Users\ASUS\Desktop\SEGURA EP\BITSAC\.venv\Lib\site-packages\pip\_vendor\urllib3\_version.py","704",".py"
"C:\Users\ASUS\Desktop\SEGURA EP\BITSAC\.venv\Lib\site-packages\pip\_vendor\urllib3\__init__.py","6979",".py"
"C:\Users\ASUS\Desktop\SEGURA EP\BITSAC\.venv\Lib\site-packages\pip\_vendor\urllib3\contrib\emscripten",,""
"C:\Users\ASUS\Desktop\SEGURA EP\BITSAC\.venv\Lib\site-packages\pip\_vendor\urllib3\contrib\__pycache__",,""
"C:\Users\ASUS\Desktop\SEGURA EP\BITSAC\.venv\Lib\site-packages\pip\_vendor\urllib3\contrib\pyopenssl.py","19750",".py"
"C:\Users\ASUS\Desktop\SEGURA EP\BITSAC\.venv\Lib\site-packages\pip\_vendor\urllib3\contrib\socks.py","7547",".py"
"C:\Users\ASUS\Desktop\SEGURA EP\BITSAC\.venv\Lib\site-packages\pip\_vendor\urllib3\contrib\__init__.py","0",".py"
"C:\Users\ASUS\Desktop\SEGURA EP\BITSAC\.venv\Lib\site-packages\pip\_vendor\urllib3\contrib\emscripten\__pycache__",,""
"C:\Users\ASUS\Desktop\SEGURA EP\BITSAC\.venv\Lib\site-packages\pip\_vendor\urllib3\contrib\emscripten\connection.py","8960",".py"
"C:\Users\ASUS\Desktop\SEGURA EP\BITSAC\.venv\Lib\site-packages\pip\_vendor\urllib3\contrib\emscripten\emscripten_fetch_worker.js","3677",".js"
"C:\Users\ASUS\Desktop\SEGURA EP\BITSAC\.venv\Lib\site-packages\pip\_vendor\urllib3\contrib\emscripten\fetch.py","23520",".py"
"C:\Users\ASUS\Desktop\SEGURA EP\BITSAC\.venv\Lib\site-packages\pip\_vendor\urllib3\contrib\emscripten\request.py","566",".py"
"C:\Users\ASUS\Desktop\SEGURA EP\BITSAC\.venv\Lib\site-packages\pip\_vendor\urllib3\contrib\emscripten\response.py","9507",".py"
"C:\Users\ASUS\Desktop\SEGURA EP\BITSAC\.venv\Lib\site-packages\pip\_vendor\urllib3\contrib\emscripten\__init__.py","870",".py"
"C:\Users\ASUS\Desktop\SEGURA EP\BITSAC\.venv\Lib\site-packages\pip\_vendor\urllib3\contrib\emscripten\__pycache__\connection.cpython-313.pyc","10666",".pyc"
"C:\Users\ASUS\Desktop\SEGURA EP\BITSAC\.venv\Lib\site-packages\pip\_vendor\urllib3\contrib\emscripten\__pycache__\fetch.cpython-313.pyc","29177",".pyc"
"C:\Users\ASUS\Desktop\SEGURA EP\BITSAC\.venv\Lib\site-packages\pip\_vendor\urllib3\contrib\emscripten\__pycache__\request.cpython-313.pyc","1475",".pyc"
"C:\Users\ASUS\Desktop\SEGURA EP\BITSAC\.venv\Lib\site-packages\pip\_vendor\urllib3\contrib\emscripten\__pycache__\response.cpython-313.pyc","12377",".pyc"
"C:\Users\ASUS\Desktop\SEGURA EP\BITSAC\.venv\Lib\site-packages\pip\_vendor\urllib3\contrib\emscripten\__pycache__\__init__.cpython-313.pyc","978",".pyc"
"C:\Users\ASUS\Desktop\SEGURA EP\BITSAC\.venv\Lib\site-packages\pip\_vendor\urllib3\contrib\__pycache__\pyopenssl.cpython-313.pyc","28622",".pyc"
"C:\Users\ASUS\Desktop\SEGURA EP\BITSAC\.venv\Lib\site-packages\pip\_vendor\urllib3\contrib\__pycache__\socks.cpython-313.pyc","8418",".pyc"
"C:\Users\ASUS\Desktop\SEGURA EP\BITSAC\.venv\Lib\site-packages\pip\_vendor\urllib3\contrib\__pycache__\__init__.cpython-313.pyc","199",".pyc"
"C:\Users\ASUS\Desktop\SEGURA EP\BITSAC\.venv\Lib\site-packages\pip\_vendor\urllib3\http2\__pycache__",,""
"C:\Users\ASUS\Desktop\SEGURA EP\BITSAC\.venv\Lib\site-packages\pip\_vendor\urllib3\http2\connection.py","12578",".py"
"C:\Users\ASUS\Desktop\SEGURA EP\BITSAC\.venv\Lib\site-packages\pip\_vendor\urllib3\http2\probe.py","3014",".py"
"C:\Users\ASUS\Desktop\SEGURA EP\BITSAC\.venv\Lib\site-packages\pip\_vendor\urllib3\http2\__init__.py","1741",".py"
"C:\Users\ASUS\Desktop\SEGURA EP\BITSAC\.venv\Lib\site-packages\pip\_vendor\urllib3\http2\__pycache__\connection.cpython-313.pyc","17438",".pyc"
"C:\Users\ASUS\Desktop\SEGURA EP\BITSAC\.venv\Lib\site-packages\pip\_vendor\urllib3\http2\__pycache__\probe.cpython-313.pyc","3796",".pyc"
"C:\Users\ASUS\Desktop\SEGURA EP\BITSAC\.venv\Lib\site-packages\pip\_vendor\urllib3\http2\__pycache__\__init__.cpython-313.pyc","1761",".pyc"
"C:\Users\ASUS\Desktop\SEGURA EP\BITSAC\.venv\Lib\site-packages\pip\_vendor\urllib3\util\__pycache__",,""
"C:\Users\ASUS\Desktop\SEGURA EP\BITSAC\.venv\Lib\site-packages\pip\_vendor\urllib3\util\connection.py","4444",".py"
"C:\Users\ASUS\Desktop\SEGURA EP\BITSAC\.venv\Lib\site-packages\pip\_vendor\urllib3\util\proxy.py","1148",".py"
"C:\Users\ASUS\Desktop\SEGURA EP\BITSAC\.venv\Lib\site-packages\pip\_vendor\urllib3\util\request.py","8086",".py"
"C:\Users\ASUS\Desktop\SEGURA EP\BITSAC\.venv\Lib\site-packages\pip\_vendor\urllib3\util\response.py","3374",".py"
"C:\Users\ASUS\Desktop\SEGURA EP\BITSAC\.venv\Lib\site-packages\pip\_vendor\urllib3\util\retry.py","19235",".py"
"C:\Users\ASUS\Desktop\SEGURA EP\BITSAC\.venv\Lib\site-packages\pip\_vendor\urllib3\util\ssltransport.py","8847",".py"
"C:\Users\ASUS\Desktop\SEGURA EP\BITSAC\.venv\Lib\site-packages\pip\_vendor\urllib3\util\ssl_.py","19929",".py"
"C:\Users\ASUS\Desktop\SEGURA EP\BITSAC\.venv\Lib\site-packages\pip\_vendor\urllib3\util\ssl_match_hostname.py","5845",".py"
"C:\Users\ASUS\Desktop\SEGURA EP\BITSAC\.venv\Lib\site-packages\pip\_vendor\urllib3\util\timeout.py","10363",".py"
"C:\Users\ASUS\Desktop\SEGURA EP\BITSAC\.venv\Lib\site-packages\pip\_vendor\urllib3\util\url.py","15256",".py"
"C:\Users\ASUS\Desktop\SEGURA EP\BITSAC\.venv\Lib\site-packages\pip\_vendor\urllib3\util\util.py","1146",".py"
"C:\Users\ASUS\Desktop\SEGURA EP\BITSAC\.venv\Lib\site-packages\pip\_vendor\urllib3\util\wait.py","4423",".py"
"C:\Users\ASUS\Desktop\SEGURA EP\BITSAC\.venv\Lib\site-packages\pip\_vendor\urllib3\util\__init__.py","1001",".py"
"C:\Users\ASUS\Desktop\SEGURA EP\BITSAC\.venv\Lib\site-packages\pip\_vendor\urllib3\util\__pycache__\connection.cpython-313.pyc","4742",".pyc"
"C:\Users\ASUS\Desktop\SEGURA EP\BITSAC\.venv\Lib\site-packages\pip\_vendor\urllib3\util\__pycache__\proxy.cpython-313.pyc","1232",".pyc"
"C:\Users\ASUS\Desktop\SEGURA EP\BITSAC\.venv\Lib\site-packages\pip\_vendor\urllib3\util\__pycache__\request.cpython-313.pyc","8200",".pyc"
"C:\Users\ASUS\Desktop\SEGURA EP\BITSAC\.venv\Lib\site-packages\pip\_vendor\urllib3\util\__pycache__\response.cpython-313.pyc","2911",".pyc"
"C:\Users\ASUS\Desktop\SEGURA EP\BITSAC\.venv\Lib\site-packages\pip\_vendor\urllib3\util\__pycache__\retry.cpython-313.pyc","20802",".pyc"
"C:\Users\ASUS\Desktop\SEGURA EP\BITSAC\.venv\Lib\site-packages\pip\_vendor\urllib3\util\__pycache__\ssltransport.cpython-313.pyc","13453",".pyc"
"C:\Users\ASUS\Desktop\SEGURA EP\BITSAC\.venv\Lib\site-packages\pip\_vendor\urllib3\util\__pycache__\ssl_.cpython-313.pyc","17380",".pyc"
"C:\Users\ASUS\Desktop\SEGURA EP\BITSAC\.venv\Lib\site-packages\pip\_vendor\urllib3\util\__pycache__\ssl_match_hostname.cpython-313.pyc","5738",".pyc"
"C:\Users\ASUS\Desktop\SEGURA EP\BITSAC\.venv\Lib\site-packages\pip\_vendor\urllib3\util\__pycache__\timeout.cpython-313.pyc","11322",".pyc"
"C:\Users\ASUS\Desktop\SEGURA EP\BITSAC\.venv\Lib\site-packages\pip\_vendor\urllib3\util\__pycache__\url.cpython-313.pyc","16355",".pyc"
"C:\Users\ASUS\Desktop\SEGURA EP\BITSAC\.venv\Lib\site-packages\pip\_vendor\urllib3\util\__pycache__\util.cpython-313.pyc","2135",".pyc"
"C:\Users\ASUS\Desktop\SEGURA EP\BITSAC\.venv\Lib\site-packages\pip\_vendor\urllib3\util\__pycache__\wait.cpython-313.pyc","3559",".pyc"
"C:\Users\ASUS\Desktop\SEGURA EP\BITSAC\.venv\Lib\site-packages\pip\_vendor\urllib3\util\__pycache__\__init__.cpython-313.pyc","1012",".pyc"
"C:\Users\ASUS\Desktop\SEGURA EP\BITSAC\.venv\Lib\site-packages\pip\_vendor\urllib3\__pycache__\connection.cpython-313.pyc","39319",".pyc"
"C:\Users\ASUS\Desktop\SEGURA EP\BITSAC\.venv\Lib\site-packages\pip\_vendor\urllib3\__pycache__\connectionpool.cpython-313.pyc","39128",".pyc"
"C:\Users\ASUS\Desktop\SEGURA EP\BITSAC\.venv\Lib\site-packages\pip\_vendor\urllib3\__pycache__\exceptions.cpython-313.pyc","17430",".pyc"
"C:\Users\ASUS\Desktop\SEGURA EP\BITSAC\.venv\Lib\site-packages\pip\_vendor\urllib3\__pycache__\fields.cpython-313.pyc","11615",".pyc"
"C:\Users\ASUS\Desktop\SEGURA EP\BITSAC\.venv\Lib\site-packages\pip\_vendor\urllib3\__pycache__\filepost.cpython-313.pyc","3504",".pyc"
"C:\Users\ASUS\Desktop\SEGURA EP\BITSAC\.venv\Lib\site-packages\pip\_vendor\urllib3\__pycache__\poolmanager.cpython-313.pyc","23964",".pyc"
"C:\Users\ASUS\Desktop\SEGURA EP\BITSAC\.venv\Lib\site-packages\pip\_vendor\urllib3\__pycache__\response.cpython-313.pyc","58454",".pyc"
"C:\Users\ASUS\Desktop\SEGURA EP\BITSAC\.venv\Lib\site-packages\pip\_vendor\urllib3\__pycache__\_base_connection.cpython-313.pyc","6975",".pyc"
"C:\Users\ASUS\Desktop\SEGURA EP\BITSAC\.venv\Lib\site-packages\pip\_vendor\urllib3\__pycache__\_collections.cpython-313.pyc","23151",".pyc"
"C:\Users\ASUS\Desktop\SEGURA EP\BITSAC\.venv\Lib\site-packages\pip\_vendor\urllib3\__pycache__\_request_methods.cpython-313.pyc","9969",".pyc"
"C:\Users\ASUS\Desktop\SEGURA EP\BITSAC\.venv\Lib\site-packages\pip\_vendor\urllib3\__pycache__\_version.cpython-313.pyc","809",".pyc"
"C:\Users\ASUS\Desktop\SEGURA EP\BITSAC\.venv\Lib\site-packages\pip\_vendor\urllib3\__pycache__\__init__.cpython-313.pyc","7132",".pyc"
"C:\Users\ASUS\Desktop\SEGURA EP\BITSAC\.venv\Lib\site-packages\pip\_vendor\__pycache__\__init__.cpython-313.pyc","4595",".pyc"
"C:\Users\ASUS\Desktop\SEGURA EP\BITSAC\.venv\Lib\site-packages\pip\__pycache__\__init__.cpython-313.pyc","646",".pyc"
"C:\Users\ASUS\Desktop\SEGURA EP\BITSAC\.venv\Lib\site-packages\pip\__pycache__\__main__.cpython-313.pyc","889",".pyc"
"C:\Users\ASUS\Desktop\SEGURA EP\BITSAC\.venv\Lib\site-packages\pip\__pycache__\__pip-runner__.cpython-313.pyc","2281",".pyc"
"C:\Users\ASUS\Desktop\SEGURA EP\BITSAC\.venv\Lib\site-packages\pip-26.1.2.dist-info\licenses",,""
"C:\Users\ASUS\Desktop\SEGURA EP\BITSAC\.venv\Lib\site-packages\pip-26.1.2.dist-info\entry_points.txt","84",".txt"
"C:\Users\ASUS\Desktop\SEGURA EP\BITSAC\.venv\Lib\site-packages\pip-26.1.2.dist-info\INSTALLER","4",""
"C:\Users\ASUS\Desktop\SEGURA EP\BITSAC\.venv\Lib\site-packages\pip-26.1.2.dist-info\METADATA","4566",""
"C:\Users\ASUS\Desktop\SEGURA EP\BITSAC\.venv\Lib\site-packages\pip-26.1.2.dist-info\RECORD","67478",""
"C:\Users\ASUS\Desktop\SEGURA EP\BITSAC\.venv\Lib\site-packages\pip-26.1.2.dist-info\REQUESTED","0",""
"C:\Users\ASUS\Desktop\SEGURA EP\BITSAC\.venv\Lib\site-packages\pip-26.1.2.dist-info\WHEEL","82",""
"C:\Users\ASUS\Desktop\SEGURA EP\BITSAC\.venv\Lib\site-packages\pip-26.1.2.dist-info\licenses\src",,""
"C:\Users\ASUS\Desktop\SEGURA EP\BITSAC\.venv\Lib\site-packages\pip-26.1.2.dist-info\licenses\AUTHORS.txt","11869",".txt"
"C:\Users\ASUS\Desktop\SEGURA EP\BITSAC\.venv\Lib\site-packages\pip-26.1.2.dist-info\licenses\LICENSE.txt","1093",".txt"
"C:\Users\ASUS\Desktop\SEGURA EP\BITSAC\.venv\Lib\site-packages\pip-26.1.2.dist-info\licenses\src\pip",,""
"C:\Users\ASUS\Desktop\SEGURA EP\BITSAC\.venv\Lib\site-packages\pip-26.1.2.dist-info\licenses\src\pip\_vendor",,""
"C:\Users\ASUS\Desktop\SEGURA EP\BITSAC\.venv\Lib\site-packages\pip-26.1.2.dist-info\licenses\src\pip\_vendor\cachecontrol",,""
"C:\Users\ASUS\Desktop\SEGURA EP\BITSAC\.venv\Lib\site-packages\pip-26.1.2.dist-info\licenses\src\pip\_vendor\certifi",,""
"C:\Users\ASUS\Desktop\SEGURA EP\BITSAC\.venv\Lib\site-packages\pip-26.1.2.dist-info\licenses\src\pip\_vendor\distlib",,""
"C:\Users\ASUS\Desktop\SEGURA EP\BITSAC\.venv\Lib\site-packages\pip-26.1.2.dist-info\licenses\src\pip\_vendor\distro",,""
"C:\Users\ASUS\Desktop\SEGURA EP\BITSAC\.venv\Lib\site-packages\pip-26.1.2.dist-info\licenses\src\pip\_vendor\idna",,""
"C:\Users\ASUS\Desktop\SEGURA EP\BITSAC\.venv\Lib\site-packages\pip-26.1.2.dist-info\licenses\src\pip\_vendor\msgpack",,""
"C:\Users\ASUS\Desktop\SEGURA EP\BITSAC\.venv\Lib\site-packages\pip-26.1.2.dist-info\licenses\src\pip\_vendor\packaging",,""
"C:\Users\ASUS\Desktop\SEGURA EP\BITSAC\.venv\Lib\site-packages\pip-26.1.2.dist-info\licenses\src\pip\_vendor\pkg_resources",,""
"C:\Users\ASUS\Desktop\SEGURA EP\BITSAC\.venv\Lib\site-packages\pip-26.1.2.dist-info\licenses\src\pip\_vendor\platformdirs",,""
"C:\Users\ASUS\Desktop\SEGURA EP\BITSAC\.venv\Lib\site-packages\pip-26.1.2.dist-info\licenses\src\pip\_vendor\pygments",,""
"C:\Users\ASUS\Desktop\SEGURA EP\BITSAC\.venv\Lib\site-packages\pip-26.1.2.dist-info\licenses\src\pip\_vendor\pyproject_hooks",,""
"C:\Users\ASUS\Desktop\SEGURA EP\BITSAC\.venv\Lib\site-packages\pip-26.1.2.dist-info\licenses\src\pip\_vendor\requests",,""
"C:\Users\ASUS\Desktop\SEGURA EP\BITSAC\.venv\Lib\site-packages\pip-26.1.2.dist-info\licenses\src\pip\_vendor\resolvelib",,""
"C:\Users\ASUS\Desktop\SEGURA EP\BITSAC\.venv\Lib\site-packages\pip-26.1.2.dist-info\licenses\src\pip\_vendor\rich",,""
"C:\Users\ASUS\Desktop\SEGURA EP\BITSAC\.venv\Lib\site-packages\pip-26.1.2.dist-info\licenses\src\pip\_vendor\tomli",,""
"C:\Users\ASUS\Desktop\SEGURA EP\BITSAC\.venv\Lib\site-packages\pip-26.1.2.dist-info\licenses\src\pip\_vendor\tomli_w",,""
"C:\Users\ASUS\Desktop\SEGURA EP\BITSAC\.venv\Lib\site-packages\pip-26.1.2.dist-info\licenses\src\pip\_vendor\truststore",,""
"C:\Users\ASUS\Desktop\SEGURA EP\BITSAC\.venv\Lib\site-packages\pip-26.1.2.dist-info\licenses\src\pip\_vendor\urllib3",,""
"C:\Users\ASUS\Desktop\SEGURA EP\BITSAC\.venv\Lib\site-packages\pip-26.1.2.dist-info\licenses\src\pip\_vendor\cachecontrol\LICENSE.txt","558",".txt"
"C:\Users\ASUS\Desktop\SEGURA EP\BITSAC\.venv\Lib\site-packages\pip-26.1.2.dist-info\licenses\src\pip\_vendor\certifi\LICENSE","989",""
"C:\Users\ASUS\Desktop\SEGURA EP\BITSAC\.venv\Lib\site-packages\pip-26.1.2.dist-info\licenses\src\pip\_vendor\distlib\LICENSE.txt","14531",".txt"
"C:\Users\ASUS\Desktop\SEGURA EP\BITSAC\.venv\Lib\site-packages\pip-26.1.2.dist-info\licenses\src\pip\_vendor\distro\LICENSE","11325",""
"C:\Users\ASUS\Desktop\SEGURA EP\BITSAC\.venv\Lib\site-packages\pip-26.1.2.dist-info\licenses\src\pip\_vendor\idna\LICENSE.md","1541",".md"
"C:\Users\ASUS\Desktop\SEGURA EP\BITSAC\.venv\Lib\site-packages\pip-26.1.2.dist-info\licenses\src\pip\_vendor\msgpack\COPYING","614",""
"C:\Users\ASUS\Desktop\SEGURA EP\BITSAC\.venv\Lib\site-packages\pip-26.1.2.dist-info\licenses\src\pip\_vendor\packaging\LICENSE","197",""
"C:\Users\ASUS\Desktop\SEGURA EP\BITSAC\.venv\Lib\site-packages\pip-26.1.2.dist-info\licenses\src\pip\_vendor\packaging\LICENSE.APACHE","10174",".APACHE"
"C:\Users\ASUS\Desktop\SEGURA EP\BITSAC\.venv\Lib\site-packages\pip-26.1.2.dist-info\licenses\src\pip\_vendor\packaging\LICENSE.BSD","1344",".BSD"
"C:\Users\ASUS\Desktop\SEGURA EP\BITSAC\.venv\Lib\site-packages\pip-26.1.2.dist-info\licenses\src\pip\_vendor\pkg_resources\LICENSE","1023",""
"C:\Users\ASUS\Desktop\SEGURA EP\BITSAC\.venv\Lib\site-packages\pip-26.1.2.dist-info\licenses\src\pip\_vendor\platformdirs\LICENSE","1089",""
"C:\Users\ASUS\Desktop\SEGURA EP\BITSAC\.venv\Lib\site-packages\pip-26.1.2.dist-info\licenses\src\pip\_vendor\pygments\LICENSE","1331",""
"C:\Users\ASUS\Desktop\SEGURA EP\BITSAC\.venv\Lib\site-packages\pip-26.1.2.dist-info\licenses\src\pip\_vendor\pyproject_hooks\LICENSE","1081",""
"C:\Users\ASUS\Desktop\SEGURA EP\BITSAC\.venv\Lib\site-packages\pip-26.1.2.dist-info\licenses\src\pip\_vendor\requests\LICENSE","10142",""
"C:\Users\ASUS\Desktop\SEGURA EP\BITSAC\.venv\Lib\site-packages\pip-26.1.2.dist-info\licenses\src\pip\_vendor\resolvelib\LICENSE","751",""
"C:\Users\ASUS\Desktop\SEGURA EP\BITSAC\.venv\Lib\site-packages\pip-26.1.2.dist-info\licenses\src\pip\_vendor\rich\LICENSE","1056",""
"C:\Users\ASUS\Desktop\SEGURA EP\BITSAC\.venv\Lib\site-packages\pip-26.1.2.dist-info\licenses\src\pip\_vendor\tomli\LICENSE","1072",""
"C:\Users\ASUS\Desktop\SEGURA EP\BITSAC\.venv\Lib\site-packages\pip-26.1.2.dist-info\licenses\src\pip\_vendor\tomli_w\LICENSE","1072",""
"C:\Users\ASUS\Desktop\SEGURA EP\BITSAC\.venv\Lib\site-packages\pip-26.1.2.dist-info\licenses\src\pip\_vendor\truststore\LICENSE","1086",""
"C:\Users\ASUS\Desktop\SEGURA EP\BITSAC\.venv\Lib\site-packages\pip-26.1.2.dist-info\licenses\src\pip\_vendor\urllib3\LICENSE.txt","1093",".txt"
"C:\Users\ASUS\Desktop\SEGURA EP\BITSAC\.venv\Lib\site-packages\pyasn1\codec",,""
"C:\Users\ASUS\Desktop\SEGURA EP\BITSAC\.venv\Lib\site-packages\pyasn1\compat",,""
"C:\Users\ASUS\Desktop\SEGURA EP\BITSAC\.venv\Lib\site-packages\pyasn1\type",,""
"C:\Users\ASUS\Desktop\SEGURA EP\BITSAC\.venv\Lib\site-packages\pyasn1\__pycache__",,""
"C:\Users\ASUS\Desktop\SEGURA EP\BITSAC\.venv\Lib\site-packages\pyasn1\debug.py","3494",".py"
"C:\Users\ASUS\Desktop\SEGURA EP\BITSAC\.venv\Lib\site-packages\pyasn1\error.py","3258",".py"
"C:\Users\ASUS\Desktop\SEGURA EP\BITSAC\.venv\Lib\site-packages\pyasn1\__init__.py","66",".py"
"C:\Users\ASUS\Desktop\SEGURA EP\BITSAC\.venv\Lib\site-packages\pyasn1\codec\ber",,""
"C:\Users\ASUS\Desktop\SEGURA EP\BITSAC\.venv\Lib\site-packages\pyasn1\codec\cer",,""
"C:\Users\ASUS\Desktop\SEGURA EP\BITSAC\.venv\Lib\site-packages\pyasn1\codec\der",,""
"C:\Users\ASUS\Desktop\SEGURA EP\BITSAC\.venv\Lib\site-packages\pyasn1\codec\native",,""
"C:\Users\ASUS\Desktop\SEGURA EP\BITSAC\.venv\Lib\site-packages\pyasn1\codec\__pycache__",,""
"C:\Users\ASUS\Desktop\SEGURA EP\BITSAC\.venv\Lib\site-packages\pyasn1\codec\streaming.py","6377",".py"
"C:\Users\ASUS\Desktop\SEGURA EP\BITSAC\.venv\Lib\site-packages\pyasn1\codec\__init__.py","59",".py"
"C:\Users\ASUS\Desktop\SEGURA EP\BITSAC\.venv\Lib\site-packages\pyasn1\codec\ber\__pycache__",,""
"C:\Users\ASUS\Desktop\SEGURA EP\BITSAC\.venv\Lib\site-packages\pyasn1\codec\ber\decoder.py","81248",".py"
"C:\Users\ASUS\Desktop\SEGURA EP\BITSAC\.venv\Lib\site-packages\pyasn1\codec\ber\encoder.py","29850",".py"
"C:\Users\ASUS\Desktop\SEGURA EP\BITSAC\.venv\Lib\site-packages\pyasn1\codec\ber\eoo.py","639",".py"
"C:\Users\ASUS\Desktop\SEGURA EP\BITSAC\.venv\Lib\site-packages\pyasn1\codec\ber\__init__.py","59",".py"
"C:\Users\ASUS\Desktop\SEGURA EP\BITSAC\.venv\Lib\site-packages\pyasn1\codec\ber\__pycache__\decoder.cpython-313.pyc","78538",".pyc"
"C:\Users\ASUS\Desktop\SEGURA EP\BITSAC\.venv\Lib\site-packages\pyasn1\codec\ber\__pycache__\encoder.cpython-313.pyc","33772",".pyc"
"C:\Users\ASUS\Desktop\SEGURA EP\BITSAC\.venv\Lib\site-packages\pyasn1\codec\ber\__pycache__\eoo.cpython-313.pyc","1170",".pyc"
"C:\Users\ASUS\Desktop\SEGURA EP\BITSAC\.venv\Lib\site-packages\pyasn1\codec\ber\__pycache__\__init__.cpython-313.pyc","188",".pyc"
"C:\Users\ASUS\Desktop\SEGURA EP\BITSAC\.venv\Lib\site-packages\pyasn1\codec\cer\__pycache__",,""
"C:\Users\ASUS\Desktop\SEGURA EP\BITSAC\.venv\Lib\site-packages\pyasn1\codec\cer\decoder.py","4603",".py"
"C:\Users\ASUS\Desktop\SEGURA EP\BITSAC\.venv\Lib\site-packages\pyasn1\codec\cer\encoder.py","9852",".py"
"C:\Users\ASUS\Desktop\SEGURA EP\BITSAC\.venv\Lib\site-packages\pyasn1\codec\cer\__init__.py","59",".py"
"C:\Users\ASUS\Desktop\SEGURA EP\BITSAC\.venv\Lib\site-packages\pyasn1\codec\cer\__pycache__\decoder.cpython-313.pyc","4323",".pyc"
"C:\Users\ASUS\Desktop\SEGURA EP\BITSAC\.venv\Lib\site-packages\pyasn1\codec\cer\__pycache__\encoder.cpython-313.pyc","12050",".pyc"
"C:\Users\ASUS\Desktop\SEGURA EP\BITSAC\.venv\Lib\site-packages\pyasn1\codec\cer\__pycache__\__init__.cpython-313.pyc","188",".pyc"
"C:\Users\ASUS\Desktop\SEGURA EP\BITSAC\.venv\Lib\site-packages\pyasn1\codec\der\__pycache__",,""
"C:\Users\ASUS\Desktop\SEGURA EP\BITSAC\.venv\Lib\site-packages\pyasn1\codec\der\decoder.py","3442",".py"
"C:\Users\ASUS\Desktop\SEGURA EP\BITSAC\.venv\Lib\site-packages\pyasn1\codec\der\encoder.py","3493",".py"
"C:\Users\ASUS\Desktop\SEGURA EP\BITSAC\.venv\Lib\site-packages\pyasn1\codec\der\__init__.py","59",".py"
"C:\Users\ASUS\Desktop\SEGURA EP\BITSAC\.venv\Lib\site-packages\pyasn1\codec\der\__pycache__\decoder.cpython-313.pyc","3263",".pyc"
"C:\Users\ASUS\Desktop\SEGURA EP\BITSAC\.venv\Lib\site-packages\pyasn1\codec\der\__pycache__\encoder.cpython-313.pyc","3445",".pyc"
"C:\Users\ASUS\Desktop\SEGURA EP\BITSAC\.venv\Lib\site-packages\pyasn1\codec\der\__pycache__\__init__.cpython-313.pyc","188",".pyc"
"C:\Users\ASUS\Desktop\SEGURA EP\BITSAC\.venv\Lib\site-packages\pyasn1\codec\native\__pycache__",,""
"C:\Users\ASUS\Desktop\SEGURA EP\BITSAC\.venv\Lib\site-packages\pyasn1\codec\native\decoder.py","9132",".py"
"C:\Users\ASUS\Desktop\SEGURA EP\BITSAC\.venv\Lib\site-packages\pyasn1\codec\native\encoder.py","9198",".py"
"C:\Users\ASUS\Desktop\SEGURA EP\BITSAC\.venv\Lib\site-packages\pyasn1\codec\native\__init__.py","59",".py"
"C:\Users\ASUS\Desktop\SEGURA EP\BITSAC\.venv\Lib\site-packages\pyasn1\codec\native\__pycache__\decoder.cpython-313.pyc","12053",".pyc"
"C:\Users\ASUS\Desktop\SEGURA EP\BITSAC\.venv\Lib\site-packages\pyasn1\codec\native\__pycache__\encoder.cpython-313.pyc","14817",".pyc"
"C:\Users\ASUS\Desktop\SEGURA EP\BITSAC\.venv\Lib\site-packages\pyasn1\codec\native\__pycache__\__init__.cpython-313.pyc","191",".pyc"
"C:\Users\ASUS\Desktop\SEGURA EP\BITSAC\.venv\Lib\site-packages\pyasn1\codec\__pycache__\streaming.cpython-313.pyc","8315",".pyc"
"C:\Users\ASUS\Desktop\SEGURA EP\BITSAC\.venv\Lib\site-packages\pyasn1\codec\__pycache__\__init__.cpython-313.pyc","184",".pyc"
"C:\Users\ASUS\Desktop\SEGURA EP\BITSAC\.venv\Lib\site-packages\pyasn1\compat\__pycache__",,""
"C:\Users\ASUS\Desktop\SEGURA EP\BITSAC\.venv\Lib\site-packages\pyasn1\compat\integer.py","404",".py"
"C:\Users\ASUS\Desktop\SEGURA EP\BITSAC\.venv\Lib\site-packages\pyasn1\compat\__init__.py","112",".py"
"C:\Users\ASUS\Desktop\SEGURA EP\BITSAC\.venv\Lib\site-packages\pyasn1\compat\__pycache__\integer.cpython-313.pyc","631",".pyc"
"C:\Users\ASUS\Desktop\SEGURA EP\BITSAC\.venv\Lib\site-packages\pyasn1\compat\__pycache__\__init__.cpython-313.pyc","223",".pyc"
"C:\Users\ASUS\Desktop\SEGURA EP\BITSAC\.venv\Lib\site-packages\pyasn1\type\__pycache__",,""
"C:\Users\ASUS\Desktop\SEGURA EP\BITSAC\.venv\Lib\site-packages\pyasn1\type\base.py","22050",".py"
"C:\Users\ASUS\Desktop\SEGURA EP\BITSAC\.venv\Lib\site-packages\pyasn1\type\char.py","9438",".py"
"C:\Users\ASUS\Desktop\SEGURA EP\BITSAC\.venv\Lib\site-packages\pyasn1\type\constraint.py","21915",".py"
"C:\Users\ASUS\Desktop\SEGURA EP\BITSAC\.venv\Lib\site-packages\pyasn1\type\error.py","259",".py"
"C:\Users\ASUS\Desktop\SEGURA EP\BITSAC\.venv\Lib\site-packages\pyasn1\type\namedtype.py","16179",".py"
"C:\Users\ASUS\Desktop\SEGURA EP\BITSAC\.venv\Lib\site-packages\pyasn1\type\namedval.py","4899",".py"
"C:\Users\ASUS\Desktop\SEGURA EP\BITSAC\.venv\Lib\site-packages\pyasn1\type\opentype.py","2861",".py"
"C:\Users\ASUS\Desktop\SEGURA EP\BITSAC\.venv\Lib\site-packages\pyasn1\type\tag.py","9865",".py"
"C:\Users\ASUS\Desktop\SEGURA EP\BITSAC\.venv\Lib\site-packages\pyasn1\type\tagmap.py","3000",".py"
"C:\Users\ASUS\Desktop\SEGURA EP\BITSAC\.venv\Lib\site-packages\pyasn1\type\univ.py","109578",".py"
"C:\Users\ASUS\Desktop\SEGURA EP\BITSAC\.venv\Lib\site-packages\pyasn1\type\useful.py","5389",".py"
"C:\Users\ASUS\Desktop\SEGURA EP\BITSAC\.venv\Lib\site-packages\pyasn1\type\__init__.py","59",".py"
"C:\Users\ASUS\Desktop\SEGURA EP\BITSAC\.venv\Lib\site-packages\pyasn1\type\__pycache__\base.cpython-313.pyc","27100",".pyc"
"C:\Users\ASUS\Desktop\SEGURA EP\BITSAC\.venv\Lib\site-packages\pyasn1\type\__pycache__\char.cpython-313.pyc","9955",".pyc"
"C:\Users\ASUS\Desktop\SEGURA EP\BITSAC\.venv\Lib\site-packages\pyasn1\type\__pycache__\constraint.cpython-313.pyc","27772",".pyc"
"C:\Users\ASUS\Desktop\SEGURA EP\BITSAC\.venv\Lib\site-packages\pyasn1\type\__pycache__\error.cpython-313.pyc","480",".pyc"
"C:\Users\ASUS\Desktop\SEGURA EP\BITSAC\.venv\Lib\site-packages\pyasn1\type\__pycache__\namedtype.cpython-313.pyc","23471",".pyc"
"C:\Users\ASUS\Desktop\SEGURA EP\BITSAC\.venv\Lib\site-packages\pyasn1\type\__pycache__\namedval.cpython-313.pyc","7780",".pyc"
"C:\Users\ASUS\Desktop\SEGURA EP\BITSAC\.venv\Lib\site-packages\pyasn1\type\__pycache__\opentype.cpython-313.pyc","3774",".pyc"
"C:\Users\ASUS\Desktop\SEGURA EP\BITSAC\.venv\Lib\site-packages\pyasn1\type\__pycache__\tag.cpython-313.pyc","13113",".pyc"
"C:\Users\ASUS\Desktop\SEGURA EP\BITSAC\.venv\Lib\site-packages\pyasn1\type\__pycache__\tagmap.cpython-313.pyc","4480",".pyc"
"C:\Users\ASUS\Desktop\SEGURA EP\BITSAC\.venv\Lib\site-packages\pyasn1\type\__pycache__\univ.cpython-313.pyc","130189",".pyc"
"C:\Users\ASUS\Desktop\SEGURA EP\BITSAC\.venv\Lib\site-packages\pyasn1\type\__pycache__\useful.cpython-313.pyc","7739",".pyc"
"C:\Users\ASUS\Desktop\SEGURA EP\BITSAC\.venv\Lib\site-packages\pyasn1\type\__pycache__\__init__.cpython-313.pyc","183",".pyc"
"C:\Users\ASUS\Desktop\SEGURA EP\BITSAC\.venv\Lib\site-packages\pyasn1\__pycache__\debug.cpython-313.pyc","6325",".pyc"
"C:\Users\ASUS\Desktop\SEGURA EP\BITSAC\.venv\Lib\site-packages\pyasn1\__pycache__\error.cpython-313.pyc","4608",".pyc"
"C:\Users\ASUS\Desktop\SEGURA EP\BITSAC\.venv\Lib\site-packages\pyasn1\__pycache__\__init__.cpython-313.pyc","204",".pyc"
"C:\Users\ASUS\Desktop\SEGURA EP\BITSAC\.venv\Lib\site-packages\pyasn1-0.6.4.dist-info\licenses",,""
"C:\Users\ASUS\Desktop\SEGURA EP\BITSAC\.venv\Lib\site-packages\pyasn1-0.6.4.dist-info\INSTALLER","4",""
"C:\Users\ASUS\Desktop\SEGURA EP\BITSAC\.venv\Lib\site-packages\pyasn1-0.6.4.dist-info\METADATA","8411",""
"C:\Users\ASUS\Desktop\SEGURA EP\BITSAC\.venv\Lib\site-packages\pyasn1-0.6.4.dist-info\RECORD","4866",""
"C:\Users\ASUS\Desktop\SEGURA EP\BITSAC\.venv\Lib\site-packages\pyasn1-0.6.4.dist-info\top_level.txt","7",".txt"
"C:\Users\ASUS\Desktop\SEGURA EP\BITSAC\.venv\Lib\site-packages\pyasn1-0.6.4.dist-info\WHEEL","91",""
"C:\Users\ASUS\Desktop\SEGURA EP\BITSAC\.venv\Lib\site-packages\pyasn1-0.6.4.dist-info\zip-safe","1",""
"C:\Users\ASUS\Desktop\SEGURA EP\BITSAC\.venv\Lib\site-packages\pyasn1-0.6.4.dist-info\licenses\LICENSE.rst","1334",".rst"
"C:\Users\ASUS\Desktop\SEGURA EP\BITSAC\.venv\Lib\site-packages\pycparser\__pycache__",,""
"C:\Users\ASUS\Desktop\SEGURA EP\BITSAC\.venv\Lib\site-packages\pycparser\ast_transforms.py","5899",".py"
"C:\Users\ASUS\Desktop\SEGURA EP\BITSAC\.venv\Lib\site-packages\pycparser\c_ast.py","32954",".py"
"C:\Users\ASUS\Desktop\SEGURA EP\BITSAC\.venv\Lib\site-packages\pycparser\c_generator.py","20661",".py"
"C:\Users\ASUS\Desktop\SEGURA EP\BITSAC\.venv\Lib\site-packages\pycparser\c_lexer.py","25155",".py"
"C:\Users\ASUS\Desktop\SEGURA EP\BITSAC\.venv\Lib\site-packages\pycparser\c_parser.py","89798",".py"
"C:\Users\ASUS\Desktop\SEGURA EP\BITSAC\.venv\Lib\site-packages\pycparser\_ast_gen.py","11292",".py"
"C:\Users\ASUS\Desktop\SEGURA EP\BITSAC\.venv\Lib\site-packages\pycparser\_c_ast.cfg","4255",".cfg"
"C:\Users\ASUS\Desktop\SEGURA EP\BITSAC\.venv\Lib\site-packages\pycparser\__init__.py","2829",".py"
"C:\Users\ASUS\Desktop\SEGURA EP\BITSAC\.venv\Lib\site-packages\pycparser\__pycache__\ast_transforms.cpython-313.pyc","6107",".pyc"
"C:\Users\ASUS\Desktop\SEGURA EP\BITSAC\.venv\Lib\site-packages\pycparser\__pycache__\c_ast.cpython-313.pyc","52387",".pyc"
"C:\Users\ASUS\Desktop\SEGURA EP\BITSAC\.venv\Lib\site-packages\pycparser\__pycache__\c_generator.cpython-313.pyc","35234",".pyc"
"C:\Users\ASUS\Desktop\SEGURA EP\BITSAC\.venv\Lib\site-packages\pycparser\__pycache__\c_lexer.cpython-313.pyc","22919",".pyc"
"C:\Users\ASUS\Desktop\SEGURA EP\BITSAC\.venv\Lib\site-packages\pycparser\__pycache__\c_parser.cpython-313.pyc","99312",".pyc"
"C:\Users\ASUS\Desktop\SEGURA EP\BITSAC\.venv\Lib\site-packages\pycparser\__pycache__\_ast_gen.cpython-313.pyc","13861",".pyc"
"C:\Users\ASUS\Desktop\SEGURA EP\BITSAC\.venv\Lib\site-packages\pycparser\__pycache__\__init__.cpython-313.pyc","2831",".pyc"
"C:\Users\ASUS\Desktop\SEGURA EP\BITSAC\.venv\Lib\site-packages\pycparser-3.0.dist-info\licenses",,""
"C:\Users\ASUS\Desktop\SEGURA EP\BITSAC\.venv\Lib\site-packages\pycparser-3.0.dist-info\INSTALLER","4",""
"C:\Users\ASUS\Desktop\SEGURA EP\BITSAC\.venv\Lib\site-packages\pycparser-3.0.dist-info\METADATA","8229",""
"C:\Users\ASUS\Desktop\SEGURA EP\BITSAC\.venv\Lib\site-packages\pycparser-3.0.dist-info\RECORD","1484",""
"C:\Users\ASUS\Desktop\SEGURA EP\BITSAC\.venv\Lib\site-packages\pycparser-3.0.dist-info\top_level.txt","10",".txt"
"C:\Users\ASUS\Desktop\SEGURA EP\BITSAC\.venv\Lib\site-packages\pycparser-3.0.dist-info\WHEEL","92",""
"C:\Users\ASUS\Desktop\SEGURA EP\BITSAC\.venv\Lib\site-packages\pycparser-3.0.dist-info\licenses\LICENSE","1543",""
"C:\Users\ASUS\Desktop\SEGURA EP\BITSAC\.venv\Lib\site-packages\pydantic\deprecated",,""
"C:\Users\ASUS\Desktop\SEGURA EP\BITSAC\.venv\Lib\site-packages\pydantic\experimental",,""
"C:\Users\ASUS\Desktop\SEGURA EP\BITSAC\.venv\Lib\site-packages\pydantic\plugin",,""
"C:\Users\ASUS\Desktop\SEGURA EP\BITSAC\.venv\Lib\site-packages\pydantic\v1",,""
"C:\Users\ASUS\Desktop\SEGURA EP\BITSAC\.venv\Lib\site-packages\pydantic\_internal",,""
"C:\Users\ASUS\Desktop\SEGURA EP\BITSAC\.venv\Lib\site-packages\pydantic\__pycache__",,""
"C:\Users\ASUS\Desktop\SEGURA EP\BITSAC\.venv\Lib\site-packages\pydantic\aliases.py","4937",".py"
"C:\Users\ASUS\Desktop\SEGURA EP\BITSAC\.venv\Lib\site-packages\pydantic\alias_generators.py","2124",".py"
"C:\Users\ASUS\Desktop\SEGURA EP\BITSAC\.venv\Lib\site-packages\pydantic\annotated_handlers.py","4407",".py"
"C:\Users\ASUS\Desktop\SEGURA EP\BITSAC\.venv\Lib\site-packages\pydantic\class_validators.py","148",".py"
"C:\Users\ASUS\Desktop\SEGURA EP\BITSAC\.venv\Lib\site-packages\pydantic\color.py","21481",".py"
"C:\Users\ASUS\Desktop\SEGURA EP\BITSAC\.venv\Lib\site-packages\pydantic\config.py","44533",".py"
"C:\Users\ASUS\Desktop\SEGURA EP\BITSAC\.venv\Lib\site-packages\pydantic\dataclasses.py","18963",".py"
"C:\Users\ASUS\Desktop\SEGURA EP\BITSAC\.venv\Lib\site-packages\pydantic\datetime_parse.py","150",".py"
"C:\Users\ASUS\Desktop\SEGURA EP\BITSAC\.venv\Lib\site-packages\pydantic\decorator.py","145",".py"
"C:\Users\ASUS\Desktop\SEGURA EP\BITSAC\.venv\Lib\site-packages\pydantic\env_settings.py","148",".py"
"C:\Users\ASUS\Desktop\SEGURA EP\BITSAC\.venv\Lib\site-packages\pydantic\errors.py","6013",".py"
"C:\Users\ASUS\Desktop\SEGURA EP\BITSAC\.venv\Lib\site-packages\pydantic\error_wrappers.py","150",".py"
"C:\Users\ASUS\Desktop\SEGURA EP\BITSAC\.venv\Lib\site-packages\pydantic\fields.py","82023",".py"
"C:\Users\ASUS\Desktop\SEGURA EP\BITSAC\.venv\Lib\site-packages\pydantic\functional_serializers.py","18117",".py"
"C:\Users\ASUS\Desktop\SEGURA EP\BITSAC\.venv\Lib\site-packages\pydantic\functional_validators.py","31724",".py"
"C:\Users\ASUS\Desktop\SEGURA EP\BITSAC\.venv\Lib\site-packages\pydantic\generics.py","144",".py"
"C:\Users\ASUS\Desktop\SEGURA EP\BITSAC\.venv\Lib\site-packages\pydantic\json.py","140",".py"
"C:\Users\ASUS\Desktop\SEGURA EP\BITSAC\.venv\Lib\site-packages\pydantic\json_schema.py","125955",".py"
"C:\Users\ASUS\Desktop\SEGURA EP\BITSAC\.venv\Lib\site-packages\pydantic\main.py","85334",".py"
"C:\Users\ASUS\Desktop\SEGURA EP\BITSAC\.venv\Lib\site-packages\pydantic\mypy.py","60971",".py"
"C:\Users\ASUS\Desktop\SEGURA EP\BITSAC\.venv\Lib\site-packages\pydantic\networks.py","42102",".py"
"C:\Users\ASUS\Desktop\SEGURA EP\BITSAC\.venv\Lib\site-packages\pydantic\parse.py","141",".py"
"C:\Users\ASUS\Desktop\SEGURA EP\BITSAC\.venv\Lib\site-packages\pydantic\py.typed","0",".typed"
"C:\Users\ASUS\Desktop\SEGURA EP\BITSAC\.venv\Lib\site-packages\pydantic\root_model.py","6394",".py"
"C:\Users\ASUS\Desktop\SEGURA EP\BITSAC\.venv\Lib\site-packages\pydantic\schema.py","142",".py"
"C:\Users\ASUS\Desktop\SEGURA EP\BITSAC\.venv\Lib\site-packages\pydantic\tools.py","141",".py"
"C:\Users\ASUS\Desktop\SEGURA EP\BITSAC\.venv\Lib\site-packages\pydantic\types.py","105961",".py"
"C:\Users\ASUS\Desktop\SEGURA EP\BITSAC\.venv\Lib\site-packages\pydantic\type_adapter.py","36123",".py"
"C:\Users\ASUS\Desktop\SEGURA EP\BITSAC\.venv\Lib\site-packages\pydantic\typing.py","138",".py"
"C:\Users\ASUS\Desktop\SEGURA EP\BITSAC\.venv\Lib\site-packages\pydantic\utils.py","141",".py"
"C:\Users\ASUS\Desktop\SEGURA EP\BITSAC\.venv\Lib\site-packages\pydantic\validate_call_decorator.py","4416",".py"
"C:\Users\ASUS\Desktop\SEGURA EP\BITSAC\.venv\Lib\site-packages\pydantic\validators.py","146",".py"
"C:\Users\ASUS\Desktop\SEGURA EP\BITSAC\.venv\Lib\site-packages\pydantic\version.py","3985",".py"
"C:\Users\ASUS\Desktop\SEGURA EP\BITSAC\.venv\Lib\site-packages\pydantic\warnings.py","4822",".py"
"C:\Users\ASUS\Desktop\SEGURA EP\BITSAC\.venv\Lib\site-packages\pydantic\_migration.py","12160",".py"
"C:\Users\ASUS\Desktop\SEGURA EP\BITSAC\.venv\Lib\site-packages\pydantic\__init__.py","15812",".py"
"C:\Users\ASUS\Desktop\SEGURA EP\BITSAC\.venv\Lib\site-packages\pydantic\deprecated\__pycache__",,""
"C:\Users\ASUS\Desktop\SEGURA EP\BITSAC\.venv\Lib\site-packages\pydantic\deprecated\class_validators.py","10281",".py"
"C:\Users\ASUS\Desktop\SEGURA EP\BITSAC\.venv\Lib\site-packages\pydantic\deprecated\config.py","2663",".py"
"C:\Users\ASUS\Desktop\SEGURA EP\BITSAC\.venv\Lib\site-packages\pydantic\deprecated\copy_internals.py","7618",".py"
"C:\Users\ASUS\Desktop\SEGURA EP\BITSAC\.venv\Lib\site-packages\pydantic\deprecated\decorator.py","10845",".py"
"C:\Users\ASUS\Desktop\SEGURA EP\BITSAC\.venv\Lib\site-packages\pydantic\deprecated\json.py","4657",".py"
"C:\Users\ASUS\Desktop\SEGURA EP\BITSAC\.venv\Lib\site-packages\pydantic\deprecated\parse.py","2511",".py"
"C:\Users\ASUS\Desktop\SEGURA EP\BITSAC\.venv\Lib\site-packages\pydantic\deprecated\tools.py","3330",".py"
"C:\Users\ASUS\Desktop\SEGURA EP\BITSAC\.venv\Lib\site-packages\pydantic\deprecated\__init__.py","0",".py"
"C:\Users\ASUS\Desktop\SEGURA EP\BITSAC\.venv\Lib\site-packages\pydantic\deprecated\__pycache__\class_validators.cpython-313.pyc","11842",".pyc"
"C:\Users\ASUS\Desktop\SEGURA EP\BITSAC\.venv\Lib\site-packages\pydantic\deprecated\__pycache__\config.cpython-313.pyc","4214",".pyc"
"C:\Users\ASUS\Desktop\SEGURA EP\BITSAC\.venv\Lib\site-packages\pydantic\deprecated\__pycache__\copy_internals.cpython-313.pyc","9133",".pyc"
"C:\Users\ASUS\Desktop\SEGURA EP\BITSAC\.venv\Lib\site-packages\pydantic\deprecated\__pycache__\decorator.cpython-313.pyc","14292",".pyc"
"C:\Users\ASUS\Desktop\SEGURA EP\BITSAC\.venv\Lib\site-packages\pydantic\deprecated\__pycache__\json.cpython-313.pyc","6160",".pyc"
"C:\Users\ASUS\Desktop\SEGURA EP\BITSAC\.venv\Lib\site-packages\pydantic\deprecated\__pycache__\parse.cpython-313.pyc","3542",".pyc"
"C:\Users\ASUS\Desktop\SEGURA EP\BITSAC\.venv\Lib\site-packages\pydantic\deprecated\__pycache__\tools.cpython-313.pyc","3512",".pyc"
"C:\Users\ASUS\Desktop\SEGURA EP\BITSAC\.venv\Lib\site-packages\pydantic\deprecated\__pycache__\__init__.cpython-313.pyc","191",".pyc"
"C:\Users\ASUS\Desktop\SEGURA EP\BITSAC\.venv\Lib\site-packages\pydantic\experimental\__pycache__",,""
"C:\Users\ASUS\Desktop\SEGURA EP\BITSAC\.venv\Lib\site-packages\pydantic\experimental\arguments_schema.py","1866",".py"
"C:\Users\ASUS\Desktop\SEGURA EP\BITSAC\.venv\Lib\site-packages\pydantic\experimental\missing_sentinel.py","127",".py"
"C:\Users\ASUS\Desktop\SEGURA EP\BITSAC\.venv\Lib\site-packages\pydantic\experimental\pipeline.py","23956",".py"
"C:\Users\ASUS\Desktop\SEGURA EP\BITSAC\.venv\Lib\site-packages\pydantic\experimental\__init__.py","104",".py"
"C:\Users\ASUS\Desktop\SEGURA EP\BITSAC\.venv\Lib\site-packages\pydantic\experimental\__pycache__\arguments_schema.cpython-313.pyc","2341",".pyc"
"C:\Users\ASUS\Desktop\SEGURA EP\BITSAC\.venv\Lib\site-packages\pydantic\experimental\__pycache__\missing_sentinel.cpython-313.pyc","346",".pyc"
"C:\Users\ASUS\Desktop\SEGURA EP\BITSAC\.venv\Lib\site-packages\pydantic\experimental\__pycache__\pipeline.cpython-313.pyc","35627",".pyc"
"C:\Users\ASUS\Desktop\SEGURA EP\BITSAC\.venv\Lib\site-packages\pydantic\experimental\__pycache__\__init__.cpython-313.pyc","305",".pyc"
"C:\Users\ASUS\Desktop\SEGURA EP\BITSAC\.venv\Lib\site-packages\pydantic\plugin\__pycache__",,""
"C:\Users\ASUS\Desktop\SEGURA EP\BITSAC\.venv\Lib\site-packages\pydantic\plugin\_loader.py","2213",".py"
"C:\Users\ASUS\Desktop\SEGURA EP\BITSAC\.venv\Lib\site-packages\pydantic\plugin\_schema_validator.py","5445",".py"
"C:\Users\ASUS\Desktop\SEGURA EP\BITSAC\.venv\Lib\site-packages\pydantic\plugin\__init__.py","7333",".py"
"C:\Users\ASUS\Desktop\SEGURA EP\BITSAC\.venv\Lib\site-packages\pydantic\plugin\__pycache__\_loader.cpython-313.pyc","2476",".pyc"
"C:\Users\ASUS\Desktop\SEGURA EP\BITSAC\.venv\Lib\site-packages\pydantic\plugin\__pycache__\_schema_validator.cpython-313.pyc","7117",".pyc"
"C:\Users\ASUS\Desktop\SEGURA EP\BITSAC\.venv\Lib\site-packages\pydantic\plugin\__pycache__\__init__.cpython-313.pyc","8718",".pyc"
"C:\Users\ASUS\Desktop\SEGURA EP\BITSAC\.venv\Lib\site-packages\pydantic\v1\__pycache__",,""
"C:\Users\ASUS\Desktop\SEGURA EP\BITSAC\.venv\Lib\site-packages\pydantic\v1\annotated_types.py","3157",".py"
"C:\Users\ASUS\Desktop\SEGURA EP\BITSAC\.venv\Lib\site-packages\pydantic\v1\class_validators.py","14672",".py"
"C:\Users\ASUS\Desktop\SEGURA EP\BITSAC\.venv\Lib\site-packages\pydantic\v1\color.py","16844",".py"
"C:\Users\ASUS\Desktop\SEGURA EP\BITSAC\.venv\Lib\site-packages\pydantic\v1\config.py","6532",".py"
"C:\Users\ASUS\Desktop\SEGURA EP\BITSAC\.venv\Lib\site-packages\pydantic\v1\dataclasses.py","18172",".py"
"C:\Users\ASUS\Desktop\SEGURA EP\BITSAC\.venv\Lib\site-packages\pydantic\v1\datetime_parse.py","7724",".py"
"C:\Users\ASUS\Desktop\SEGURA EP\BITSAC\.venv\Lib\site-packages\pydantic\v1\decorator.py","10339",".py"
"C:\Users\ASUS\Desktop\SEGURA EP\BITSAC\.venv\Lib\site-packages\pydantic\v1\env_settings.py","14105",".py"
"C:\Users\ASUS\Desktop\SEGURA EP\BITSAC\.venv\Lib\site-packages\pydantic\v1\errors.py","17726",".py"
"C:\Users\ASUS\Desktop\SEGURA EP\BITSAC\.venv\Lib\site-packages\pydantic\v1\error_wrappers.py","5196",".py"
"C:\Users\ASUS\Desktop\SEGURA EP\BITSAC\.venv\Lib\site-packages\pydantic\v1\fields.py","50649",".py"
"C:\Users\ASUS\Desktop\SEGURA EP\BITSAC\.venv\Lib\site-packages\pydantic\v1\generics.py","17829",".py"
"C:\Users\ASUS\Desktop\SEGURA EP\BITSAC\.venv\Lib\site-packages\pydantic\v1\json.py","3390",".py"
"C:\Users\ASUS\Desktop\SEGURA EP\BITSAC\.venv\Lib\site-packages\pydantic\v1\main.py","45697",".py"
"C:\Users\ASUS\Desktop\SEGURA EP\BITSAC\.venv\Lib\site-packages\pydantic\v1\mypy.py","38860",".py"
"C:\Users\ASUS\Desktop\SEGURA EP\BITSAC\.venv\Lib\site-packages\pydantic\v1\networks.py","22124",".py"
"C:\Users\ASUS\Desktop\SEGURA EP\BITSAC\.venv\Lib\site-packages\pydantic\v1\parse.py","1821",".py"
"C:\Users\ASUS\Desktop\SEGURA EP\BITSAC\.venv\Lib\site-packages\pydantic\v1\py.typed","0",".typed"
"C:\Users\ASUS\Desktop\SEGURA EP\BITSAC\.venv\Lib\site-packages\pydantic\v1\schema.py","47801",".py"
"C:\Users\ASUS\Desktop\SEGURA EP\BITSAC\.venv\Lib\site-packages\pydantic\v1\tools.py","2881",".py"
"C:\Users\ASUS\Desktop\SEGURA EP\BITSAC\.venv\Lib\site-packages\pydantic\v1\types.py","35455",".py"
"C:\Users\ASUS\Desktop\SEGURA EP\BITSAC\.venv\Lib\site-packages\pydantic\v1\typing.py","20102",".py"
"C:\Users\ASUS\Desktop\SEGURA EP\BITSAC\.venv\Lib\site-packages\pydantic\v1\utils.py","26014",".py"
"C:\Users\ASUS\Desktop\SEGURA EP\BITSAC\.venv\Lib\site-packages\pydantic\v1\validators.py","22187",".py"
"C:\Users\ASUS\Desktop\SEGURA EP\BITSAC\.venv\Lib\site-packages\pydantic\v1\version.py","1039",".py"
"C:\Users\ASUS\Desktop\SEGURA EP\BITSAC\.venv\Lib\site-packages\pydantic\v1\_hypothesis_plugin.py","14847",".py"
"C:\Users\ASUS\Desktop\SEGURA EP\BITSAC\.venv\Lib\site-packages\pydantic\v1\__init__.py","2946",".py"
"C:\Users\ASUS\Desktop\SEGURA EP\BITSAC\.venv\Lib\site-packages\pydantic\v1\__pycache__\annotated_types.cpython-313.pyc","3929",".pyc"
"C:\Users\ASUS\Desktop\SEGURA EP\BITSAC\.venv\Lib\site-packages\pydantic\v1\__pycache__\class_validators.cpython-313.pyc","19312",".pyc"
"C:\Users\ASUS\Desktop\SEGURA EP\BITSAC\.venv\Lib\site-packages\pydantic\v1\__pycache__\color.cpython-313.pyc","25651",".pyc"
"C:\Users\ASUS\Desktop\SEGURA EP\BITSAC\.venv\Lib\site-packages\pydantic\v1\__pycache__\config.cpython-313.pyc","8618",".pyc"
"C:\Users\ASUS\Desktop\SEGURA EP\BITSAC\.venv\Lib\site-packages\pydantic\v1\__pycache__\dataclasses.cpython-313.pyc","23026",".pyc"
"C:\Users\ASUS\Desktop\SEGURA EP\BITSAC\.venv\Lib\site-packages\pydantic\v1\__pycache__\datetime_parse.cpython-313.pyc","10563",".pyc"
"C:\Users\ASUS\Desktop\SEGURA EP\BITSAC\.venv\Lib\site-packages\pydantic\v1\__pycache__\decorator.cpython-313.pyc","14281",".pyc"
"C:\Users\ASUS\Desktop\SEGURA EP\BITSAC\.venv\Lib\site-packages\pydantic\v1\__pycache__\env_settings.cpython-313.pyc","18195",".pyc"
"C:\Users\ASUS\Desktop\SEGURA EP\BITSAC\.venv\Lib\site-packages\pydantic\v1\__pycache__\errors.cpython-313.pyc","31508",".pyc"
"C:\Users\ASUS\Desktop\SEGURA EP\BITSAC\.venv\Lib\site-packages\pydantic\v1\__pycache__\error_wrappers.cpython-313.pyc","9241",".pyc"
"C:\Users\ASUS\Desktop\SEGURA EP\BITSAC\.venv\Lib\site-packages\pydantic\v1\__pycache__\fields.cpython-313.pyc","58233",".pyc"
"C:\Users\ASUS\Desktop\SEGURA EP\BITSAC\.venv\Lib\site-packages\pydantic\v1\__pycache__\generics.cpython-313.pyc","17175",".pyc"
"C:\Users\ASUS\Desktop\SEGURA EP\BITSAC\.venv\Lib\site-packages\pydantic\v1\__pycache__\json.cpython-313.pyc","5192",".pyc"
"C:\Users\ASUS\Desktop\SEGURA EP\BITSAC\.venv\Lib\site-packages\pydantic\v1\__pycache__\main.cpython-313.pyc","49929",".pyc"
"C:\Users\ASUS\Desktop\SEGURA EP\BITSAC\.venv\Lib\site-packages\pydantic\v1\__pycache__\mypy.cpython-313.pyc","47143",".pyc"
"C:\Users\ASUS\Desktop\SEGURA EP\BITSAC\.venv\Lib\site-packages\pydantic\v1\__pycache__\networks.cpython-313.pyc","30366",".pyc"
"C:\Users\ASUS\Desktop\SEGURA EP\BITSAC\.venv\Lib\site-packages\pydantic\v1\__pycache__\parse.cpython-313.pyc","2896",".pyc"
"C:\Users\ASUS\Desktop\SEGURA EP\BITSAC\.venv\Lib\site-packages\pydantic\v1\__pycache__\schema.cpython-313.pyc","48726",".pyc"
"C:\Users\ASUS\Desktop\SEGURA EP\BITSAC\.venv\Lib\site-packages\pydantic\v1\__pycache__\tools.cpython-313.pyc","3835",".pyc"
"C:\Users\ASUS\Desktop\SEGURA EP\BITSAC\.venv\Lib\site-packages\pydantic\v1\__pycache__\types.cpython-313.pyc","49771",".pyc"
"C:\Users\ASUS\Desktop\SEGURA EP\BITSAC\.venv\Lib\site-packages\pydantic\v1\__pycache__\typing.cpython-313.pyc","23346",".pyc"
"C:\Users\ASUS\Desktop\SEGURA EP\BITSAC\.venv\Lib\site-packages\pydantic\v1\__pycache__\utils.cpython-313.pyc","35508",".pyc"
"C:\Users\ASUS\Desktop\SEGURA EP\BITSAC\.venv\Lib\site-packages\pydantic\v1\__pycache__\validators.cpython-313.pyc","32068",".pyc"
"C:\Users\ASUS\Desktop\SEGURA EP\BITSAC\.venv\Lib\site-packages\pydantic\v1\__pycache__\version.cpython-313.pyc","1969",".pyc"
"C:\Users\ASUS\Desktop\SEGURA EP\BITSAC\.venv\Lib\site-packages\pydantic\v1\__pycache__\_hypothesis_plugin.cpython-313.pyc","20498",".pyc"
"C:\Users\ASUS\Desktop\SEGURA EP\BITSAC\.venv\Lib\site-packages\pydantic\v1\__pycache__\__init__.cpython-313.pyc","2214",".pyc"
"C:\Users\ASUS\Desktop\SEGURA EP\BITSAC\.venv\Lib\site-packages\pydantic\_internal\__pycache__",,""
"C:\Users\ASUS\Desktop\SEGURA EP\BITSAC\.venv\Lib\site-packages\pydantic\_internal\_config.py","14839",".py"
"C:\Users\ASUS\Desktop\SEGURA EP\BITSAC\.venv\Lib\site-packages\pydantic\_internal\_core_metadata.py","5162",".py"
"C:\Users\ASUS\Desktop\SEGURA EP\BITSAC\.venv\Lib\site-packages\pydantic\_internal\_core_utils.py","6487",".py"
"C:\Users\ASUS\Desktop\SEGURA EP\BITSAC\.venv\Lib\site-packages\pydantic\_internal\_dataclasses.py","13188",".py"
"C:\Users\ASUS\Desktop\SEGURA EP\BITSAC\.venv\Lib\site-packages\pydantic\_internal\_decorators.py","33620",".py"
"C:\Users\ASUS\Desktop\SEGURA EP\BITSAC\.venv\Lib\site-packages\pydantic\_internal\_decorators_v1.py","6185",".py"
"C:\Users\ASUS\Desktop\SEGURA EP\BITSAC\.venv\Lib\site-packages\pydantic\_internal\_discriminated_union.py","26255",".py"
"C:\Users\ASUS\Desktop\SEGURA EP\BITSAC\.venv\Lib\site-packages\pydantic\_internal\_docs_extraction.py","4127",".py"
"C:\Users\ASUS\Desktop\SEGURA EP\BITSAC\.venv\Lib\site-packages\pydantic\_internal\_fields.py","31557",".py"
"C:\Users\ASUS\Desktop\SEGURA EP\BITSAC\.venv\Lib\site-packages\pydantic\_internal\_forward_ref.py","611",".py"
"C:\Users\ASUS\Desktop\SEGURA EP\BITSAC\.venv\Lib\site-packages\pydantic\_internal\_generate_schema.py","136348",".py"
"C:\Users\ASUS\Desktop\SEGURA EP\BITSAC\.venv\Lib\site-packages\pydantic\_internal\_generics.py","23393",".py"
"C:\Users\ASUS\Desktop\SEGURA EP\BITSAC\.venv\Lib\site-packages\pydantic\_internal\_git.py","809",".py"
"C:\Users\ASUS\Desktop\SEGURA EP\BITSAC\.venv\Lib\site-packages\pydantic\_internal\_import_utils.py","402",".py"
"C:\Users\ASUS\Desktop\SEGURA EP\BITSAC\.venv\Lib\site-packages\pydantic\_internal\_internal_dataclass.py","144",".py"
"C:\Users\ASUS\Desktop\SEGURA EP\BITSAC\.venv\Lib\site-packages\pydantic\_internal\_known_annotated_metadata.py","16805",".py"
"C:\Users\ASUS\Desktop\SEGURA EP\BITSAC\.venv\Lib\site-packages\pydantic\_internal\_mock_val_ser.py","8885",".py"
"C:\Users\ASUS\Desktop\SEGURA EP\BITSAC\.venv\Lib\site-packages\pydantic\_internal\_model_construction.py","38928",".py"
"C:\Users\ASUS\Desktop\SEGURA EP\BITSAC\.venv\Lib\site-packages\pydantic\_internal\_namespace_utils.py","12878",".py"
"C:\Users\ASUS\Desktop\SEGURA EP\BITSAC\.venv\Lib\site-packages\pydantic\_internal\_repr.py","5172",".py"
"C:\Users\ASUS\Desktop\SEGURA EP\BITSAC\.venv\Lib\site-packages\pydantic\_internal\_schema_gather.py","9052",".py"
"C:\Users\ASUS\Desktop\SEGURA EP\BITSAC\.venv\Lib\site-packages\pydantic\_internal\_schema_generation_shared.py","4842",".py"
"C:\Users\ASUS\Desktop\SEGURA EP\BITSAC\.venv\Lib\site-packages\pydantic\_internal\_serializers.py","1491",".py"
"C:\Users\ASUS\Desktop\SEGURA EP\BITSAC\.venv\Lib\site-packages\pydantic\_internal\_signature.py","6808",".py"
"C:\Users\ASUS\Desktop\SEGURA EP\BITSAC\.venv\Lib\site-packages\pydantic\_internal\_typing_extra.py","31574",".py"
"C:\Users\ASUS\Desktop\SEGURA EP\BITSAC\.venv\Lib\site-packages\pydantic\_internal\_utils.py","15959",".py"
"C:\Users\ASUS\Desktop\SEGURA EP\BITSAC\.venv\Lib\site-packages\pydantic\_internal\_validate_call.py","5366",".py"
"C:\Users\ASUS\Desktop\SEGURA EP\BITSAC\.venv\Lib\site-packages\pydantic\_internal\_validators.py","20563",".py"
"C:\Users\ASUS\Desktop\SEGURA EP\BITSAC\.venv\Lib\site-packages\pydantic\_internal\__init__.py","0",".py"
"C:\Users\ASUS\Desktop\SEGURA EP\BITSAC\.venv\Lib\site-packages\pydantic\_internal\__pycache__\_config.cpython-313.pyc","15939",".pyc"
"C:\Users\ASUS\Desktop\SEGURA EP\BITSAC\.venv\Lib\site-packages\pydantic\_internal\__pycache__\_core_metadata.cpython-313.pyc","4676",".pyc"
"C:\Users\ASUS\Desktop\SEGURA EP\BITSAC\.venv\Lib\site-packages\pydantic\_internal\__pycache__\_core_utils.cpython-313.pyc","7867",".pyc"
"C:\Users\ASUS\Desktop\SEGURA EP\BITSAC\.venv\Lib\site-packages\pydantic\_internal\__pycache__\_dataclasses.cpython-313.pyc","13252",".pyc"
"C:\Users\ASUS\Desktop\SEGURA EP\BITSAC\.venv\Lib\site-packages\pydantic\_internal\__pycache__\_decorators.cpython-313.pyc","37986",".pyc"
"C:\Users\ASUS\Desktop\SEGURA EP\BITSAC\.venv\Lib\site-packages\pydantic\_internal\__pycache__\_decorators_v1.cpython-313.pyc","8823",".pyc"
"C:\Users\ASUS\Desktop\SEGURA EP\BITSAC\.venv\Lib\site-packages\pydantic\_internal\__pycache__\_discriminated_union.cpython-313.pyc","21292",".pyc"
"C:\Users\ASUS\Desktop\SEGURA EP\BITSAC\.venv\Lib\site-packages\pydantic\_internal\__pycache__\_docs_extraction.cpython-313.pyc","5524",".pyc"
"C:\Users\ASUS\Desktop\SEGURA EP\BITSAC\.venv\Lib\site-packages\pydantic\_internal\__pycache__\_fields.cpython-313.pyc","27786",".pyc"
"C:\Users\ASUS\Desktop\SEGURA EP\BITSAC\.venv\Lib\site-packages\pydantic\_internal\__pycache__\_forward_ref.cpython-313.pyc","1335",".pyc"
"C:\Users\ASUS\Desktop\SEGURA EP\BITSAC\.venv\Lib\site-packages\pydantic\_internal\__pycache__\_generate_schema.cpython-313.pyc","133958",".pyc"
"C:\Users\ASUS\Desktop\SEGURA EP\BITSAC\.venv\Lib\site-packages\pydantic\_internal\__pycache__\_generics.cpython-313.pyc","23922",".pyc"
"C:\Users\ASUS\Desktop\SEGURA EP\BITSAC\.venv\Lib\site-packages\pydantic\_internal\__pycache__\_git.cpython-313.pyc","1513",".pyc"
"C:\Users\ASUS\Desktop\SEGURA EP\BITSAC\.venv\Lib\site-packages\pydantic\_internal\__pycache__\_import_utils.cpython-313.pyc","832",".pyc"
"C:\Users\ASUS\Desktop\SEGURA EP\BITSAC\.venv\Lib\site-packages\pydantic\_internal\__pycache__\_internal_dataclass.cpython-313.pyc","341",".pyc"
"C:\Users\ASUS\Desktop\SEGURA EP\BITSAC\.venv\Lib\site-packages\pydantic\_internal\__pycache__\_known_annotated_metadata.cpython-313.pyc","14325",".pyc"
"C:\Users\ASUS\Desktop\SEGURA EP\BITSAC\.venv\Lib\site-packages\pydantic\_internal\__pycache__\_mock_val_ser.cpython-313.pyc","10948",".pyc"
"C:\Users\ASUS\Desktop\SEGURA EP\BITSAC\.venv\Lib\site-packages\pydantic\_internal\__pycache__\_model_construction.cpython-313.pyc","36257",".pyc"
"C:\Users\ASUS\Desktop\SEGURA EP\BITSAC\.venv\Lib\site-packages\pydantic\_internal\__pycache__\_namespace_utils.cpython-313.pyc","12138",".pyc"
"C:\Users\ASUS\Desktop\SEGURA EP\BITSAC\.venv\Lib\site-packages\pydantic\_internal\__pycache__\_repr.cpython-313.pyc","8081",".pyc"
"C:\Users\ASUS\Desktop\SEGURA EP\BITSAC\.venv\Lib\site-packages\pydantic\_internal\__pycache__\_schema_gather.cpython-313.pyc","7761",".pyc"
"C:\Users\ASUS\Desktop\SEGURA EP\BITSAC\.venv\Lib\site-packages\pydantic\_internal\__pycache__\_schema_generation_shared.cpython-313.pyc","6211",".pyc"
"C:\Users\ASUS\Desktop\SEGURA EP\BITSAC\.venv\Lib\site-packages\pydantic\_internal\__pycache__\_serializers.cpython-313.pyc","2123",".pyc"
"C:\Users\ASUS\Desktop\SEGURA EP\BITSAC\.venv\Lib\site-packages\pydantic\_internal\__pycache__\_signature.cpython-313.pyc","6897",".pyc"
"C:\Users\ASUS\Desktop\SEGURA EP\BITSAC\.venv\Lib\site-packages\pydantic\_internal\__pycache__\_typing_extra.cpython-313.pyc","28877",".pyc"
"C:\Users\ASUS\Desktop\SEGURA EP\BITSAC\.venv\Lib\site-packages\pydantic\_internal\__pycache__\_utils.cpython-313.pyc","19922",".pyc"
"C:\Users\ASUS\Desktop\SEGURA EP\BITSAC\.venv\Lib\site-packages\pydantic\_internal\__pycache__\_validate_call.cpython-313.pyc","7106",".pyc"
"C:\Users\ASUS\Desktop\SEGURA EP\BITSAC\.venv\Lib\site-packages\pydantic\_internal\__pycache__\_validators.cpython-313.pyc","23245",".pyc"
"C:\Users\ASUS\Desktop\SEGURA EP\BITSAC\.venv\Lib\site-packages\pydantic\_internal\__pycache__\__init__.cpython-313.pyc","190",".pyc"
"C:\Users\ASUS\Desktop\SEGURA EP\BITSAC\.venv\Lib\site-packages\pydantic\__pycache__\aliases.cpython-313.pyc","6547",".pyc"
"C:\Users\ASUS\Desktop\SEGURA EP\BITSAC\.venv\Lib\site-packages\pydantic\__pycache__\alias_generators.cpython-313.pyc","3196",".pyc"
"C:\Users\ASUS\Desktop\SEGURA EP\BITSAC\.venv\Lib\site-packages\pydantic\__pycache__\annotated_handlers.cpython-313.pyc","5221",".pyc"
"C:\Users\ASUS\Desktop\SEGURA EP\BITSAC\.venv\Lib\site-packages\pydantic\__pycache__\class_validators.cpython-313.pyc","365",".pyc"
"C:\Users\ASUS\Desktop\SEGURA EP\BITSAC\.venv\Lib\site-packages\pydantic\__pycache__\color.cpython-313.pyc","29801",".pyc"
"C:\Users\ASUS\Desktop\SEGURA EP\BITSAC\.venv\Lib\site-packages\pydantic\__pycache__\config.cpython-313.pyc","7552",".pyc"
"C:\Users\ASUS\Desktop\SEGURA EP\BITSAC\.venv\Lib\site-packages\pydantic\__pycache__\dataclasses.cpython-313.pyc","17334",".pyc"
"C:\Users\ASUS\Desktop\SEGURA EP\BITSAC\.venv\Lib\site-packages\pydantic\__pycache__\datetime_parse.cpython-313.pyc","365",".pyc"
"C:\Users\ASUS\Desktop\SEGURA EP\BITSAC\.venv\Lib\site-packages\pydantic\__pycache__\decorator.cpython-313.pyc","355",".pyc"
"C:\Users\ASUS\Desktop\SEGURA EP\BITSAC\.venv\Lib\site-packages\pydantic\__pycache__\env_settings.cpython-313.pyc","361",".pyc"
"C:\Users\ASUS\Desktop\SEGURA EP\BITSAC\.venv\Lib\site-packages\pydantic\__pycache__\errors.cpython-313.pyc","7734",".pyc"
"C:\Users\ASUS\Desktop\SEGURA EP\BITSAC\.venv\Lib\site-packages\pydantic\__pycache__\error_wrappers.cpython-313.pyc","365",".pyc"
"C:\Users\ASUS\Desktop\SEGURA EP\BITSAC\.venv\Lib\site-packages\pydantic\__pycache__\fields.cpython-313.pyc","74169",".pyc"
"C:\Users\ASUS\Desktop\SEGURA EP\BITSAC\.venv\Lib\site-packages\pydantic\__pycache__\functional_serializers.cpython-313.pyc","18607",".pyc"
"C:\Users\ASUS\Desktop\SEGURA EP\BITSAC\.venv\Lib\site-packages\pydantic\__pycache__\functional_validators.cpython-313.pyc","33970",".pyc"
"C:\Users\ASUS\Desktop\SEGURA EP\BITSAC\.venv\Lib\site-packages\pydantic\__pycache__\generics.cpython-313.pyc","353",".pyc"
"C:\Users\ASUS\Desktop\SEGURA EP\BITSAC\.venv\Lib\site-packages\pydantic\__pycache__\json.cpython-313.pyc","345",".pyc"
"C:\Users\ASUS\Desktop\SEGURA EP\BITSAC\.venv\Lib\site-packages\pydantic\__pycache__\json_schema.cpython-313.pyc","119687",".pyc"
"C:\Users\ASUS\Desktop\SEGURA EP\BITSAC\.venv\Lib\site-packages\pydantic\__pycache__\main.cpython-313.pyc","76222",".pyc"
"C:\Users\ASUS\Desktop\SEGURA EP\BITSAC\.venv\Lib\site-packages\pydantic\__pycache__\mypy.cpython-313.pyc","65871",".pyc"
"C:\Users\ASUS\Desktop\SEGURA EP\BITSAC\.venv\Lib\site-packages\pydantic\__pycache__\networks.cpython-313.pyc","49140",".pyc"
"C:\Users\ASUS\Desktop\SEGURA EP\BITSAC\.venv\Lib\site-packages\pydantic\__pycache__\parse.cpython-313.pyc","347",".pyc"
"C:\Users\ASUS\Desktop\SEGURA EP\BITSAC\.venv\Lib\site-packages\pydantic\__pycache__\root_model.cpython-313.pyc","7862",".pyc"
"C:\Users\ASUS\Desktop\SEGURA EP\BITSAC\.venv\Lib\site-packages\pydantic\__pycache__\schema.cpython-313.pyc","349",".pyc"
"C:\Users\ASUS\Desktop\SEGURA EP\BITSAC\.venv\Lib\site-packages\pydantic\__pycache__\tools.cpython-313.pyc","347",".pyc"
"C:\Users\ASUS\Desktop\SEGURA EP\BITSAC\.venv\Lib\site-packages\pydantic\__pycache__\types.cpython-313.pyc","94333",".pyc"
"C:\Users\ASUS\Desktop\SEGURA EP\BITSAC\.venv\Lib\site-packages\pydantic\__pycache__\type_adapter.cpython-313.pyc","34433",".pyc"
"C:\Users\ASUS\Desktop\SEGURA EP\BITSAC\.venv\Lib\site-packages\pydantic\__pycache__\typing.cpython-313.pyc","345",".pyc"
"C:\Users\ASUS\Desktop\SEGURA EP\BITSAC\.venv\Lib\site-packages\pydantic\__pycache__\utils.cpython-313.pyc","347",".pyc"
"C:\Users\ASUS\Desktop\SEGURA EP\BITSAC\.venv\Lib\site-packages\pydantic\__pycache__\validate_call_decorator.cpython-313.pyc","5532",".pyc"
"C:\Users\ASUS\Desktop\SEGURA EP\BITSAC\.venv\Lib\site-packages\pydantic\__pycache__\validators.cpython-313.pyc","357",".pyc"
"C:\Users\ASUS\Desktop\SEGURA EP\BITSAC\.venv\Lib\site-packages\pydantic\__pycache__\version.cpython-313.pyc","4849",".pyc"
"C:\Users\ASUS\Desktop\SEGURA EP\BITSAC\.venv\Lib\site-packages\pydantic\__pycache__\warnings.cpython-313.pyc","7542",".pyc"
"C:\Users\ASUS\Desktop\SEGURA EP\BITSAC\.venv\Lib\site-packages\pydantic\__pycache__\_migration.cpython-313.pyc","10985",".pyc"
"C:\Users\ASUS\Desktop\SEGURA EP\BITSAC\.venv\Lib\site-packages\pydantic\__pycache__\__init__.cpython-313.pyc","14410",".pyc"
"C:\Users\ASUS\Desktop\SEGURA EP\BITSAC\.venv\Lib\site-packages\pydantic-2.13.4.dist-info\licenses",,""
"C:\Users\ASUS\Desktop\SEGURA EP\BITSAC\.venv\Lib\site-packages\pydantic-2.13.4.dist-info\INSTALLER","4",""
"C:\Users\ASUS\Desktop\SEGURA EP\BITSAC\.venv\Lib\site-packages\pydantic-2.13.4.dist-info\METADATA","109397",""
"C:\Users\ASUS\Desktop\SEGURA EP\BITSAC\.venv\Lib\site-packages\pydantic-2.13.4.dist-info\RECORD","15456",""
"C:\Users\ASUS\Desktop\SEGURA EP\BITSAC\.venv\Lib\site-packages\pydantic-2.13.4.dist-info\WHEEL","87",""
"C:\Users\ASUS\Desktop\SEGURA EP\BITSAC\.venv\Lib\site-packages\pydantic-2.13.4.dist-info\licenses\LICENSE","1129",""
"C:\Users\ASUS\Desktop\SEGURA EP\BITSAC\.venv\Lib\site-packages\pydantic_core\__pycache__",,""
"C:\Users\ASUS\Desktop\SEGURA EP\BITSAC\.venv\Lib\site-packages\pydantic_core\core_schema.py","160035",".py"
"C:\Users\ASUS\Desktop\SEGURA EP\BITSAC\.venv\Lib\site-packages\pydantic_core\py.typed","0",".typed"
"C:\Users\ASUS\Desktop\SEGURA EP\BITSAC\.venv\Lib\site-packages\pydantic_core\_pydantic_core.cp313-win_amd64.pyd","5256192",".pyd"
"C:\Users\ASUS\Desktop\SEGURA EP\BITSAC\.venv\Lib\site-packages\pydantic_core\_pydantic_core.pyi","46988",".pyi"
"C:\Users\ASUS\Desktop\SEGURA EP\BITSAC\.venv\Lib\site-packages\pydantic_core\__init__.py","5286",".py"
"C:\Users\ASUS\Desktop\SEGURA EP\BITSAC\.venv\Lib\site-packages\pydantic_core\__pycache__\core_schema.cpython-313.pyc","151577",".pyc"
"C:\Users\ASUS\Desktop\SEGURA EP\BITSAC\.venv\Lib\site-packages\pydantic_core\__pycache__\__init__.cpython-313.pyc","3256",".pyc"
"C:\Users\ASUS\Desktop\SEGURA EP\BITSAC\.venv\Lib\site-packages\pydantic_core-2.46.4.dist-info\licenses",,""
"C:\Users\ASUS\Desktop\SEGURA EP\BITSAC\.venv\Lib\site-packages\pydantic_core-2.46.4.dist-info\sboms",,""
"C:\Users\ASUS\Desktop\SEGURA EP\BITSAC\.venv\Lib\site-packages\pydantic_core-2.46.4.dist-info\INSTALLER","4",""
"C:\Users\ASUS\Desktop\SEGURA EP\BITSAC\.venv\Lib\site-packages\pydantic_core-2.46.4.dist-info\METADATA","6709",""
"C:\Users\ASUS\Desktop\SEGURA EP\BITSAC\.venv\Lib\site-packages\pydantic_core-2.46.4.dist-info\RECORD","1114",""
"C:\Users\ASUS\Desktop\SEGURA EP\BITSAC\.venv\Lib\site-packages\pydantic_core-2.46.4.dist-info\WHEEL","97",""
"C:\Users\ASUS\Desktop\SEGURA EP\BITSAC\.venv\Lib\site-packages\pydantic_core-2.46.4.dist-info\licenses\LICENSE","1101",""
"C:\Users\ASUS\Desktop\SEGURA EP\BITSAC\.venv\Lib\site-packages\pydantic_core-2.46.4.dist-info\sboms\pydantic-core.cyclonedx.json","125340",".json"
"C:\Users\ASUS\Desktop\SEGURA EP\BITSAC\.venv\Lib\site-packages\pydantic_settings\__pycache__",,""
"C:\Users\ASUS\Desktop\SEGURA EP\BITSAC\.venv\Lib\site-packages\pydantic_settings\main.py","25756",".py"
"C:\Users\ASUS\Desktop\SEGURA EP\BITSAC\.venv\Lib\site-packages\pydantic_settings\py.typed","0",".typed"
"C:\Users\ASUS\Desktop\SEGURA EP\BITSAC\.venv\Lib\site-packages\pydantic_settings\sources.py","99422",".py"
"C:\Users\ASUS\Desktop\SEGURA EP\BITSAC\.venv\Lib\site-packages\pydantic_settings\utils.py","572",".py"
"C:\Users\ASUS\Desktop\SEGURA EP\BITSAC\.venv\Lib\site-packages\pydantic_settings\version.py","18",".py"
"C:\Users\ASUS\Desktop\SEGURA EP\BITSAC\.venv\Lib\site-packages\pydantic_settings\__init__.py","1346",".py"
"C:\Users\ASUS\Desktop\SEGURA EP\BITSAC\.venv\Lib\site-packages\pydantic_settings\__pycache__\main.cpython-313.pyc","21088",".pyc"
"C:\Users\ASUS\Desktop\SEGURA EP\BITSAC\.venv\Lib\site-packages\pydantic_settings\__pycache__\sources.cpython-313.pyc","113228",".pyc"
"C:\Users\ASUS\Desktop\SEGURA EP\BITSAC\.venv\Lib\site-packages\pydantic_settings\__pycache__\utils.cpython-313.pyc","1166",".pyc"
"C:\Users\ASUS\Desktop\SEGURA EP\BITSAC\.venv\Lib\site-packages\pydantic_settings\__pycache__\version.cpython-313.pyc","210",".pyc"
"C:\Users\ASUS\Desktop\SEGURA EP\BITSAC\.venv\Lib\site-packages\pydantic_settings\__pycache__\__init__.cpython-313.pyc","1195",".pyc"
"C:\Users\ASUS\Desktop\SEGURA EP\BITSAC\.venv\Lib\site-packages\pydantic_settings-2.7.1.dist-info\licenses",,""
"C:\Users\ASUS\Desktop\SEGURA EP\BITSAC\.venv\Lib\site-packages\pydantic_settings-2.7.1.dist-info\INSTALLER","4",""
"C:\Users\ASUS\Desktop\SEGURA EP\BITSAC\.venv\Lib\site-packages\pydantic_settings-2.7.1.dist-info\METADATA","3526",""
"C:\Users\ASUS\Desktop\SEGURA EP\BITSAC\.venv\Lib\site-packages\pydantic_settings-2.7.1.dist-info\RECORD","1330",""
"C:\Users\ASUS\Desktop\SEGURA EP\BITSAC\.venv\Lib\site-packages\pydantic_settings-2.7.1.dist-info\REQUESTED","0",""
"C:\Users\ASUS\Desktop\SEGURA EP\BITSAC\.venv\Lib\site-packages\pydantic_settings-2.7.1.dist-info\WHEEL","87",""
"C:\Users\ASUS\Desktop\SEGURA EP\BITSAC\.venv\Lib\site-packages\pydantic_settings-2.7.1.dist-info\licenses\LICENSE","1103",""
"C:\Users\ASUS\Desktop\SEGURA EP\BITSAC\.venv\Lib\site-packages\pyodbc-5.2.0.dist-info\INSTALLER","4",""
"C:\Users\ASUS\Desktop\SEGURA EP\BITSAC\.venv\Lib\site-packages\pyodbc-5.2.0.dist-info\LICENSE.txt","868",".txt"
"C:\Users\ASUS\Desktop\SEGURA EP\BITSAC\.venv\Lib\site-packages\pyodbc-5.2.0.dist-info\METADATA","2797",""
"C:\Users\ASUS\Desktop\SEGURA EP\BITSAC\.venv\Lib\site-packages\pyodbc-5.2.0.dist-info\RECORD","718",""
"C:\Users\ASUS\Desktop\SEGURA EP\BITSAC\.venv\Lib\site-packages\pyodbc-5.2.0.dist-info\REQUESTED","0",""
"C:\Users\ASUS\Desktop\SEGURA EP\BITSAC\.venv\Lib\site-packages\pyodbc-5.2.0.dist-info\top_level.txt","8",".txt"
"C:\Users\ASUS\Desktop\SEGURA EP\BITSAC\.venv\Lib\site-packages\pyodbc-5.2.0.dist-info\WHEEL","101",""
"C:\Users\ASUS\Desktop\SEGURA EP\BITSAC\.venv\Lib\site-packages\python_dotenv-1.0.1.dist-info\entry_points.txt","47",".txt"
"C:\Users\ASUS\Desktop\SEGURA EP\BITSAC\.venv\Lib\site-packages\python_dotenv-1.0.1.dist-info\INSTALLER","4",""
"C:\Users\ASUS\Desktop\SEGURA EP\BITSAC\.venv\Lib\site-packages\python_dotenv-1.0.1.dist-info\LICENSE","1556",""
"C:\Users\ASUS\Desktop\SEGURA EP\BITSAC\.venv\Lib\site-packages\python_dotenv-1.0.1.dist-info\METADATA","23170",""
"C:\Users\ASUS\Desktop\SEGURA EP\BITSAC\.venv\Lib\site-packages\python_dotenv-1.0.1.dist-info\RECORD","1824",""
"C:\Users\ASUS\Desktop\SEGURA EP\BITSAC\.venv\Lib\site-packages\python_dotenv-1.0.1.dist-info\REQUESTED","0",""
"C:\Users\ASUS\Desktop\SEGURA EP\BITSAC\.venv\Lib\site-packages\python_dotenv-1.0.1.dist-info\top_level.txt","7",".txt"
"C:\Users\ASUS\Desktop\SEGURA EP\BITSAC\.venv\Lib\site-packages\python_dotenv-1.0.1.dist-info\WHEEL","92",""
"C:\Users\ASUS\Desktop\SEGURA EP\BITSAC\.venv\Lib\site-packages\python_jose-3.3.0.dist-info\INSTALLER","4",""
"C:\Users\ASUS\Desktop\SEGURA EP\BITSAC\.venv\Lib\site-packages\python_jose-3.3.0.dist-info\LICENSE","1081",""
"C:\Users\ASUS\Desktop\SEGURA EP\BITSAC\.venv\Lib\site-packages\python_jose-3.3.0.dist-info\METADATA","5403",""
"C:\Users\ASUS\Desktop\SEGURA EP\BITSAC\.venv\Lib\site-packages\python_jose-3.3.0.dist-info\RECORD","2491",""
"C:\Users\ASUS\Desktop\SEGURA EP\BITSAC\.venv\Lib\site-packages\python_jose-3.3.0.dist-info\REQUESTED","0",""
"C:\Users\ASUS\Desktop\SEGURA EP\BITSAC\.venv\Lib\site-packages\python_jose-3.3.0.dist-info\top_level.txt","19",".txt"
"C:\Users\ASUS\Desktop\SEGURA EP\BITSAC\.venv\Lib\site-packages\python_jose-3.3.0.dist-info\WHEEL","110",""
"C:\Users\ASUS\Desktop\SEGURA EP\BITSAC\.venv\Lib\site-packages\pyyaml-6.0.3.dist-info\licenses",,""
"C:\Users\ASUS\Desktop\SEGURA EP\BITSAC\.venv\Lib\site-packages\pyyaml-6.0.3.dist-info\INSTALLER","4",""
"C:\Users\ASUS\Desktop\SEGURA EP\BITSAC\.venv\Lib\site-packages\pyyaml-6.0.3.dist-info\METADATA","2410",""
"C:\Users\ASUS\Desktop\SEGURA EP\BITSAC\.venv\Lib\site-packages\pyyaml-6.0.3.dist-info\RECORD","2693",""
"C:\Users\ASUS\Desktop\SEGURA EP\BITSAC\.venv\Lib\site-packages\pyyaml-6.0.3.dist-info\top_level.txt","11",".txt"
"C:\Users\ASUS\Desktop\SEGURA EP\BITSAC\.venv\Lib\site-packages\pyyaml-6.0.3.dist-info\WHEEL","101",""
"C:\Users\ASUS\Desktop\SEGURA EP\BITSAC\.venv\Lib\site-packages\pyyaml-6.0.3.dist-info\licenses\LICENSE","1101",""
"C:\Users\ASUS\Desktop\SEGURA EP\BITSAC\.venv\Lib\site-packages\rsa\__pycache__",,""
"C:\Users\ASUS\Desktop\SEGURA EP\BITSAC\.venv\Lib\site-packages\rsa\asn1.py","1740",".py"
"C:\Users\ASUS\Desktop\SEGURA EP\BITSAC\.venv\Lib\site-packages\rsa\cli.py","9862",".py"
"C:\Users\ASUS\Desktop\SEGURA EP\BITSAC\.venv\Lib\site-packages\rsa\common.py","4679",".py"
"C:\Users\ASUS\Desktop\SEGURA EP\BITSAC\.venv\Lib\site-packages\rsa\core.py","1661",".py"
"C:\Users\ASUS\Desktop\SEGURA EP\BITSAC\.venv\Lib\site-packages\rsa\key.py","27427",".py"
"C:\Users\ASUS\Desktop\SEGURA EP\BITSAC\.venv\Lib\site-packages\rsa\parallel.py","2309",".py"
"C:\Users\ASUS\Desktop\SEGURA EP\BITSAC\.venv\Lib\site-packages\rsa\pem.py","3989",".py"
"C:\Users\ASUS\Desktop\SEGURA EP\BITSAC\.venv\Lib\site-packages\rsa\pkcs1.py","16205",".py"
"C:\Users\ASUS\Desktop\SEGURA EP\BITSAC\.venv\Lib\site-packages\rsa\pkcs1_v2.py","3449",".py"
"C:\Users\ASUS\Desktop\SEGURA EP\BITSAC\.venv\Lib\site-packages\rsa\prime.py","5106",".py"
"C:\Users\ASUS\Desktop\SEGURA EP\BITSAC\.venv\Lib\site-packages\rsa\py.typed","63",".typed"
"C:\Users\ASUS\Desktop\SEGURA EP\BITSAC\.venv\Lib\site-packages\rsa\randnum.py","2657",".py"
"C:\Users\ASUS\Desktop\SEGURA EP\BITSAC\.venv\Lib\site-packages\rsa\transform.py","2200",".py"
"C:\Users\ASUS\Desktop\SEGURA EP\BITSAC\.venv\Lib\site-packages\rsa\util.py","2993",".py"
"C:\Users\ASUS\Desktop\SEGURA EP\BITSAC\.venv\Lib\site-packages\rsa\__init__.py","1607",".py"
"C:\Users\ASUS\Desktop\SEGURA EP\BITSAC\.venv\Lib\site-packages\rsa\__pycache__\asn1.cpython-313.pyc","2264",".pyc"
"C:\Users\ASUS\Desktop\SEGURA EP\BITSAC\.venv\Lib\site-packages\rsa\__pycache__\cli.cpython-313.pyc","14904",".pyc"
"C:\Users\ASUS\Desktop\SEGURA EP\BITSAC\.venv\Lib\site-packages\rsa\__pycache__\common.cpython-313.pyc","5123",".pyc"
"C:\Users\ASUS\Desktop\SEGURA EP\BITSAC\.venv\Lib\site-packages\rsa\__pycache__\core.cpython-313.pyc","1762",".pyc"
"C:\Users\ASUS\Desktop\SEGURA EP\BITSAC\.venv\Lib\site-packages\rsa\__pycache__\key.cpython-313.pyc","34313",".pyc"
"C:\Users\ASUS\Desktop\SEGURA EP\BITSAC\.venv\Lib\site-packages\rsa\__pycache__\parallel.cpython-313.pyc","2664",".pyc"
"C:\Users\ASUS\Desktop\SEGURA EP\BITSAC\.venv\Lib\site-packages\rsa\__pycache__\pem.cpython-313.pyc","3968",".pyc"
"C:\Users\ASUS\Desktop\SEGURA EP\BITSAC\.venv\Lib\site-packages\rsa\__pycache__\pkcs1.cpython-313.pyc","16398",".pyc"
"C:\Users\ASUS\Desktop\SEGURA EP\BITSAC\.venv\Lib\site-packages\rsa\__pycache__\pkcs1_v2.cpython-313.pyc","3493",".pyc"
"C:\Users\ASUS\Desktop\SEGURA EP\BITSAC\.venv\Lib\site-packages\rsa\__pycache__\prime.cpython-313.pyc","4756",".pyc"
"C:\Users\ASUS\Desktop\SEGURA EP\BITSAC\.venv\Lib\site-packages\rsa\__pycache__\randnum.cpython-313.pyc","2332",".pyc"
"C:\Users\ASUS\Desktop\SEGURA EP\BITSAC\.venv\Lib\site-packages\rsa\__pycache__\transform.cpython-313.pyc","2165",".pyc"
"C:\Users\ASUS\Desktop\SEGURA EP\BITSAC\.venv\Lib\site-packages\rsa\__pycache__\util.cpython-313.pyc","3503",".pyc"
"C:\Users\ASUS\Desktop\SEGURA EP\BITSAC\.venv\Lib\site-packages\rsa\__pycache__\__init__.cpython-313.pyc","1164",".pyc"
"C:\Users\ASUS\Desktop\SEGURA EP\BITSAC\.venv\Lib\site-packages\rsa-4.9.1.dist-info\entry_points.txt","201",".txt"
"C:\Users\ASUS\Desktop\SEGURA EP\BITSAC\.venv\Lib\site-packages\rsa-4.9.1.dist-info\INSTALLER","4",""
"C:\Users\ASUS\Desktop\SEGURA EP\BITSAC\.venv\Lib\site-packages\rsa-4.9.1.dist-info\LICENSE","577",""
"C:\Users\ASUS\Desktop\SEGURA EP\BITSAC\.venv\Lib\site-packages\rsa-4.9.1.dist-info\METADATA","5590",""
"C:\Users\ASUS\Desktop\SEGURA EP\BITSAC\.venv\Lib\site-packages\rsa-4.9.1.dist-info\RECORD","2638",""
"C:\Users\ASUS\Desktop\SEGURA EP\BITSAC\.venv\Lib\site-packages\rsa-4.9.1.dist-info\WHEEL","88",""
"C:\Users\ASUS\Desktop\SEGURA EP\BITSAC\.venv\Lib\site-packages\six-1.17.0.dist-info\INSTALLER","4",""
"C:\Users\ASUS\Desktop\SEGURA EP\BITSAC\.venv\Lib\site-packages\six-1.17.0.dist-info\LICENSE","1066",""
"C:\Users\ASUS\Desktop\SEGURA EP\BITSAC\.venv\Lib\site-packages\six-1.17.0.dist-info\METADATA","1658",""
"C:\Users\ASUS\Desktop\SEGURA EP\BITSAC\.venv\Lib\site-packages\six-1.17.0.dist-info\RECORD","561",""
"C:\Users\ASUS\Desktop\SEGURA EP\BITSAC\.venv\Lib\site-packages\six-1.17.0.dist-info\top_level.txt","4",".txt"
"C:\Users\ASUS\Desktop\SEGURA EP\BITSAC\.venv\Lib\site-packages\six-1.17.0.dist-info\WHEEL","109",""
"C:\Users\ASUS\Desktop\SEGURA EP\BITSAC\.venv\Lib\site-packages\starlette\middleware",,""
"C:\Users\ASUS\Desktop\SEGURA EP\BITSAC\.venv\Lib\site-packages\starlette\__pycache__",,""
"C:\Users\ASUS\Desktop\SEGURA EP\BITSAC\.venv\Lib\site-packages\starlette\applications.py","10447",".py"
"C:\Users\ASUS\Desktop\SEGURA EP\BITSAC\.venv\Lib\site-packages\starlette\authentication.py","4948",".py"
"C:\Users\ASUS\Desktop\SEGURA EP\BITSAC\.venv\Lib\site-packages\starlette\background.py","1257",".py"
"C:\Users\ASUS\Desktop\SEGURA EP\BITSAC\.venv\Lib\site-packages\starlette\concurrency.py","1850",".py"
"C:\Users\ASUS\Desktop\SEGURA EP\BITSAC\.venv\Lib\site-packages\starlette\config.py","4445",".py"
"C:\Users\ASUS\Desktop\SEGURA EP\BITSAC\.venv\Lib\site-packages\starlette\convertors.py","2283",".py"
"C:\Users\ASUS\Desktop\SEGURA EP\BITSAC\.venv\Lib\site-packages\starlette\datastructures.py","22334",".py"
"C:\Users\ASUS\Desktop\SEGURA EP\BITSAC\.venv\Lib\site-packages\starlette\endpoints.py","5077",".py"
"C:\Users\ASUS\Desktop\SEGURA EP\BITSAC\.venv\Lib\site-packages\starlette\exceptions.py","1826",".py"
"C:\Users\ASUS\Desktop\SEGURA EP\BITSAC\.venv\Lib\site-packages\starlette\formparsers.py","10779",".py"
"C:\Users\ASUS\Desktop\SEGURA EP\BITSAC\.venv\Lib\site-packages\starlette\py.typed","0",".typed"
"C:\Users\ASUS\Desktop\SEGURA EP\BITSAC\.venv\Lib\site-packages\starlette\requests.py","11392",".py"
"C:\Users\ASUS\Desktop\SEGURA EP\BITSAC\.venv\Lib\site-packages\starlette\responses.py","20050",".py"
"C:\Users\ASUS\Desktop\SEGURA EP\BITSAC\.venv\Lib\site-packages\starlette\routing.py","34507",".py"
"C:\Users\ASUS\Desktop\SEGURA EP\BITSAC\.venv\Lib\site-packages\starlette\schemas.py","5181",".py"
"C:\Users\ASUS\Desktop\SEGURA EP\BITSAC\.venv\Lib\site-packages\starlette\staticfiles.py","8426",".py"
"C:\Users\ASUS\Desktop\SEGURA EP\BITSAC\.venv\Lib\site-packages\starlette\status.py","6099",".py"
"C:\Users\ASUS\Desktop\SEGURA EP\BITSAC\.venv\Lib\site-packages\starlette\templating.py","8366",".py"
"C:\Users\ASUS\Desktop\SEGURA EP\BITSAC\.venv\Lib\site-packages\starlette\testclient.py","29961",".py"
"C:\Users\ASUS\Desktop\SEGURA EP\BITSAC\.venv\Lib\site-packages\starlette\types.py","1048",".py"
"C:\Users\ASUS\Desktop\SEGURA EP\BITSAC\.venv\Lib\site-packages\starlette\websockets.py","8311",".py"
"C:\Users\ASUS\Desktop\SEGURA EP\BITSAC\.venv\Lib\site-packages\starlette\_compat.py","1134",".py"
"C:\Users\ASUS\Desktop\SEGURA EP\BITSAC\.venv\Lib\site-packages\starlette\_exception_handler.py","2233",".py"
"C:\Users\ASUS\Desktop\SEGURA EP\BITSAC\.venv\Lib\site-packages\starlette\_utils.py","2716",".py"
"C:\Users\ASUS\Desktop\SEGURA EP\BITSAC\.venv\Lib\site-packages\starlette\__init__.py","23",".py"
"C:\Users\ASUS\Desktop\SEGURA EP\BITSAC\.venv\Lib\site-packages\starlette\middleware\__pycache__",,""
"C:\Users\ASUS\Desktop\SEGURA EP\BITSAC\.venv\Lib\site-packages\starlette\middleware\authentication.py","1791",".py"
"C:\Users\ASUS\Desktop\SEGURA EP\BITSAC\.venv\Lib\site-packages\starlette\middleware\base.py","9204",".py"
"C:\Users\ASUS\Desktop\SEGURA EP\BITSAC\.venv\Lib\site-packages\starlette\middleware\cors.py","7051",".py"
"C:\Users\ASUS\Desktop\SEGURA EP\BITSAC\.venv\Lib\site-packages\starlette\middleware\errors.py","8066",".py"
"C:\Users\ASUS\Desktop\SEGURA EP\BITSAC\.venv\Lib\site-packages\starlette\middleware\exceptions.py","2770",".py"
"C:\Users\ASUS\Desktop\SEGURA EP\BITSAC\.venv\Lib\site-packages\starlette\middleware\gzip.py","4484",".py"
"C:\Users\ASUS\Desktop\SEGURA EP\BITSAC\.venv\Lib\site-packages\starlette\middleware\httpsredirect.py","848",".py"
"C:\Users\ASUS\Desktop\SEGURA EP\BITSAC\.venv\Lib\site-packages\starlette\middleware\sessions.py","3566",".py"
"C:\Users\ASUS\Desktop\SEGURA EP\BITSAC\.venv\Lib\site-packages\starlette\middleware\trustedhost.py","2203",".py"
"C:\Users\ASUS\Desktop\SEGURA EP\BITSAC\.venv\Lib\site-packages\starlette\middleware\wsgi.py","5365",".py"
"C:\Users\ASUS\Desktop\SEGURA EP\BITSAC\.venv\Lib\site-packages\starlette\middleware\__init__.py","1194",".py"
"C:\Users\ASUS\Desktop\SEGURA EP\BITSAC\.venv\Lib\site-packages\starlette\middleware\__pycache__\authentication.cpython-313.pyc","2927",".pyc"
"C:\Users\ASUS\Desktop\SEGURA EP\BITSAC\.venv\Lib\site-packages\starlette\middleware\__pycache__\base.cpython-313.pyc","12086",".pyc"
"C:\Users\ASUS\Desktop\SEGURA EP\BITSAC\.venv\Lib\site-packages\starlette\middleware\__pycache__\cors.cpython-313.pyc","7639",".pyc"
"C:\Users\ASUS\Desktop\SEGURA EP\BITSAC\.venv\Lib\site-packages\starlette\middleware\__pycache__\errors.cpython-313.pyc","10043",".pyc"
"C:\Users\ASUS\Desktop\SEGURA EP\BITSAC\.venv\Lib\site-packages\starlette\middleware\__pycache__\exceptions.cpython-313.pyc","4174",".pyc"
"C:\Users\ASUS\Desktop\SEGURA EP\BITSAC\.venv\Lib\site-packages\starlette\middleware\__pycache__\gzip.cpython-313.pyc","6970",".pyc"
"C:\Users\ASUS\Desktop\SEGURA EP\BITSAC\.venv\Lib\site-packages\starlette\middleware\__pycache__\httpsredirect.cpython-313.pyc","1805",".pyc"
"C:\Users\ASUS\Desktop\SEGURA EP\BITSAC\.venv\Lib\site-packages\starlette\middleware\__pycache__\sessions.cpython-313.pyc","4750",".pyc"
"C:\Users\ASUS\Desktop\SEGURA EP\BITSAC\.venv\Lib\site-packages\starlette\middleware\__pycache__\trustedhost.cpython-313.pyc","3258",".pyc"
"C:\Users\ASUS\Desktop\SEGURA EP\BITSAC\.venv\Lib\site-packages\starlette\middleware\__pycache__\wsgi.cpython-313.pyc","8697",".pyc"
"C:\Users\ASUS\Desktop\SEGURA EP\BITSAC\.venv\Lib\site-packages\starlette\middleware\__pycache__\__init__.cpython-313.pyc","2621",".pyc"
"C:\Users\ASUS\Desktop\SEGURA EP\BITSAC\.venv\Lib\site-packages\starlette\__pycache__\applications.cpython-313.pyc","12635",".pyc"
"C:\Users\ASUS\Desktop\SEGURA EP\BITSAC\.venv\Lib\site-packages\starlette\__pycache__\authentication.cpython-313.pyc","8205",".pyc"
"C:\Users\ASUS\Desktop\SEGURA EP\BITSAC\.venv\Lib\site-packages\starlette\__pycache__\background.cpython-313.pyc","2725",".pyc"
"C:\Users\ASUS\Desktop\SEGURA EP\BITSAC\.venv\Lib\site-packages\starlette\__pycache__\concurrency.cpython-313.pyc","3338",".pyc"
"C:\Users\ASUS\Desktop\SEGURA EP\BITSAC\.venv\Lib\site-packages\starlette\__pycache__\config.cpython-313.pyc","7703",".pyc"
"C:\Users\ASUS\Desktop\SEGURA EP\BITSAC\.venv\Lib\site-packages\starlette\__pycache__\convertors.cpython-313.pyc","4991",".pyc"
"C:\Users\ASUS\Desktop\SEGURA EP\BITSAC\.venv\Lib\site-packages\starlette\__pycache__\datastructures.cpython-313.pyc","40096",".pyc"
"C:\Users\ASUS\Desktop\SEGURA EP\BITSAC\.venv\Lib\site-packages\starlette\__pycache__\endpoints.cpython-313.pyc","7974",".pyc"
"C:\Users\ASUS\Desktop\SEGURA EP\BITSAC\.venv\Lib\site-packages\starlette\__pycache__\exceptions.cpython-313.pyc","3516",".pyc"
"C:\Users\ASUS\Desktop\SEGURA EP\BITSAC\.venv\Lib\site-packages\starlette\__pycache__\formparsers.cpython-313.pyc","14451",".pyc"
"C:\Users\ASUS\Desktop\SEGURA EP\BITSAC\.venv\Lib\site-packages\starlette\__pycache__\requests.cpython-313.pyc","16560",".pyc"
"C:\Users\ASUS\Desktop\SEGURA EP\BITSAC\.venv\Lib\site-packages\starlette\__pycache__\responses.cpython-313.pyc","29144",".pyc"
"C:\Users\ASUS\Desktop\SEGURA EP\BITSAC\.venv\Lib\site-packages\starlette\__pycache__\routing.cpython-313.pyc","44773",".pyc"
"C:\Users\ASUS\Desktop\SEGURA EP\BITSAC\.venv\Lib\site-packages\starlette\__pycache__\schemas.cpython-313.pyc","7240",".pyc"
"C:\Users\ASUS\Desktop\SEGURA EP\BITSAC\.venv\Lib\site-packages\starlette\__pycache__\staticfiles.cpython-313.pyc","11669",".pyc"
"C:\Users\ASUS\Desktop\SEGURA EP\BITSAC\.venv\Lib\site-packages\starlette\__pycache__\status.cpython-313.pyc","5100",".pyc"
"C:\Users\ASUS\Desktop\SEGURA EP\BITSAC\.venv\Lib\site-packages\starlette\__pycache__\templating.cpython-313.pyc","10153",".pyc"
"C:\Users\ASUS\Desktop\SEGURA EP\BITSAC\.venv\Lib\site-packages\starlette\__pycache__\testclient.cpython-313.pyc","37414",".pyc"
"C:\Users\ASUS\Desktop\SEGURA EP\BITSAC\.venv\Lib\site-packages\starlette\__pycache__\types.cpython-313.pyc","1790",".pyc"
"C:\Users\ASUS\Desktop\SEGURA EP\BITSAC\.venv\Lib\site-packages\starlette\__pycache__\websockets.cpython-313.pyc","12100",".pyc"
"C:\Users\ASUS\Desktop\SEGURA EP\BITSAC\.venv\Lib\site-packages\starlette\__pycache__\_compat.cpython-313.pyc","907",".pyc"
"C:\Users\ASUS\Desktop\SEGURA EP\BITSAC\.venv\Lib\site-packages\starlette\__pycache__\_exception_handler.cpython-313.pyc","3183",".pyc"
"C:\Users\ASUS\Desktop\SEGURA EP\BITSAC\.venv\Lib\site-packages\starlette\__pycache__\_utils.cpython-313.pyc","5580",".pyc"
"C:\Users\ASUS\Desktop\SEGURA EP\BITSAC\.venv\Lib\site-packages\starlette\__pycache__\__init__.cpython-313.pyc","208",".pyc"
"C:\Users\ASUS\Desktop\SEGURA EP\BITSAC\.venv\Lib\site-packages\starlette-0.41.3.dist-info\licenses",,""
"C:\Users\ASUS\Desktop\SEGURA EP\BITSAC\.venv\Lib\site-packages\starlette-0.41.3.dist-info\INSTALLER","4",""
"C:\Users\ASUS\Desktop\SEGURA EP\BITSAC\.venv\Lib\site-packages\starlette-0.41.3.dist-info\METADATA","5995",""
"C:\Users\ASUS\Desktop\SEGURA EP\BITSAC\.venv\Lib\site-packages\starlette-0.41.3.dist-info\RECORD","5317",""
"C:\Users\ASUS\Desktop\SEGURA EP\BITSAC\.venv\Lib\site-packages\starlette-0.41.3.dist-info\WHEEL","87",""
"C:\Users\ASUS\Desktop\SEGURA EP\BITSAC\.venv\Lib\site-packages\starlette-0.41.3.dist-info\licenses\LICENSE.md","1518",".md"
"C:\Users\ASUS\Desktop\SEGURA EP\BITSAC\.venv\Lib\site-packages\typing_extensions-4.16.0.dist-info\licenses",,""
"C:\Users\ASUS\Desktop\SEGURA EP\BITSAC\.venv\Lib\site-packages\typing_extensions-4.16.0.dist-info\INSTALLER","4",""
"C:\Users\ASUS\Desktop\SEGURA EP\BITSAC\.venv\Lib\site-packages\typing_extensions-4.16.0.dist-info\METADATA","3310",""
"C:\Users\ASUS\Desktop\SEGURA EP\BITSAC\.venv\Lib\site-packages\typing_extensions-4.16.0.dist-info\RECORD","580",""
"C:\Users\ASUS\Desktop\SEGURA EP\BITSAC\.venv\Lib\site-packages\typing_extensions-4.16.0.dist-info\WHEEL","82",""
"C:\Users\ASUS\Desktop\SEGURA EP\BITSAC\.venv\Lib\site-packages\typing_extensions-4.16.0.dist-info\licenses\LICENSE","13936",""
"C:\Users\ASUS\Desktop\SEGURA EP\BITSAC\.venv\Lib\site-packages\typing_inspection\__pycache__",,""
"C:\Users\ASUS\Desktop\SEGURA EP\BITSAC\.venv\Lib\site-packages\typing_inspection\introspection.py","22534",".py"
"C:\Users\ASUS\Desktop\SEGURA EP\BITSAC\.venv\Lib\site-packages\typing_inspection\py.typed","0",".typed"
"C:\Users\ASUS\Desktop\SEGURA EP\BITSAC\.venv\Lib\site-packages\typing_inspection\typing_objects.py","17166",".py"
"C:\Users\ASUS\Desktop\SEGURA EP\BITSAC\.venv\Lib\site-packages\typing_inspection\typing_objects.pyi","9401",".pyi"
"C:\Users\ASUS\Desktop\SEGURA EP\BITSAC\.venv\Lib\site-packages\typing_inspection\__init__.py","0",".py"
"C:\Users\ASUS\Desktop\SEGURA EP\BITSAC\.venv\Lib\site-packages\typing_inspection\__pycache__\introspection.cpython-313.pyc","17682",".pyc"
"C:\Users\ASUS\Desktop\SEGURA EP\BITSAC\.venv\Lib\site-packages\typing_inspection\__pycache__\typing_objects.cpython-313.pyc","17413",".pyc"
"C:\Users\ASUS\Desktop\SEGURA EP\BITSAC\.venv\Lib\site-packages\typing_inspection\__pycache__\__init__.cpython-313.pyc","189",".pyc"
"C:\Users\ASUS\Desktop\SEGURA EP\BITSAC\.venv\Lib\site-packages\typing_inspection-0.4.2.dist-info\licenses",,""
"C:\Users\ASUS\Desktop\SEGURA EP\BITSAC\.venv\Lib\site-packages\typing_inspection-0.4.2.dist-info\INSTALLER","4",""
"C:\Users\ASUS\Desktop\SEGURA EP\BITSAC\.venv\Lib\site-packages\typing_inspection-0.4.2.dist-info\METADATA","2552",""
"C:\Users\ASUS\Desktop\SEGURA EP\BITSAC\.venv\Lib\site-packages\typing_inspection-0.4.2.dist-info\RECORD","1076",""
"C:\Users\ASUS\Desktop\SEGURA EP\BITSAC\.venv\Lib\site-packages\typing_inspection-0.4.2.dist-info\WHEEL","87",""
"C:\Users\ASUS\Desktop\SEGURA EP\BITSAC\.venv\Lib\site-packages\typing_inspection-0.4.2.dist-info\licenses\LICENSE","1090",""
"C:\Users\ASUS\Desktop\SEGURA EP\BITSAC\.venv\Lib\site-packages\uvicorn\lifespan",,""
"C:\Users\ASUS\Desktop\SEGURA EP\BITSAC\.venv\Lib\site-packages\uvicorn\loops",,""
"C:\Users\ASUS\Desktop\SEGURA EP\BITSAC\.venv\Lib\site-packages\uvicorn\middleware",,""
"C:\Users\ASUS\Desktop\SEGURA EP\BITSAC\.venv\Lib\site-packages\uvicorn\protocols",,""
"C:\Users\ASUS\Desktop\SEGURA EP\BITSAC\.venv\Lib\site-packages\uvicorn\supervisors",,""
"C:\Users\ASUS\Desktop\SEGURA EP\BITSAC\.venv\Lib\site-packages\uvicorn\__pycache__",,""
"C:\Users\ASUS\Desktop\SEGURA EP\BITSAC\.venv\Lib\site-packages\uvicorn\config.py","20897",".py"
"C:\Users\ASUS\Desktop\SEGURA EP\BITSAC\.venv\Lib\site-packages\uvicorn\importer.py","1128",".py"
"C:\Users\ASUS\Desktop\SEGURA EP\BITSAC\.venv\Lib\site-packages\uvicorn\logging.py","4235",".py"
"C:\Users\ASUS\Desktop\SEGURA EP\BITSAC\.venv\Lib\site-packages\uvicorn\main.py","16915",".py"
"C:\Users\ASUS\Desktop\SEGURA EP\BITSAC\.venv\Lib\site-packages\uvicorn\py.typed","1",".typed"
"C:\Users\ASUS\Desktop\SEGURA EP\BITSAC\.venv\Lib\site-packages\uvicorn\server.py","12893",".py"
"C:\Users\ASUS\Desktop\SEGURA EP\BITSAC\.venv\Lib\site-packages\uvicorn\workers.py","3895",".py"
"C:\Users\ASUS\Desktop\SEGURA EP\BITSAC\.venv\Lib\site-packages\uvicorn\_subprocess.py","2766",".py"
"C:\Users\ASUS\Desktop\SEGURA EP\BITSAC\.venv\Lib\site-packages\uvicorn\_types.py","7775",".py"
"C:\Users\ASUS\Desktop\SEGURA EP\BITSAC\.venv\Lib\site-packages\uvicorn\__init__.py","147",".py"
"C:\Users\ASUS\Desktop\SEGURA EP\BITSAC\.venv\Lib\site-packages\uvicorn\__main__.py","62",".py"
"C:\Users\ASUS\Desktop\SEGURA EP\BITSAC\.venv\Lib\site-packages\uvicorn\lifespan\__pycache__",,""
"C:\Users\ASUS\Desktop\SEGURA EP\BITSAC\.venv\Lib\site-packages\uvicorn\lifespan\off.py","332",".py"
"C:\Users\ASUS\Desktop\SEGURA EP\BITSAC\.venv\Lib\site-packages\uvicorn\lifespan\on.py","5184",".py"
"C:\Users\ASUS\Desktop\SEGURA EP\BITSAC\.venv\Lib\site-packages\uvicorn\lifespan\__init__.py","0",".py"
"C:\Users\ASUS\Desktop\SEGURA EP\BITSAC\.venv\Lib\site-packages\uvicorn\lifespan\__pycache__\off.cpython-313.pyc","1040",".pyc"
"C:\Users\ASUS\Desktop\SEGURA EP\BITSAC\.venv\Lib\site-packages\uvicorn\lifespan\__pycache__\on.cpython-313.pyc","8312",".pyc"
"C:\Users\ASUS\Desktop\SEGURA EP\BITSAC\.venv\Lib\site-packages\uvicorn\lifespan\__pycache__\__init__.cpython-313.pyc","188",".pyc"
"C:\Users\ASUS\Desktop\SEGURA EP\BITSAC\.venv\Lib\site-packages\uvicorn\loops\__pycache__",,""
"C:\Users\ASUS\Desktop\SEGURA EP\BITSAC\.venv\Lib\site-packages\uvicorn\loops\asyncio.py","301",".py"
"C:\Users\ASUS\Desktop\SEGURA EP\BITSAC\.venv\Lib\site-packages\uvicorn\loops\auto.py","400",".py"
"C:\Users\ASUS\Desktop\SEGURA EP\BITSAC\.venv\Lib\site-packages\uvicorn\loops\uvloop.py","148",".py"
"C:\Users\ASUS\Desktop\SEGURA EP\BITSAC\.venv\Lib\site-packages\uvicorn\loops\__init__.py","0",".py"
"C:\Users\ASUS\Desktop\SEGURA EP\BITSAC\.venv\Lib\site-packages\uvicorn\loops\__pycache__\asyncio.cpython-313.pyc","766",".pyc"
"C:\Users\ASUS\Desktop\SEGURA EP\BITSAC\.venv\Lib\site-packages\uvicorn\loops\__pycache__\auto.cpython-313.pyc","646",".pyc"
"C:\Users\ASUS\Desktop\SEGURA EP\BITSAC\.venv\Lib\site-packages\uvicorn\loops\__pycache__\uvloop.cpython-313.pyc","546",".pyc"
"C:\Users\ASUS\Desktop\SEGURA EP\BITSAC\.venv\Lib\site-packages\uvicorn\loops\__pycache__\__init__.cpython-313.pyc","185",".pyc"
"C:\Users\ASUS\Desktop\SEGURA EP\BITSAC\.venv\Lib\site-packages\uvicorn\middleware\__pycache__",,""
"C:\Users\ASUS\Desktop\SEGURA EP\BITSAC\.venv\Lib\site-packages\uvicorn\middleware\asgi2.py","394",".py"
"C:\Users\ASUS\Desktop\SEGURA EP\BITSAC\.venv\Lib\site-packages\uvicorn\middleware\message_logger.py","2859",".py"
"C:\Users\ASUS\Desktop\SEGURA EP\BITSAC\.venv\Lib\site-packages\uvicorn\middleware\proxy_headers.py","5790",".py"
"C:\Users\ASUS\Desktop\SEGURA EP\BITSAC\.venv\Lib\site-packages\uvicorn\middleware\wsgi.py","7120",".py"
"C:\Users\ASUS\Desktop\SEGURA EP\BITSAC\.venv\Lib\site-packages\uvicorn\middleware\__init__.py","0",".py"
"C:\Users\ASUS\Desktop\SEGURA EP\BITSAC\.venv\Lib\site-packages\uvicorn\middleware\__pycache__\asgi2.cpython-313.pyc","1053",".pyc"
"C:\Users\ASUS\Desktop\SEGURA EP\BITSAC\.venv\Lib\site-packages\uvicorn\middleware\__pycache__\message_logger.cpython-313.pyc","4466",".pyc"
"C:\Users\ASUS\Desktop\SEGURA EP\BITSAC\.venv\Lib\site-packages\uvicorn\middleware\__pycache__\proxy_headers.cpython-313.pyc","5995",".pyc"
"C:\Users\ASUS\Desktop\SEGURA EP\BITSAC\.venv\Lib\site-packages\uvicorn\middleware\__pycache__\wsgi.cpython-313.pyc","10144",".pyc"
"C:\Users\ASUS\Desktop\SEGURA EP\BITSAC\.venv\Lib\site-packages\uvicorn\middleware\__pycache__\__init__.cpython-313.pyc","190",".pyc"
"C:\Users\ASUS\Desktop\SEGURA EP\BITSAC\.venv\Lib\site-packages\uvicorn\protocols\http",,""
"C:\Users\ASUS\Desktop\SEGURA EP\BITSAC\.venv\Lib\site-packages\uvicorn\protocols\websockets",,""
"C:\Users\ASUS\Desktop\SEGURA EP\BITSAC\.venv\Lib\site-packages\uvicorn\protocols\__pycache__",,""
"C:\Users\ASUS\Desktop\SEGURA EP\BITSAC\.venv\Lib\site-packages\uvicorn\protocols\utils.py","1849",".py"
"C:\Users\ASUS\Desktop\SEGURA EP\BITSAC\.venv\Lib\site-packages\uvicorn\protocols\__init__.py","0",".py"
"C:\Users\ASUS\Desktop\SEGURA EP\BITSAC\.venv\Lib\site-packages\uvicorn\protocols\http\__pycache__",,""
"C:\Users\ASUS\Desktop\SEGURA EP\BITSAC\.venv\Lib\site-packages\uvicorn\protocols\http\auto.py","403",".py"
"C:\Users\ASUS\Desktop\SEGURA EP\BITSAC\.venv\Lib\site-packages\uvicorn\protocols\http\flow_control.py","1701",".py"
"C:\Users\ASUS\Desktop\SEGURA EP\BITSAC\.venv\Lib\site-packages\uvicorn\protocols\http\h11_impl.py","20694",".py"
"C:\Users\ASUS\Desktop\SEGURA EP\BITSAC\.venv\Lib\site-packages\uvicorn\protocols\http\httptools_impl.py","21805",".py"
"C:\Users\ASUS\Desktop\SEGURA EP\BITSAC\.venv\Lib\site-packages\uvicorn\protocols\http\__init__.py","0",".py"
"C:\Users\ASUS\Desktop\SEGURA EP\BITSAC\.venv\Lib\site-packages\uvicorn\protocols\http\__pycache__\auto.cpython-313.pyc","607",".pyc"
"C:\Users\ASUS\Desktop\SEGURA EP\BITSAC\.venv\Lib\site-packages\uvicorn\protocols\http\__pycache__\flow_control.cpython-313.pyc","3159",".pyc"
"C:\Users\ASUS\Desktop\SEGURA EP\BITSAC\.venv\Lib\site-packages\uvicorn\protocols\http\__pycache__\h11_impl.cpython-313.pyc","27657",".pyc"
"C:\Users\ASUS\Desktop\SEGURA EP\BITSAC\.venv\Lib\site-packages\uvicorn\protocols\http\__pycache__\httptools_impl.cpython-313.pyc","29851",".pyc"
"C:\Users\ASUS\Desktop\SEGURA EP\BITSAC\.venv\Lib\site-packages\uvicorn\protocols\http\__pycache__\__init__.cpython-313.pyc","194",".pyc"
"C:\Users\ASUS\Desktop\SEGURA EP\BITSAC\.venv\Lib\site-packages\uvicorn\protocols\websockets\__pycache__",,""
"C:\Users\ASUS\Desktop\SEGURA EP\BITSAC\.venv\Lib\site-packages\uvicorn\protocols\websockets\auto.py","574",".py"
"C:\Users\ASUS\Desktop\SEGURA EP\BITSAC\.venv\Lib\site-packages\uvicorn\protocols\websockets\websockets_impl.py","15517",".py"
"C:\Users\ASUS\Desktop\SEGURA EP\BITSAC\.venv\Lib\site-packages\uvicorn\protocols\websockets\wsproto_impl.py","15381",".py"
"C:\Users\ASUS\Desktop\SEGURA EP\BITSAC\.venv\Lib\site-packages\uvicorn\protocols\websockets\__init__.py","0",".py"
"C:\Users\ASUS\Desktop\SEGURA EP\BITSAC\.venv\Lib\site-packages\uvicorn\protocols\websockets\__pycache__\auto.cpython-313.pyc","790",".pyc"
"C:\Users\ASUS\Desktop\SEGURA EP\BITSAC\.venv\Lib\site-packages\uvicorn\protocols\websockets\__pycache__\websockets_impl.cpython-313.pyc","20859",".pyc"
"C:\Users\ASUS\Desktop\SEGURA EP\BITSAC\.venv\Lib\site-packages\uvicorn\protocols\websockets\__pycache__\wsproto_impl.cpython-313.pyc","21643",".pyc"
"C:\Users\ASUS\Desktop\SEGURA EP\BITSAC\.venv\Lib\site-packages\uvicorn\protocols\websockets\__pycache__\__init__.cpython-313.pyc","200",".pyc"
"C:\Users\ASUS\Desktop\SEGURA EP\BITSAC\.venv\Lib\site-packages\uvicorn\protocols\__pycache__\utils.cpython-313.pyc","3109",".pyc"
"C:\Users\ASUS\Desktop\SEGURA EP\BITSAC\.venv\Lib\site-packages\uvicorn\protocols\__pycache__\__init__.cpython-313.pyc","189",".pyc"
"C:\Users\ASUS\Desktop\SEGURA EP\BITSAC\.venv\Lib\site-packages\uvicorn\supervisors\__pycache__",,""
"C:\Users\ASUS\Desktop\SEGURA EP\BITSAC\.venv\Lib\site-packages\uvicorn\supervisors\basereload.py","3858",".py"
"C:\Users\ASUS\Desktop\SEGURA EP\BITSAC\.venv\Lib\site-packages\uvicorn\supervisors\multiprocess.py","7507",".py"
"C:\Users\ASUS\Desktop\SEGURA EP\BITSAC\.venv\Lib\site-packages\uvicorn\supervisors\statreload.py","1569",".py"
"C:\Users\ASUS\Desktop\SEGURA EP\BITSAC\.venv\Lib\site-packages\uvicorn\supervisors\watchfilesreload.py","3010",".py"
"C:\Users\ASUS\Desktop\SEGURA EP\BITSAC\.venv\Lib\site-packages\uvicorn\supervisors\__init__.py","507",".py"
"C:\Users\ASUS\Desktop\SEGURA EP\BITSAC\.venv\Lib\site-packages\uvicorn\supervisors\__pycache__\basereload.cpython-313.pyc","6980",".pyc"
"C:\Users\ASUS\Desktop\SEGURA EP\BITSAC\.venv\Lib\site-packages\uvicorn\supervisors\__pycache__\multiprocess.cpython-313.pyc","13653",".pyc"
"C:\Users\ASUS\Desktop\SEGURA EP\BITSAC\.venv\Lib\site-packages\uvicorn\supervisors\__pycache__\statreload.cpython-313.pyc","2950",".pyc"
"C:\Users\ASUS\Desktop\SEGURA EP\BITSAC\.venv\Lib\site-packages\uvicorn\supervisors\__pycache__\watchfilesreload.cpython-313.pyc","4793",".pyc"
"C:\Users\ASUS\Desktop\SEGURA EP\BITSAC\.venv\Lib\site-packages\uvicorn\supervisors\__pycache__\__init__.cpython-313.pyc","769",".pyc"
"C:\Users\ASUS\Desktop\SEGURA EP\BITSAC\.venv\Lib\site-packages\uvicorn\__pycache__\config.cpython-313.pyc","25608",".pyc"
"C:\Users\ASUS\Desktop\SEGURA EP\BITSAC\.venv\Lib\site-packages\uvicorn\__pycache__\importer.cpython-313.pyc","1842",".pyc"
"C:\Users\ASUS\Desktop\SEGURA EP\BITSAC\.venv\Lib\site-packages\uvicorn\__pycache__\logging.cpython-313.pyc","7672",".pyc"
"C:\Users\ASUS\Desktop\SEGURA EP\BITSAC\.venv\Lib\site-packages\uvicorn\__pycache__\main.cpython-313.pyc","19733",".pyc"
"C:\Users\ASUS\Desktop\SEGURA EP\BITSAC\.venv\Lib\site-packages\uvicorn\__pycache__\server.cpython-313.pyc","16902",".pyc"
"C:\Users\ASUS\Desktop\SEGURA EP\BITSAC\.venv\Lib\site-packages\uvicorn\__pycache__\workers.cpython-313.pyc","6825",".pyc"
"C:\Users\ASUS\Desktop\SEGURA EP\BITSAC\.venv\Lib\site-packages\uvicorn\__pycache__\_subprocess.cpython-313.pyc","2857",".pyc"
"C:\Users\ASUS\Desktop\SEGURA EP\BITSAC\.venv\Lib\site-packages\uvicorn\__pycache__\_types.cpython-313.pyc","11906",".pyc"
"C:\Users\ASUS\Desktop\SEGURA EP\BITSAC\.venv\Lib\site-packages\uvicorn\__pycache__\__init__.cpython-313.pyc","377",".pyc"
"C:\Users\ASUS\Desktop\SEGURA EP\BITSAC\.venv\Lib\site-packages\uvicorn\__pycache__\__main__.cpython-313.pyc","297",".pyc"
"C:\Users\ASUS\Desktop\SEGURA EP\BITSAC\.venv\Lib\site-packages\uvicorn-0.34.0.dist-info\licenses",,""
"C:\Users\ASUS\Desktop\SEGURA EP\BITSAC\.venv\Lib\site-packages\uvicorn-0.34.0.dist-info\entry_points.txt","46",".txt"
"C:\Users\ASUS\Desktop\SEGURA EP\BITSAC\.venv\Lib\site-packages\uvicorn-0.34.0.dist-info\INSTALLER","4",""
"C:\Users\ASUS\Desktop\SEGURA EP\BITSAC\.venv\Lib\site-packages\uvicorn-0.34.0.dist-info\METADATA","6534",""
"C:\Users\ASUS\Desktop\SEGURA EP\BITSAC\.venv\Lib\site-packages\uvicorn-0.34.0.dist-info\RECORD","6169",""
"C:\Users\ASUS\Desktop\SEGURA EP\BITSAC\.venv\Lib\site-packages\uvicorn-0.34.0.dist-info\REQUESTED","0",""
"C:\Users\ASUS\Desktop\SEGURA EP\BITSAC\.venv\Lib\site-packages\uvicorn-0.34.0.dist-info\WHEEL","87",""
"C:\Users\ASUS\Desktop\SEGURA EP\BITSAC\.venv\Lib\site-packages\uvicorn-0.34.0.dist-info\licenses\LICENSE.md","1526",".md"
"C:\Users\ASUS\Desktop\SEGURA EP\BITSAC\.venv\Lib\site-packages\watchfiles\__pycache__",,""
"C:\Users\ASUS\Desktop\SEGURA EP\BITSAC\.venv\Lib\site-packages\watchfiles\cli.py","7921",".py"
"C:\Users\ASUS\Desktop\SEGURA EP\BITSAC\.venv\Lib\site-packages\watchfiles\filters.py","5269",".py"
"C:\Users\ASUS\Desktop\SEGURA EP\BITSAC\.venv\Lib\site-packages\watchfiles\main.py","15539",".py"
"C:\Users\ASUS\Desktop\SEGURA EP\BITSAC\.venv\Lib\site-packages\watchfiles\py.typed","70",".typed"
"C:\Users\ASUS\Desktop\SEGURA EP\BITSAC\.venv\Lib\site-packages\watchfiles\run.py","15683",".py"
"C:\Users\ASUS\Desktop\SEGURA EP\BITSAC\.venv\Lib\site-packages\watchfiles\version.py","90",".py"
"C:\Users\ASUS\Desktop\SEGURA EP\BITSAC\.venv\Lib\site-packages\watchfiles\_rust_notify.cp313-win_amd64.pyd","635392",".pyd"
"C:\Users\ASUS\Desktop\SEGURA EP\BITSAC\.venv\Lib\site-packages\watchfiles\_rust_notify.pyi","4864",".pyi"
"C:\Users\ASUS\Desktop\SEGURA EP\BITSAC\.venv\Lib\site-packages\watchfiles\__init__.py","381",".py"
"C:\Users\ASUS\Desktop\SEGURA EP\BITSAC\.venv\Lib\site-packages\watchfiles\__main__.py","63",".py"
"C:\Users\ASUS\Desktop\SEGURA EP\BITSAC\.venv\Lib\site-packages\watchfiles\__pycache__\cli.cpython-313.pyc","10207",".pyc"
"C:\Users\ASUS\Desktop\SEGURA EP\BITSAC\.venv\Lib\site-packages\watchfiles\__pycache__\filters.cpython-313.pyc","7145",".pyc"
"C:\Users\ASUS\Desktop\SEGURA EP\BITSAC\.venv\Lib\site-packages\watchfiles\__pycache__\main.cpython-313.pyc","16949",".pyc"
"C:\Users\ASUS\Desktop\SEGURA EP\BITSAC\.venv\Lib\site-packages\watchfiles\__pycache__\run.cpython-313.pyc","19207",".pyc"
"C:\Users\ASUS\Desktop\SEGURA EP\BITSAC\.venv\Lib\site-packages\watchfiles\__pycache__\version.cpython-313.pyc","275",".pyc"
"C:\Users\ASUS\Desktop\SEGURA EP\BITSAC\.venv\Lib\site-packages\watchfiles\__pycache__\__init__.cpython-313.pyc","541",".pyc"
"C:\Users\ASUS\Desktop\SEGURA EP\BITSAC\.venv\Lib\site-packages\watchfiles\__pycache__\__main__.cpython-313.pyc","277",".pyc"
"C:\Users\ASUS\Desktop\SEGURA EP\BITSAC\.venv\Lib\site-packages\watchfiles-1.2.0.dist-info\licenses",,""
"C:\Users\ASUS\Desktop\SEGURA EP\BITSAC\.venv\Lib\site-packages\watchfiles-1.2.0.dist-info\sboms",,""
"C:\Users\ASUS\Desktop\SEGURA EP\BITSAC\.venv\Lib\site-packages\watchfiles-1.2.0.dist-info\entry_points.txt","48",".txt"
"C:\Users\ASUS\Desktop\SEGURA EP\BITSAC\.venv\Lib\site-packages\watchfiles-1.2.0.dist-info\INSTALLER","4",""
"C:\Users\ASUS\Desktop\SEGURA EP\BITSAC\.venv\Lib\site-packages\watchfiles-1.2.0.dist-info\METADATA","4985",""
"C:\Users\ASUS\Desktop\SEGURA EP\BITSAC\.venv\Lib\site-packages\watchfiles-1.2.0.dist-info\RECORD","1871",""
"C:\Users\ASUS\Desktop\SEGURA EP\BITSAC\.venv\Lib\site-packages\watchfiles-1.2.0.dist-info\WHEEL","97",""
"C:\Users\ASUS\Desktop\SEGURA EP\BITSAC\.venv\Lib\site-packages\watchfiles-1.2.0.dist-info\licenses\LICENSE","1112",""
"C:\Users\ASUS\Desktop\SEGURA EP\BITSAC\.venv\Lib\site-packages\watchfiles-1.2.0.dist-info\sboms\watchfiles_rust_notify.cyclonedx.json","33926",".json"
"C:\Users\ASUS\Desktop\SEGURA EP\BITSAC\.venv\Lib\site-packages\websockets\asyncio",,""
"C:\Users\ASUS\Desktop\SEGURA EP\BITSAC\.venv\Lib\site-packages\websockets\extensions",,""
"C:\Users\ASUS\Desktop\SEGURA EP\BITSAC\.venv\Lib\site-packages\websockets\legacy",,""
"C:\Users\ASUS\Desktop\SEGURA EP\BITSAC\.venv\Lib\site-packages\websockets\sync",,""
"C:\Users\ASUS\Desktop\SEGURA EP\BITSAC\.venv\Lib\site-packages\websockets\trio",,""
"C:\Users\ASUS\Desktop\SEGURA EP\BITSAC\.venv\Lib\site-packages\websockets\__pycache__",,""
"C:\Users\ASUS\Desktop\SEGURA EP\BITSAC\.venv\Lib\site-packages\websockets\auth.py","586",".py"
"C:\Users\ASUS\Desktop\SEGURA EP\BITSAC\.venv\Lib\site-packages\websockets\cli.py","7119",".py"
"C:\Users\ASUS\Desktop\SEGURA EP\BITSAC\.venv\Lib\site-packages\websockets\client.py","14448",".py"
"C:\Users\ASUS\Desktop\SEGURA EP\BITSAC\.venv\Lib\site-packages\websockets\connection.py","335",".py"
"C:\Users\ASUS\Desktop\SEGURA EP\BITSAC\.venv\Lib\site-packages\websockets\datastructures.py","7463",".py"
"C:\Users\ASUS\Desktop\SEGURA EP\BITSAC\.venv\Lib\site-packages\websockets\exceptions.py","14847",".py"
"C:\Users\ASUS\Desktop\SEGURA EP\BITSAC\.venv\Lib\site-packages\websockets\frames.py","17253",".py"
"C:\Users\ASUS\Desktop\SEGURA EP\BITSAC\.venv\Lib\site-packages\websockets\headers.py","16632",".py"
"C:\Users\ASUS\Desktop\SEGURA EP\BITSAC\.venv\Lib\site-packages\websockets\http11.py","18738",".py"
"C:\Users\ASUS\Desktop\SEGURA EP\BITSAC\.venv\Lib\site-packages\websockets\imports.py","2895",".py"
"C:\Users\ASUS\Desktop\SEGURA EP\BITSAC\.venv\Lib\site-packages\websockets\protocol.py","27972",".py"
"C:\Users\ASUS\Desktop\SEGURA EP\BITSAC\.venv\Lib\site-packages\websockets\proxy.py","5119",".py"
"C:\Users\ASUS\Desktop\SEGURA EP\BITSAC\.venv\Lib\site-packages\websockets\py.typed","0",".typed"
"C:\Users\ASUS\Desktop\SEGURA EP\BITSAC\.venv\Lib\site-packages\websockets\server.py","25336",".py"
"C:\Users\ASUS\Desktop\SEGURA EP\BITSAC\.venv\Lib\site-packages\websockets\speedups.c","6149",".c"
"C:\Users\ASUS\Desktop\SEGURA EP\BITSAC\.venv\Lib\site-packages\websockets\speedups.cp313-win_amd64.pyd","11264",".pyd"
"C:\Users\ASUS\Desktop\SEGURA EP\BITSAC\.venv\Lib\site-packages\websockets\speedups.pyi","105",".pyi"
"C:\Users\ASUS\Desktop\SEGURA EP\BITSAC\.venv\Lib\site-packages\websockets\streams.py","4777",".py"
"C:\Users\ASUS\Desktop\SEGURA EP\BITSAC\.venv\Lib\site-packages\websockets\typing.py","1781",".py"
"C:\Users\ASUS\Desktop\SEGURA EP\BITSAC\.venv\Lib\site-packages\websockets\uri.py","3232",".py"
"C:\Users\ASUS\Desktop\SEGURA EP\BITSAC\.venv\Lib\site-packages\websockets\utils.py","2098",".py"
"C:\Users\ASUS\Desktop\SEGURA EP\BITSAC\.venv\Lib\site-packages\websockets\version.py","3296",".py"
"C:\Users\ASUS\Desktop\SEGURA EP\BITSAC\.venv\Lib\site-packages\websockets\__init__.py","7699",".py"
"C:\Users\ASUS\Desktop\SEGURA EP\BITSAC\.venv\Lib\site-packages\websockets\__main__.py","67",".py"
"C:\Users\ASUS\Desktop\SEGURA EP\BITSAC\.venv\Lib\site-packages\websockets\asyncio\__pycache__",,""
"C:\Users\ASUS\Desktop\SEGURA EP\BITSAC\.venv\Lib\site-packages\websockets\asyncio\client.py","32893",".py"
"C:\Users\ASUS\Desktop\SEGURA EP\BITSAC\.venv\Lib\site-packages\websockets\asyncio\connection.py","50849",".py"
"C:\Users\ASUS\Desktop\SEGURA EP\BITSAC\.venv\Lib\site-packages\websockets\asyncio\messages.py","11412",".py"
"C:\Users\ASUS\Desktop\SEGURA EP\BITSAC\.venv\Lib\site-packages\websockets\asyncio\router.py","7970",".py"
"C:\Users\ASUS\Desktop\SEGURA EP\BITSAC\.venv\Lib\site-packages\websockets\asyncio\server.py","35022",".py"
"C:\Users\ASUS\Desktop\SEGURA EP\BITSAC\.venv\Lib\site-packages\websockets\asyncio\__init__.py","0",".py"
"C:\Users\ASUS\Desktop\SEGURA EP\BITSAC\.venv\Lib\site-packages\websockets\asyncio\__pycache__\client.cpython-313.pyc","33852",".pyc"
"C:\Users\ASUS\Desktop\SEGURA EP\BITSAC\.venv\Lib\site-packages\websockets\asyncio\__pycache__\connection.cpython-313.pyc","51685",".pyc"
"C:\Users\ASUS\Desktop\SEGURA EP\BITSAC\.venv\Lib\site-packages\websockets\asyncio\__pycache__\messages.cpython-313.pyc","13605",".pyc"
"C:\Users\ASUS\Desktop\SEGURA EP\BITSAC\.venv\Lib\site-packages\websockets\asyncio\__pycache__\router.cpython-313.pyc","8825",".pyc"
"C:\Users\ASUS\Desktop\SEGURA EP\BITSAC\.venv\Lib\site-packages\websockets\asyncio\__pycache__\server.cpython-313.pyc","36849",".pyc"
"C:\Users\ASUS\Desktop\SEGURA EP\BITSAC\.venv\Lib\site-packages\websockets\asyncio\__pycache__\__init__.cpython-313.pyc","190",".pyc"
"C:\Users\ASUS\Desktop\SEGURA EP\BITSAC\.venv\Lib\site-packages\websockets\extensions\__pycache__",,""
"C:\Users\ASUS\Desktop\SEGURA EP\BITSAC\.venv\Lib\site-packages\websockets\extensions\base.py","3026",".py"
"C:\Users\ASUS\Desktop\SEGURA EP\BITSAC\.venv\Lib\site-packages\websockets\extensions\permessage_deflate.py","26541",".py"
"C:\Users\ASUS\Desktop\SEGURA EP\BITSAC\.venv\Lib\site-packages\websockets\extensions\__init__.py","102",".py"
"C:\Users\ASUS\Desktop\SEGURA EP\BITSAC\.venv\Lib\site-packages\websockets\extensions\__pycache__\base.cpython-313.pyc","3706",".pyc"
"C:\Users\ASUS\Desktop\SEGURA EP\BITSAC\.venv\Lib\site-packages\websockets\extensions\__pycache__\permessage_deflate.cpython-313.pyc","19715",".pyc"
"C:\Users\ASUS\Desktop\SEGURA EP\BITSAC\.venv\Lib\site-packages\websockets\extensions\__pycache__\__init__.cpython-313.pyc","305",".pyc"
"C:\Users\ASUS\Desktop\SEGURA EP\BITSAC\.venv\Lib\site-packages\websockets\legacy\__pycache__",,""
"C:\Users\ASUS\Desktop\SEGURA EP\BITSAC\.venv\Lib\site-packages\websockets\legacy\auth.py","6721",".py"
"C:\Users\ASUS\Desktop\SEGURA EP\BITSAC\.venv\Lib\site-packages\websockets\legacy\client.py","27935",".py"
"C:\Users\ASUS\Desktop\SEGURA EP\BITSAC\.venv\Lib\site-packages\websockets\legacy\exceptions.py","1995",".py"
"C:\Users\ASUS\Desktop\SEGURA EP\BITSAC\.venv\Lib\site-packages\websockets\legacy\framing.py","6598",".py"
"C:\Users\ASUS\Desktop\SEGURA EP\BITSAC\.venv\Lib\site-packages\websockets\legacy\handshake.py","5443",".py"
"C:\Users\ASUS\Desktop\SEGURA EP\BITSAC\.venv\Lib\site-packages\websockets\legacy\http.py","7262",".py"
"C:\Users\ASUS\Desktop\SEGURA EP\BITSAC\.venv\Lib\site-packages\websockets\legacy\protocol.py","65087",".py"
"C:\Users\ASUS\Desktop\SEGURA EP\BITSAC\.venv\Lib\site-packages\websockets\legacy\server.py","46016",".py"
"C:\Users\ASUS\Desktop\SEGURA EP\BITSAC\.venv\Lib\site-packages\websockets\legacy\__init__.py","287",".py"
"C:\Users\ASUS\Desktop\SEGURA EP\BITSAC\.venv\Lib\site-packages\websockets\legacy\__pycache__\auth.cpython-313.pyc","7632",".pyc"
"C:\Users\ASUS\Desktop\SEGURA EP\BITSAC\.venv\Lib\site-packages\websockets\legacy\__pycache__\client.cpython-313.pyc","27978",".pyc"
"C:\Users\ASUS\Desktop\SEGURA EP\BITSAC\.venv\Lib\site-packages\websockets\legacy\__pycache__\exceptions.cpython-313.pyc","3402",".pyc"
"C:\Users\ASUS\Desktop\SEGURA EP\BITSAC\.venv\Lib\site-packages\websockets\legacy\__pycache__\framing.cpython-313.pyc","8103",".pyc"
"C:\Users\ASUS\Desktop\SEGURA EP\BITSAC\.venv\Lib\site-packages\websockets\legacy\__pycache__\handshake.cpython-313.pyc","6273",".pyc"
"C:\Users\ASUS\Desktop\SEGURA EP\BITSAC\.venv\Lib\site-packages\websockets\legacy\__pycache__\http.cpython-313.pyc","7609",".pyc"
"C:\Users\ASUS\Desktop\SEGURA EP\BITSAC\.venv\Lib\site-packages\websockets\legacy\__pycache__\protocol.cpython-313.pyc","62606",".pyc"
"C:\Users\ASUS\Desktop\SEGURA EP\BITSAC\.venv\Lib\site-packages\websockets\legacy\__pycache__\server.cpython-313.pyc","45162",".pyc"
"C:\Users\ASUS\Desktop\SEGURA EP\BITSAC\.venv\Lib\site-packages\websockets\legacy\__pycache__\__init__.cpython-313.pyc","473",".pyc"
"C:\Users\ASUS\Desktop\SEGURA EP\BITSAC\.venv\Lib\site-packages\websockets\sync\__pycache__",,""
"C:\Users\ASUS\Desktop\SEGURA EP\BITSAC\.venv\Lib\site-packages\websockets\sync\client.py","22860",".py"
"C:\Users\ASUS\Desktop\SEGURA EP\BITSAC\.venv\Lib\site-packages\websockets\sync\connection.py","49524",".py"
"C:\Users\ASUS\Desktop\SEGURA EP\BITSAC\.venv\Lib\site-packages\websockets\sync\messages.py","13174",".py"
"C:\Users\ASUS\Desktop\SEGURA EP\BITSAC\.venv\Lib\site-packages\websockets\sync\router.py","7385",".py"
"C:\Users\ASUS\Desktop\SEGURA EP\BITSAC\.venv\Lib\site-packages\websockets\sync\server.py","35278",".py"
"C:\Users\ASUS\Desktop\SEGURA EP\BITSAC\.venv\Lib\site-packages\websockets\sync\utils.py","1152",".py"
"C:\Users\ASUS\Desktop\SEGURA EP\BITSAC\.venv\Lib\site-packages\websockets\sync\__init__.py","0",".py"
"C:\Users\ASUS\Desktop\SEGURA EP\BITSAC\.venv\Lib\site-packages\websockets\sync\__pycache__\client.cpython-313.pyc","23874",".pyc"
"C:\Users\ASUS\Desktop\SEGURA EP\BITSAC\.venv\Lib\site-packages\websockets\sync\__pycache__\connection.cpython-313.pyc","44903",".pyc"
"C:\Users\ASUS\Desktop\SEGURA EP\BITSAC\.venv\Lib\site-packages\websockets\sync\__pycache__\messages.cpython-313.pyc","13466",".pyc"
"C:\Users\ASUS\Desktop\SEGURA EP\BITSAC\.venv\Lib\site-packages\websockets\sync\__pycache__\router.cpython-313.pyc","8336",".pyc"
"C:\Users\ASUS\Desktop\SEGURA EP\BITSAC\.venv\Lib\site-packages\websockets\sync\__pycache__\server.cpython-313.pyc","35482",".pyc"
"C:\Users\ASUS\Desktop\SEGURA EP\BITSAC\.venv\Lib\site-packages\websockets\sync\__pycache__\utils.cpython-313.pyc","1659",".pyc"
"C:\Users\ASUS\Desktop\SEGURA EP\BITSAC\.venv\Lib\site-packages\websockets\sync\__pycache__\__init__.cpython-313.pyc","187",".pyc"
"C:\Users\ASUS\Desktop\SEGURA EP\BITSAC\.venv\Lib\site-packages\websockets\trio\__pycache__",,""
"C:\Users\ASUS\Desktop\SEGURA EP\BITSAC\.venv\Lib\site-packages\websockets\trio\client.py","30294",".py"
"C:\Users\ASUS\Desktop\SEGURA EP\BITSAC\.venv\Lib\site-packages\websockets\trio\connection.py","50472",".py"
"C:\Users\ASUS\Desktop\SEGURA EP\BITSAC\.venv\Lib\site-packages\websockets\trio\messages.py","10555",".py"
"C:\Users\ASUS\Desktop\SEGURA EP\BITSAC\.venv\Lib\site-packages\websockets\trio\router.py","7403",".py"
"C:\Users\ASUS\Desktop\SEGURA EP\BITSAC\.venv\Lib\site-packages\websockets\trio\server.py","26463",".py"
"C:\Users\ASUS\Desktop\SEGURA EP\BITSAC\.venv\Lib\site-packages\websockets\trio\utils.py","992",".py"
"C:\Users\ASUS\Desktop\SEGURA EP\BITSAC\.venv\Lib\site-packages\websockets\trio\__init__.py","0",".py"
"C:\Users\ASUS\Desktop\SEGURA EP\BITSAC\.venv\Lib\site-packages\websockets\trio\__pycache__\client.cpython-313.pyc","31080",".pyc"
"C:\Users\ASUS\Desktop\SEGURA EP\BITSAC\.venv\Lib\site-packages\websockets\trio\__pycache__\connection.cpython-313.pyc","52712",".pyc"
"C:\Users\ASUS\Desktop\SEGURA EP\BITSAC\.venv\Lib\site-packages\websockets\trio\__pycache__\messages.cpython-313.pyc","11244",".pyc"
"C:\Users\ASUS\Desktop\SEGURA EP\BITSAC\.venv\Lib\site-packages\websockets\trio\__pycache__\router.cpython-313.pyc","8238",".pyc"
"C:\Users\ASUS\Desktop\SEGURA EP\BITSAC\.venv\Lib\site-packages\websockets\trio\__pycache__\server.cpython-313.pyc","25910",".pyc"
"C:\Users\ASUS\Desktop\SEGURA EP\BITSAC\.venv\Lib\site-packages\websockets\trio\__pycache__\utils.cpython-313.pyc","1934",".pyc"
"C:\Users\ASUS\Desktop\SEGURA EP\BITSAC\.venv\Lib\site-packages\websockets\trio\__pycache__\__init__.cpython-313.pyc","187",".pyc"
"C:\Users\ASUS\Desktop\SEGURA EP\BITSAC\.venv\Lib\site-packages\websockets\__pycache__\auth.cpython-313.pyc","793",".pyc"
"C:\Users\ASUS\Desktop\SEGURA EP\BITSAC\.venv\Lib\site-packages\websockets\__pycache__\cli.cpython-313.pyc","8590",".pyc"
"C:\Users\ASUS\Desktop\SEGURA EP\BITSAC\.venv\Lib\site-packages\websockets\__pycache__\client.cpython-313.pyc","16500",".pyc"
"C:\Users\ASUS\Desktop\SEGURA EP\BITSAC\.venv\Lib\site-packages\websockets\__pycache__\connection.cpython-313.pyc","549",".pyc"
"C:\Users\ASUS\Desktop\SEGURA EP\BITSAC\.venv\Lib\site-packages\websockets\__pycache__\datastructures.cpython-313.pyc","10623",".pyc"
"C:\Users\ASUS\Desktop\SEGURA EP\BITSAC\.venv\Lib\site-packages\websockets\__pycache__\exceptions.cpython-313.pyc","20649",".pyc"
"C:\Users\ASUS\Desktop\SEGURA EP\BITSAC\.venv\Lib\site-packages\websockets\__pycache__\frames.cpython-313.pyc","18740",".pyc"
"C:\Users\ASUS\Desktop\SEGURA EP\BITSAC\.venv\Lib\site-packages\websockets\__pycache__\headers.cpython-313.pyc","17578",".pyc"
"C:\Users\ASUS\Desktop\SEGURA EP\BITSAC\.venv\Lib\site-packages\websockets\__pycache__\http11.cpython-313.pyc","16949",".pyc"
"C:\Users\ASUS\Desktop\SEGURA EP\BITSAC\.venv\Lib\site-packages\websockets\__pycache__\imports.cpython-313.pyc","3368",".pyc"
"C:\Users\ASUS\Desktop\SEGURA EP\BITSAC\.venv\Lib\site-packages\websockets\__pycache__\protocol.cpython-313.pyc","25370",".pyc"
"C:\Users\ASUS\Desktop\SEGURA EP\BITSAC\.venv\Lib\site-packages\websockets\__pycache__\proxy.cpython-313.pyc","5855",".pyc"
"C:\Users\ASUS\Desktop\SEGURA EP\BITSAC\.venv\Lib\site-packages\websockets\__pycache__\server.cpython-313.pyc","25337",".pyc"
"C:\Users\ASUS\Desktop\SEGURA EP\BITSAC\.venv\Lib\site-packages\websockets\__pycache__\streams.cpython-313.pyc","5672",".pyc"
"C:\Users\ASUS\Desktop\SEGURA EP\BITSAC\.venv\Lib\site-packages\websockets\__pycache__\typing.cpython-313.pyc","1198",".pyc"
"C:\Users\ASUS\Desktop\SEGURA EP\BITSAC\.venv\Lib\site-packages\websockets\__pycache__\uri.cpython-313.pyc","4180",".pyc"
"C:\Users\ASUS\Desktop\SEGURA EP\BITSAC\.venv\Lib\site-packages\websockets\__pycache__\utils.cpython-313.pyc","3209",".pyc"
"C:\Users\ASUS\Desktop\SEGURA EP\BITSAC\.venv\Lib\site-packages\websockets\__pycache__\version.cpython-313.pyc","3020",".pyc"
"C:\Users\ASUS\Desktop\SEGURA EP\BITSAC\.venv\Lib\site-packages\websockets\__pycache__\__init__.cpython-313.pyc","4666",".pyc"
"C:\Users\ASUS\Desktop\SEGURA EP\BITSAC\.venv\Lib\site-packages\websockets\__pycache__\__main__.cpython-313.pyc","285",".pyc"
"C:\Users\ASUS\Desktop\SEGURA EP\BITSAC\.venv\Lib\site-packages\websockets-17.0.1.dist-info\licenses",,""
"C:\Users\ASUS\Desktop\SEGURA EP\BITSAC\.venv\Lib\site-packages\websockets-17.0.1.dist-info\entry_points.txt","51",".txt"
"C:\Users\ASUS\Desktop\SEGURA EP\BITSAC\.venv\Lib\site-packages\websockets-17.0.1.dist-info\INSTALLER","4",""
"C:\Users\ASUS\Desktop\SEGURA EP\BITSAC\.venv\Lib\site-packages\websockets-17.0.1.dist-info\METADATA","6512",""
"C:\Users\ASUS\Desktop\SEGURA EP\BITSAC\.venv\Lib\site-packages\websockets-17.0.1.dist-info\RECORD","8187",""
"C:\Users\ASUS\Desktop\SEGURA EP\BITSAC\.venv\Lib\site-packages\websockets-17.0.1.dist-info\top_level.txt","11",".txt"
"C:\Users\ASUS\Desktop\SEGURA EP\BITSAC\.venv\Lib\site-packages\websockets-17.0.1.dist-info\WHEEL","101",""
"C:\Users\ASUS\Desktop\SEGURA EP\BITSAC\.venv\Lib\site-packages\websockets-17.0.1.dist-info\licenses\LICENSE","1538",""
"C:\Users\ASUS\Desktop\SEGURA EP\BITSAC\.venv\Lib\site-packages\yaml\__pycache__",,""
"C:\Users\ASUS\Desktop\SEGURA EP\BITSAC\.venv\Lib\site-packages\yaml\composer.py","4883",".py"
"C:\Users\ASUS\Desktop\SEGURA EP\BITSAC\.venv\Lib\site-packages\yaml\constructor.py","28639",".py"
"C:\Users\ASUS\Desktop\SEGURA EP\BITSAC\.venv\Lib\site-packages\yaml\cyaml.py","3851",".py"
"C:\Users\ASUS\Desktop\SEGURA EP\BITSAC\.venv\Lib\site-packages\yaml\dumper.py","2837",".py"
"C:\Users\ASUS\Desktop\SEGURA EP\BITSAC\.venv\Lib\site-packages\yaml\emitter.py","43006",".py"
"C:\Users\ASUS\Desktop\SEGURA EP\BITSAC\.venv\Lib\site-packages\yaml\error.py","2533",".py"
"C:\Users\ASUS\Desktop\SEGURA EP\BITSAC\.venv\Lib\site-packages\yaml\events.py","2445",".py"
"C:\Users\ASUS\Desktop\SEGURA EP\BITSAC\.venv\Lib\site-packages\yaml\loader.py","2061",".py"
"C:\Users\ASUS\Desktop\SEGURA EP\BITSAC\.venv\Lib\site-packages\yaml\nodes.py","1440",".py"
"C:\Users\ASUS\Desktop\SEGURA EP\BITSAC\.venv\Lib\site-packages\yaml\parser.py","25495",".py"
"C:\Users\ASUS\Desktop\SEGURA EP\BITSAC\.venv\Lib\site-packages\yaml\reader.py","6794",".py"
"C:\Users\ASUS\Desktop\SEGURA EP\BITSAC\.venv\Lib\site-packages\yaml\representer.py","14190",".py"
"C:\Users\ASUS\Desktop\SEGURA EP\BITSAC\.venv\Lib\site-packages\yaml\resolver.py","9004",".py"
"C:\Users\ASUS\Desktop\SEGURA EP\BITSAC\.venv\Lib\site-packages\yaml\scanner.py","51279",".py"
"C:\Users\ASUS\Desktop\SEGURA EP\BITSAC\.venv\Lib\site-packages\yaml\serializer.py","4165",".py"
"C:\Users\ASUS\Desktop\SEGURA EP\BITSAC\.venv\Lib\site-packages\yaml\tokens.py","2573",".py"
"C:\Users\ASUS\Desktop\SEGURA EP\BITSAC\.venv\Lib\site-packages\yaml\_yaml.cp313-win_amd64.pyd","253952",".pyd"
"C:\Users\ASUS\Desktop\SEGURA EP\BITSAC\.venv\Lib\site-packages\yaml\__init__.py","12311",".py"
"C:\Users\ASUS\Desktop\SEGURA EP\BITSAC\.venv\Lib\site-packages\yaml\__pycache__\composer.cpython-313.pyc","6746",".pyc"
"C:\Users\ASUS\Desktop\SEGURA EP\BITSAC\.venv\Lib\site-packages\yaml\__pycache__\constructor.cpython-313.pyc","35687",".pyc"
"C:\Users\ASUS\Desktop\SEGURA EP\BITSAC\.venv\Lib\site-packages\yaml\__pycache__\cyaml.cpython-313.pyc","4705",".pyc"
"C:\Users\ASUS\Desktop\SEGURA EP\BITSAC\.venv\Lib\site-packages\yaml\__pycache__\dumper.cpython-313.pyc","2425",".pyc"
"C:\Users\ASUS\Desktop\SEGURA EP\BITSAC\.venv\Lib\site-packages\yaml\__pycache__\emitter.cpython-313.pyc","52562",".pyc"
"C:\Users\ASUS\Desktop\SEGURA EP\BITSAC\.venv\Lib\site-packages\yaml\__pycache__\error.cpython-313.pyc","4432",".pyc"
"C:\Users\ASUS\Desktop\SEGURA EP\BITSAC\.venv\Lib\site-packages\yaml\__pycache__\events.cpython-313.pyc","5078",".pyc"
"C:\Users\ASUS\Desktop\SEGURA EP\BITSAC\.venv\Lib\site-packages\yaml\__pycache__\loader.cpython-313.pyc","3635",".pyc"
"C:\Users\ASUS\Desktop\SEGURA EP\BITSAC\.venv\Lib\site-packages\yaml\__pycache__\nodes.cpython-313.pyc","2381",".pyc"
"C:\Users\ASUS\Desktop\SEGURA EP\BITSAC\.venv\Lib\site-packages\yaml\__pycache__\parser.cpython-313.pyc","25409",".pyc"
"C:\Users\ASUS\Desktop\SEGURA EP\BITSAC\.venv\Lib\site-packages\yaml\__pycache__\reader.cpython-313.pyc","9182",".pyc"
"C:\Users\ASUS\Desktop\SEGURA EP\BITSAC\.venv\Lib\site-packages\yaml\__pycache__\representer.cpython-313.pyc","17376",".pyc"
"C:\Users\ASUS\Desktop\SEGURA EP\BITSAC\.venv\Lib\site-packages\yaml\__pycache__\resolver.cpython-313.pyc","9344",".pyc"
"C:\Users\ASUS\Desktop\SEGURA EP\BITSAC\.venv\Lib\site-packages\yaml\__pycache__\scanner.cpython-313.pyc","51301",".pyc"
"C:\Users\ASUS\Desktop\SEGURA EP\BITSAC\.venv\Lib\site-packages\yaml\__pycache__\serializer.cpython-313.pyc","6329",".pyc"
"C:\Users\ASUS\Desktop\SEGURA EP\BITSAC\.venv\Lib\site-packages\yaml\__pycache__\tokens.cpython-313.pyc","6247",".pyc"
"C:\Users\ASUS\Desktop\SEGURA EP\BITSAC\.venv\Lib\site-packages\yaml\__pycache__\__init__.cpython-313.pyc","15270",".pyc"
"C:\Users\ASUS\Desktop\SEGURA EP\BITSAC\.venv\Lib\site-packages\_yaml\__pycache__",,""
"C:\Users\ASUS\Desktop\SEGURA EP\BITSAC\.venv\Lib\site-packages\_yaml\__init__.py","1402",".py"
"C:\Users\ASUS\Desktop\SEGURA EP\BITSAC\.venv\Lib\site-packages\_yaml\__pycache__\__init__.cpython-313.pyc","872",".pyc"
"C:\Users\ASUS\Desktop\SEGURA EP\BITSAC\.venv\Lib\site-packages\__pycache__\six.cpython-313.pyc","42074",".pyc"
"C:\Users\ASUS\Desktop\SEGURA EP\BITSAC\.venv\Lib\site-packages\__pycache__\typing_extensions.cpython-313.pyc","165747",".pyc"
"C:\Users\ASUS\Desktop\SEGURA EP\BITSAC\.venv\Scripts\activate","2224",""
"C:\Users\ASUS\Desktop\SEGURA EP\BITSAC\.venv\Scripts\activate.bat","1022",".bat"
"C:\Users\ASUS\Desktop\SEGURA EP\BITSAC\.venv\Scripts\activate.fish","2281",".fish"
"C:\Users\ASUS\Desktop\SEGURA EP\BITSAC\.venv\Scripts\Activate.ps1","29029",".ps1"
"C:\Users\ASUS\Desktop\SEGURA EP\BITSAC\.venv\Scripts\cffi-gen-src.exe","108364",".exe"
"C:\Users\ASUS\Desktop\SEGURA EP\BITSAC\.venv\Scripts\deactivate.bat","393",".bat"
"C:\Users\ASUS\Desktop\SEGURA EP\BITSAC\.venv\Scripts\dotenv.exe","108361",".exe"
"C:\Users\ASUS\Desktop\SEGURA EP\BITSAC\.venv\Scripts\email_validator.exe","108372",".exe"
"C:\Users\ASUS\Desktop\SEGURA EP\BITSAC\.venv\Scripts\fastapi.exe","108359",".exe"
"C:\Users\ASUS\Desktop\SEGURA EP\BITSAC\.venv\Scripts\idna.exe","108356",".exe"
"C:\Users\ASUS\Desktop\SEGURA EP\BITSAC\.venv\Scripts\pip.exe","108370",".exe"
"C:\Users\ASUS\Desktop\SEGURA EP\BITSAC\.venv\Scripts\pip3.13.exe","108370",".exe"
"C:\Users\ASUS\Desktop\SEGURA EP\BITSAC\.venv\Scripts\pip3.exe","108370",".exe"
"C:\Users\ASUS\Desktop\SEGURA EP\BITSAC\.venv\Scripts\pyrsa-decrypt.exe","108361",".exe"
"C:\Users\ASUS\Desktop\SEGURA EP\BITSAC\.venv\Scripts\pyrsa-encrypt.exe","108361",".exe"
"C:\Users\ASUS\Desktop\SEGURA EP\BITSAC\.venv\Scripts\pyrsa-keygen.exe","108359",".exe"
"C:\Users\ASUS\Desktop\SEGURA EP\BITSAC\.venv\Scripts\pyrsa-priv2pub.exe","108382",".exe"
"C:\Users\ASUS\Desktop\SEGURA EP\BITSAC\.venv\Scripts\pyrsa-sign.exe","108355",".exe"
"C:\Users\ASUS\Desktop\SEGURA EP\BITSAC\.venv\Scripts\pyrsa-verify.exe","108359",".exe"
"C:\Users\ASUS\Desktop\SEGURA EP\BITSAC\.venv\Scripts\python.exe","255200",".exe"
"C:\Users\ASUS\Desktop\SEGURA EP\BITSAC\.venv\Scripts\pythonw.exe","251616",".exe"
"C:\Users\ASUS\Desktop\SEGURA EP\BITSAC\.venv\Scripts\uvicorn.exe","108360",".exe"
"C:\Users\ASUS\Desktop\SEGURA EP\BITSAC\.venv\Scripts\watchfiles.exe","108360",".exe"
"C:\Users\ASUS\Desktop\SEGURA EP\BITSAC\.venv\Scripts\websockets.exe","108362",".exe"
"C:\Users\ASUS\Desktop\SEGURA EP\BITSAC\assets\badges",,""
"C:\Users\ASUS\Desktop\SEGURA EP\BITSAC\assets\icn",,""
"C:\Users\ASUS\Desktop\SEGURA EP\BITSAC\assets\img",,""
"C:\Users\ASUS\Desktop\SEGURA EP\BITSAC\assets\badges\badge_01.svg","1075",".svg"
"C:\Users\ASUS\Desktop\SEGURA EP\BITSAC\assets\badges\badge_02.svg","793",".svg"
"C:\Users\ASUS\Desktop\SEGURA EP\BITSAC\assets\badges\badge_03.svg","927",".svg"
"C:\Users\ASUS\Desktop\SEGURA EP\BITSAC\assets\badges\badge_04.svg","929",".svg"
"C:\Users\ASUS\Desktop\SEGURA EP\BITSAC\assets\badges\badge_05.svg","867",".svg"
"C:\Users\ASUS\Desktop\SEGURA EP\BITSAC\assets\badges\badge_06.svg","821",".svg"
"C:\Users\ASUS\Desktop\SEGURA EP\BITSAC\assets\badges\badge_07.svg","964",".svg"
"C:\Users\ASUS\Desktop\SEGURA EP\BITSAC\assets\badges\badge_08.svg","999",".svg"
"C:\Users\ASUS\Desktop\SEGURA EP\BITSAC\assets\badges\badge_09.svg","925",".svg"
"C:\Users\ASUS\Desktop\SEGURA EP\BITSAC\assets\badges\badge_10.svg","877",".svg"
"C:\Users\ASUS\Desktop\SEGURA EP\BITSAC\assets\badges\badge_11.svg","1067",".svg"
"C:\Users\ASUS\Desktop\SEGURA EP\BITSAC\assets\badges\badge_12.svg","892",".svg"
"C:\Users\ASUS\Desktop\SEGURA EP\BITSAC\assets\badges\badge_13.svg","810",".svg"
"C:\Users\ASUS\Desktop\SEGURA EP\BITSAC\assets\badges\badge_14.svg","884",".svg"
"C:\Users\ASUS\Desktop\SEGURA EP\BITSAC\assets\badges\badge_15.svg","858",".svg"
"C:\Users\ASUS\Desktop\SEGURA EP\BITSAC\assets\badges\badge_16.svg","981",".svg"
"C:\Users\ASUS\Desktop\SEGURA EP\BITSAC\assets\badges\badge_17.svg","964",".svg"
"C:\Users\ASUS\Desktop\SEGURA EP\BITSAC\assets\badges\badge_18.svg","841",".svg"
"C:\Users\ASUS\Desktop\SEGURA EP\BITSAC\assets\badges\badge_19.svg","951",".svg"
"C:\Users\ASUS\Desktop\SEGURA EP\BITSAC\assets\badges\badge_20.svg","983",".svg"
"C:\Users\ASUS\Desktop\SEGURA EP\BITSAC\assets\badges\badge_21.svg","1000",".svg"
"C:\Users\ASUS\Desktop\SEGURA EP\BITSAC\assets\badges\badge_22.svg","941",".svg"
"C:\Users\ASUS\Desktop\SEGURA EP\BITSAC\assets\badges\badge_23.svg","810",".svg"
"C:\Users\ASUS\Desktop\SEGURA EP\BITSAC\assets\badges\badge_24.svg","1011",".svg"
"C:\Users\ASUS\Desktop\SEGURA EP\BITSAC\assets\badges\badge_25.svg","858",".svg"
"C:\Users\ASUS\Desktop\SEGURA EP\BITSAC\assets\badges\badge_26.svg","863",".svg"
"C:\Users\ASUS\Desktop\SEGURA EP\BITSAC\assets\badges\badge_27.svg","1085",".svg"
"C:\Users\ASUS\Desktop\SEGURA EP\BITSAC\assets\badges\badge_28.svg","835",".svg"
"C:\Users\ASUS\Desktop\SEGURA EP\BITSAC\assets\badges\badge_29.svg","989",".svg"
"C:\Users\ASUS\Desktop\SEGURA EP\BITSAC\assets\badges\badge_30.svg","955",".svg"
"C:\Users\ASUS\Desktop\SEGURA EP\BITSAC\assets\badges\badge_31.svg","860",".svg"
"C:\Users\ASUS\Desktop\SEGURA EP\BITSAC\assets\badges\badge_32.svg","959",".svg"
"C:\Users\ASUS\Desktop\SEGURA EP\BITSAC\assets\badges\badge_33.svg","1000",".svg"
"C:\Users\ASUS\Desktop\SEGURA EP\BITSAC\assets\badges\badge_34.svg","920",".svg"
"C:\Users\ASUS\Desktop\SEGURA EP\BITSAC\assets\badges\badge_35.svg","1004",".svg"
"C:\Users\ASUS\Desktop\SEGURA EP\BITSAC\assets\badges\badge_36.svg","810",".svg"
"C:\Users\ASUS\Desktop\SEGURA EP\BITSAC\assets\badges\badge_37.svg","895",".svg"
"C:\Users\ASUS\Desktop\SEGURA EP\BITSAC\assets\badges\badge_38.svg","788",".svg"
"C:\Users\ASUS\Desktop\SEGURA EP\BITSAC\assets\badges\badge_39.svg","930",".svg"
"C:\Users\ASUS\Desktop\SEGURA EP\BITSAC\assets\badges\badge_40.svg","949",".svg"
"C:\Users\ASUS\Desktop\SEGURA EP\BITSAC\assets\badges\badge_41.svg","961",".svg"
"C:\Users\ASUS\Desktop\SEGURA EP\BITSAC\assets\badges\badge_42.svg","869",".svg"
"C:\Users\ASUS\Desktop\SEGURA EP\BITSAC\assets\badges\badge_43.svg","905",".svg"
"C:\Users\ASUS\Desktop\SEGURA EP\BITSAC\assets\badges\badge_44.svg","843",".svg"
"C:\Users\ASUS\Desktop\SEGURA EP\BITSAC\assets\badges\badge_45.svg","1047",".svg"
"C:\Users\ASUS\Desktop\SEGURA EP\BITSAC\assets\badges\badge_46.svg","984",".svg"
"C:\Users\ASUS\Desktop\SEGURA EP\BITSAC\assets\badges\badge_47.svg","1061",".svg"
"C:\Users\ASUS\Desktop\SEGURA EP\BITSAC\assets\badges\badge_48.svg","951",".svg"
"C:\Users\ASUS\Desktop\SEGURA EP\BITSAC\assets\icn\ins_005.svg","616",".svg"
"C:\Users\ASUS\Desktop\SEGURA EP\BITSAC\assets\icn\ins_010.svg","573",".svg"
"C:\Users\ASUS\Desktop\SEGURA EP\BITSAC\assets\icn\ins_020.svg","574",".svg"
"C:\Users\ASUS\Desktop\SEGURA EP\BITSAC\assets\icn\ins_030.svg","556",".svg"
"C:\Users\ASUS\Desktop\SEGURA EP\BITSAC\assets\icn\ins_045.svg","652",".svg"
"C:\Users\ASUS\Desktop\SEGURA EP\BITSAC\assets\icn\ins_060.svg","509",".svg"
"C:\Users\ASUS\Desktop\SEGURA EP\BITSAC\assets\icn\ins_075.svg","653",".svg"
"C:\Users\ASUS\Desktop\SEGURA EP\BITSAC\assets\icn\ins_095.svg","924",".svg"
"C:\Users\ASUS\Desktop\SEGURA EP\BITSAC\assets\icn\ins_115.svg","648",".svg"
"C:\Users\ASUS\Desktop\SEGURA EP\BITSAC\assets\icn\ins_135.svg","771",".svg"
"C:\Users\ASUS\Desktop\SEGURA EP\BITSAC\assets\icn\ins_155.svg","586",".svg"
"C:\Users\ASUS\Desktop\SEGURA EP\BITSAC\assets\icn\ins_175.svg","743",".svg"
"C:\Users\ASUS\Desktop\SEGURA EP\BITSAC\assets\icn\ins_195.svg","532",".svg"
"C:\Users\ASUS\Desktop\SEGURA EP\BITSAC\assets\icn\ins_215.svg","778",".svg"
"C:\Users\ASUS\Desktop\SEGURA EP\BITSAC\assets\icn\ins_235.svg","647",".svg"
"C:\Users\ASUS\Desktop\SEGURA EP\BITSAC\assets\icn\ins_255.svg","1245",".svg"
"C:\Users\ASUS\Desktop\SEGURA EP\BITSAC\assets\icn\ins_275.svg","825",".svg"
"C:\Users\ASUS\Desktop\SEGURA EP\BITSAC\assets\icn\ins_295.svg","1193",".svg"
"C:\Users\ASUS\Desktop\SEGURA EP\BITSAC\assets\icn\ins_315.svg","723",".svg"
"C:\Users\ASUS\Desktop\SEGURA EP\BITSAC\assets\icn\ins_335.svg","595",".svg"
"C:\Users\ASUS\Desktop\SEGURA EP\BITSAC\assets\icn\ins_355.svg","578",".svg"
"C:\Users\ASUS\Desktop\SEGURA EP\BITSAC\assets\icn\ins_375.svg","542",".svg"
"C:\Users\ASUS\Desktop\SEGURA EP\BITSAC\assets\icn\ins_395.svg","455",".svg"
"C:\Users\ASUS\Desktop\SEGURA EP\BITSAC\assets\icn\ins_415.svg","626",".svg"
"C:\Users\ASUS\Desktop\SEGURA EP\BITSAC\assets\icn\ins_435.svg","805",".svg"
"C:\Users\ASUS\Desktop\SEGURA EP\BITSAC\assets\icn\ins_455.svg","617",".svg"
"C:\Users\ASUS\Desktop\SEGURA EP\BITSAC\assets\icn\ins_475.svg","786",".svg"
"C:\Users\ASUS\Desktop\SEGURA EP\BITSAC\assets\icn\ins_500.svg","839",".svg"
"C:\Users\ASUS\Desktop\SEGURA EP\BITSAC\assets\icn\ins_530.svg","450",".svg"
"C:\Users\ASUS\Desktop\SEGURA EP\BITSAC\assets\icn\ins_565.svg","424",".svg"
"C:\Users\ASUS\Desktop\SEGURA EP\BITSAC\assets\icn\ins_605.svg","496",".svg"
"C:\Users\ASUS\Desktop\SEGURA EP\BITSAC\assets\icn\ins_650.svg","1191",".svg"
"C:\Users\ASUS\Desktop\SEGURA EP\BITSAC\assets\icn\ins_700.svg","689",".svg"
"C:\Users\ASUS\Desktop\SEGURA EP\BITSAC\assets\icn\ins_755.svg","853",".svg"
"C:\Users\ASUS\Desktop\SEGURA EP\BITSAC\assets\icn\ins_800.svg","917",".svg"
"C:\Users\ASUS\Desktop\SEGURA EP\BITSAC\assets\img\ab.png","1075118",".png"
"C:\Users\ASUS\Desktop\SEGURA EP\BITSAC\assets\img\ab.svg","2867298",".svg"
"C:\Users\ASUS\Desktop\SEGURA EP\BITSAC\assets\img\aj.png","2178266",".png"
"C:\Users\ASUS\Desktop\SEGURA EP\BITSAC\assets\img\am.png","1156563",".png"
"C:\Users\ASUS\Desktop\SEGURA EP\BITSAC\assets\img\am.svg","3084482",".svg"
"C:\Users\ASUS\Desktop\SEGURA EP\BITSAC\assets\img\at.png","1295625",".png"
"C:\Users\ASUS\Desktop\SEGURA EP\BITSAC\assets\img\at.svg","3455314",".svg"
"C:\Users\ASUS\Desktop\SEGURA EP\BITSAC\assets\img\auth_bg.jpg","309011",".jpg"
"C:\Users\ASUS\Desktop\SEGURA EP\BITSAC\assets\img\k9.png","1107493",".png"
"C:\Users\ASUS\Desktop\SEGURA EP\BITSAC\assets\img\k9.svg","2953634",".svg"
"C:\Users\ASUS\Desktop\SEGURA EP\BITSAC\assets\img\logo_segura.png","1694670",".png"
"C:\Users\ASUS\Desktop\SEGURA EP\BITSAC\assets\img\logo_sigo_gcam.png","658306",".png"
"C:\Users\ASUS\Desktop\SEGURA EP\BITSAC\assets\img\ma.png","1323023",".png"
"C:\Users\ASUS\Desktop\SEGURA EP\BITSAC\assets\img\ma.svg","3528378",".svg"
"C:\Users\ASUS\Desktop\SEGURA EP\BITSAC\assets\img\menud.png","2749412",".png"
"C:\Users\ASUS\Desktop\SEGURA EP\BITSAC\assets\img\pin.svg","2289216",".svg"
"C:\Users\ASUS\Desktop\SEGURA EP\BITSAC\assets\img\pinp.png","1206858",".png"
"C:\Users\ASUS\Desktop\SEGURA EP\BITSAC\assets\img\sigo_gcam.png","125368",".png"
"C:\Users\ASUS\Desktop\SEGURA EP\BITSAC\backend\uploads",,""
"C:\Users\ASUS\Desktop\SEGURA EP\BITSAC\backend_python\app",,""
"C:\Users\ASUS\Desktop\SEGURA EP\BITSAC\backend_python\migrations",,""
"C:\Users\ASUS\Desktop\SEGURA EP\BITSAC\backend_python\.dockerignore","25",".dockerignore"
"C:\Users\ASUS\Desktop\SEGURA EP\BITSAC\backend_python\.env","391",".env"
"C:\Users\ASUS\Desktop\SEGURA EP\BITSAC\backend_python\.env.example","359",".example"
"C:\Users\ASUS\Desktop\SEGURA EP\BITSAC\backend_python\api-dev.log","933",".log"
"C:\Users\ASUS\Desktop\SEGURA EP\BITSAC\backend_python\check_ids.py","1405",".py"
"C:\Users\ASUS\Desktop\SEGURA EP\BITSAC\backend_python\cleanup_personal.py","515",".py"
"C:\Users\ASUS\Desktop\SEGURA EP\BITSAC\backend_python\Dockerfile","849",""
"C:\Users\ASUS\Desktop\SEGURA EP\BITSAC\backend_python\requirements.txt","182",".txt"
"C:\Users\ASUS\Desktop\SEGURA EP\BITSAC\backend_python\seed_agente1_100.py","4197",".py"
"C:\Users\ASUS\Desktop\SEGURA EP\BITSAC\backend_python\seed_fix.py","8071",".py"
"C:\Users\ASUS\Desktop\SEGURA EP\BITSAC\backend_python\seed_personal.py","8509",".py"
"C:\Users\ASUS\Desktop\SEGURA EP\BITSAC\backend_python\seed_remaining.py","5676",".py"
"C:\Users\ASUS\Desktop\SEGURA EP\BITSAC\backend_python\verify_personal.py","876",".py"
"C:\Users\ASUS\Desktop\SEGURA EP\BITSAC\backend_python\app\core",,""
"C:\Users\ASUS\Desktop\SEGURA EP\BITSAC\backend_python\app\middleware",,""
"C:\Users\ASUS\Desktop\SEGURA EP\BITSAC\backend_python\app\modules",,""
"C:\Users\ASUS\Desktop\SEGURA EP\BITSAC\backend_python\app\__pycache__",,""
"C:\Users\ASUS\Desktop\SEGURA EP\BITSAC\backend_python\app\main.py","2999",".py"
"C:\Users\ASUS\Desktop\SEGURA EP\BITSAC\backend_python\app\__init__.py","1",".py"
"C:\Users\ASUS\Desktop\SEGURA EP\BITSAC\backend_python\app\core\__pycache__",,""
"C:\Users\ASUS\Desktop\SEGURA EP\BITSAC\backend_python\app\core\config.py","1023",".py"
"C:\Users\ASUS\Desktop\SEGURA EP\BITSAC\backend_python\app\core\db.py","928",".py"
"C:\Users\ASUS\Desktop\SEGURA EP\BITSAC\backend_python\app\core\responses.py","334",".py"
"C:\Users\ASUS\Desktop\SEGURA EP\BITSAC\backend_python\app\core\security.py","664",".py"
"C:\Users\ASUS\Desktop\SEGURA EP\BITSAC\backend_python\app\core\__init__.py","1",".py"
"C:\Users\ASUS\Desktop\SEGURA EP\BITSAC\backend_python\app\core\__pycache__\config.cpython-312.pyc","1780",".pyc"
"C:\Users\ASUS\Desktop\SEGURA EP\BITSAC\backend_python\app\core\__pycache__\config.cpython-313.pyc","1884",".pyc"
"C:\Users\ASUS\Desktop\SEGURA EP\BITSAC\backend_python\app\core\__pycache__\db.cpython-312.pyc","1900",".pyc"
"C:\Users\ASUS\Desktop\SEGURA EP\BITSAC\backend_python\app\core\__pycache__\db.cpython-313.pyc","1919",".pyc"
"C:\Users\ASUS\Desktop\SEGURA EP\BITSAC\backend_python\app\core\__pycache__\responses.cpython-312.pyc","595",".pyc"
"C:\Users\ASUS\Desktop\SEGURA EP\BITSAC\backend_python\app\core\__pycache__\responses.cpython-313.pyc","603",".pyc"
"C:\Users\ASUS\Desktop\SEGURA EP\BITSAC\backend_python\app\core\__pycache__\security.cpython-312.pyc","1382",".pyc"
"C:\Users\ASUS\Desktop\SEGURA EP\BITSAC\backend_python\app\core\__pycache__\security.cpython-313.pyc","1368",".pyc"
"C:\Users\ASUS\Desktop\SEGURA EP\BITSAC\backend_python\app\core\__pycache__\__init__.cpython-312.pyc","132",".pyc"
"C:\Users\ASUS\Desktop\SEGURA EP\BITSAC\backend_python\app\core\__pycache__\__init__.cpython-313.pyc","132",".pyc"
"C:\Users\ASUS\Desktop\SEGURA EP\BITSAC\backend_python\app\middleware\__pycache__",,""
"C:\Users\ASUS\Desktop\SEGURA EP\BITSAC\backend_python\app\middleware\auth.py","1758",".py"
"C:\Users\ASUS\Desktop\SEGURA EP\BITSAC\backend_python\app\middleware\errors.py","680",".py"
"C:\Users\ASUS\Desktop\SEGURA EP\BITSAC\backend_python\app\middleware\__init__.py","1",".py"
"C:\Users\ASUS\Desktop\SEGURA EP\BITSAC\backend_python\app\middleware\__pycache__\auth.cpython-312.pyc","1844",".pyc"
"C:\Users\ASUS\Desktop\SEGURA EP\BITSAC\backend_python\app\middleware\__pycache__\auth.cpython-313.pyc","3064",".pyc"
"C:\Users\ASUS\Desktop\SEGURA EP\BITSAC\backend_python\app\middleware\__pycache__\errors.cpython-312.pyc","1473",".pyc"
"C:\Users\ASUS\Desktop\SEGURA EP\BITSAC\backend_python\app\middleware\__pycache__\errors.cpython-313.pyc","1465",".pyc"
"C:\Users\ASUS\Desktop\SEGURA EP\BITSAC\backend_python\app\middleware\__pycache__\__init__.cpython-312.pyc","138",".pyc"
"C:\Users\ASUS\Desktop\SEGURA EP\BITSAC\backend_python\app\middleware\__pycache__\__init__.cpython-313.pyc","138",".pyc"
"C:\Users\ASUS\Desktop\SEGURA EP\BITSAC\backend_python\app\modules\admin",,""
"C:\Users\ASUS\Desktop\SEGURA EP\BITSAC\backend_python\app\modules\anuncios",,""
"C:\Users\ASUS\Desktop\SEGURA EP\BITSAC\backend_python\app\modules\asistencia",,""
"C:\Users\ASUS\Desktop\SEGURA EP\BITSAC\backend_python\app\modules\auth",,""
"C:\Users\ASUS\Desktop\SEGURA EP\BITSAC\backend_python\app\modules\cartillas",,""
"C:\Users\ASUS\Desktop\SEGURA EP\BITSAC\backend_python\app\modules\catalogos",,""
"C:\Users\ASUS\Desktop\SEGURA EP\BITSAC\backend_python\app\modules\configuracion",,""
"C:\Users\ASUS\Desktop\SEGURA EP\BITSAC\backend_python\app\modules\dashboard",,""
"C:\Users\ASUS\Desktop\SEGURA EP\BITSAC\backend_python\app\modules\distribucion_geografica",,""
"C:\Users\ASUS\Desktop\SEGURA EP\BITSAC\backend_python\app\modules\distribucion_tablero",,""
"C:\Users\ASUS\Desktop\SEGURA EP\BITSAC\backend_python\app\modules\eventos",,""
"C:\Users\ASUS\Desktop\SEGURA EP\BITSAC\backend_python\app\modules\health",,""
"C:\Users\ASUS\Desktop\SEGURA EP\BITSAC\backend_python\app\modules\insignias",,""
"C:\Users\ASUS\Desktop\SEGURA EP\BITSAC\backend_python\app\modules\personal",,""
"C:\Users\ASUS\Desktop\SEGURA EP\BITSAC\backend_python\app\modules\soporte",,""
"C:\Users\ASUS\Desktop\SEGURA EP\BITSAC\backend_python\app\modules\usuarios",,""
"C:\Users\ASUS\Desktop\SEGURA EP\BITSAC\backend_python\app\modules\__pycache__",,""
"C:\Users\ASUS\Desktop\SEGURA EP\BITSAC\backend_python\app\modules\__init__.py","1",".py"
"C:\Users\ASUS\Desktop\SEGURA EP\BITSAC\backend_python\app\modules\admin\__pycache__",,""
"C:\Users\ASUS\Desktop\SEGURA EP\BITSAC\backend_python\app\modules\admin\repository.py","45535",".py"
"C:\Users\ASUS\Desktop\SEGURA EP\BITSAC\backend_python\app\modules\admin\routes.py","10557",".py"
"C:\Users\ASUS\Desktop\SEGURA EP\BITSAC\backend_python\app\modules\admin\__init__.py","1",".py"
"C:\Users\ASUS\Desktop\SEGURA EP\BITSAC\backend_python\app\modules\admin\__pycache__\repository.cpython-313.pyc","59795",".pyc"
"C:\Users\ASUS\Desktop\SEGURA EP\BITSAC\backend_python\app\modules\admin\__pycache__\routes.cpython-313.pyc","19764",".pyc"
"C:\Users\ASUS\Desktop\SEGURA EP\BITSAC\backend_python\app\modules\admin\__pycache__\__init__.cpython-313.pyc","141",".pyc"
"C:\Users\ASUS\Desktop\SEGURA EP\BITSAC\backend_python\app\modules\anuncios\__pycache__",,""
"C:\Users\ASUS\Desktop\SEGURA EP\BITSAC\backend_python\app\modules\anuncios\models.py","403",".py"
"C:\Users\ASUS\Desktop\SEGURA EP\BITSAC\backend_python\app\modules\anuncios\repository.py","4951",".py"
"C:\Users\ASUS\Desktop\SEGURA EP\BITSAC\backend_python\app\modules\anuncios\routes.py","1865",".py"
"C:\Users\ASUS\Desktop\SEGURA EP\BITSAC\backend_python\app\modules\anuncios\__init__.py","1",".py"
"C:\Users\ASUS\Desktop\SEGURA EP\BITSAC\backend_python\app\modules\anuncios\__pycache__\models.cpython-313.pyc","1103",".pyc"
"C:\Users\ASUS\Desktop\SEGURA EP\BITSAC\backend_python\app\modules\anuncios\__pycache__\repository.cpython-313.pyc","7033",".pyc"
"C:\Users\ASUS\Desktop\SEGURA EP\BITSAC\backend_python\app\modules\anuncios\__pycache__\routes.cpython-313.pyc","3645",".pyc"
"C:\Users\ASUS\Desktop\SEGURA EP\BITSAC\backend_python\app\modules\anuncios\__pycache__\__init__.cpython-313.pyc","144",".pyc"
"C:\Users\ASUS\Desktop\SEGURA EP\BITSAC\backend_python\app\modules\asistencia\__pycache__",,""
"C:\Users\ASUS\Desktop\SEGURA EP\BITSAC\backend_python\app\modules\asistencia\models.py","1390",".py"
"C:\Users\ASUS\Desktop\SEGURA EP\BITSAC\backend_python\app\modules\asistencia\repository.py","16069",".py"
"C:\Users\ASUS\Desktop\SEGURA EP\BITSAC\backend_python\app\modules\asistencia\routes.py","3426",".py"
"C:\Users\ASUS\Desktop\SEGURA EP\BITSAC\backend_python\app\modules\asistencia\__init__.py","2",".py"
"C:\Users\ASUS\Desktop\SEGURA EP\BITSAC\backend_python\app\modules\asistencia\__pycache__\models.cpython-313.pyc","2688",".pyc"
"C:\Users\ASUS\Desktop\SEGURA EP\BITSAC\backend_python\app\modules\asistencia\__pycache__\repository.cpython-313.pyc","20563",".pyc"
"C:\Users\ASUS\Desktop\SEGURA EP\BITSAC\backend_python\app\modules\asistencia\__pycache__\routes.cpython-313.pyc","5588",".pyc"
"C:\Users\ASUS\Desktop\SEGURA EP\BITSAC\backend_python\app\modules\asistencia\__pycache__\__init__.cpython-313.pyc","185",".pyc"
"C:\Users\ASUS\Desktop\SEGURA EP\BITSAC\backend_python\app\modules\auth\__pycache__",,""
"C:\Users\ASUS\Desktop\SEGURA EP\BITSAC\backend_python\app\modules\auth\models.py","373",".py"
"C:\Users\ASUS\Desktop\SEGURA EP\BITSAC\backend_python\app\modules\auth\repository.py","1597",".py"
"C:\Users\ASUS\Desktop\SEGURA EP\BITSAC\backend_python\app\modules\auth\routes.py","2642",".py"
"C:\Users\ASUS\Desktop\SEGURA EP\BITSAC\backend_python\app\modules\auth\__init__.py","1",".py"
"C:\Users\ASUS\Desktop\SEGURA EP\BITSAC\backend_python\app\modules\auth\__pycache__\models.cpython-312.pyc","458",".pyc"
"C:\Users\ASUS\Desktop\SEGURA EP\BITSAC\backend_python\app\modules\auth\__pycache__\models.cpython-313.pyc","988",".pyc"
"C:\Users\ASUS\Desktop\SEGURA EP\BITSAC\backend_python\app\modules\auth\__pycache__\repository.cpython-312.pyc","2464",".pyc"
"C:\Users\ASUS\Desktop\SEGURA EP\BITSAC\backend_python\app\modules\auth\__pycache__\repository.cpython-313.pyc","2484",".pyc"
"C:\Users\ASUS\Desktop\SEGURA EP\BITSAC\backend_python\app\modules\auth\__pycache__\routes.cpython-312.pyc","3162",".pyc"
"C:\Users\ASUS\Desktop\SEGURA EP\BITSAC\backend_python\app\modules\auth\__pycache__\routes.cpython-313.pyc","3869",".pyc"
"C:\Users\ASUS\Desktop\SEGURA EP\BITSAC\backend_python\app\modules\auth\__pycache__\__init__.cpython-312.pyc","140",".pyc"
"C:\Users\ASUS\Desktop\SEGURA EP\BITSAC\backend_python\app\modules\auth\__pycache__\__init__.cpython-313.pyc","140",".pyc"
"C:\Users\ASUS\Desktop\SEGURA EP\BITSAC\backend_python\app\modules\cartillas\__pycache__",,""
"C:\Users\ASUS\Desktop\SEGURA EP\BITSAC\backend_python\app\modules\cartillas\models.py","238",".py"
"C:\Users\ASUS\Desktop\SEGURA EP\BITSAC\backend_python\app\modules\cartillas\repository.py","8135",".py"
"C:\Users\ASUS\Desktop\SEGURA EP\BITSAC\backend_python\app\modules\cartillas\routes.py","3132",".py"
"C:\Users\ASUS\Desktop\SEGURA EP\BITSAC\backend_python\app\modules\cartillas\__init__.py","1",".py"
"C:\Users\ASUS\Desktop\SEGURA EP\BITSAC\backend_python\app\modules\cartillas\__pycache__\models.cpython-312.pyc","668",".pyc"
"C:\Users\ASUS\Desktop\SEGURA EP\BITSAC\backend_python\app\modules\cartillas\__pycache__\models.cpython-313.pyc","726",".pyc"
"C:\Users\ASUS\Desktop\SEGURA EP\BITSAC\backend_python\app\modules\cartillas\__pycache__\repository.cpython-312.pyc","6244",".pyc"
"C:\Users\ASUS\Desktop\SEGURA EP\BITSAC\backend_python\app\modules\cartillas\__pycache__\repository.cpython-313.pyc","11820",".pyc"
"C:\Users\ASUS\Desktop\SEGURA EP\BITSAC\backend_python\app\modules\cartillas\__pycache__\routes.cpython-312.pyc","2429",".pyc"
"C:\Users\ASUS\Desktop\SEGURA EP\BITSAC\backend_python\app\modules\cartillas\__pycache__\routes.cpython-313.pyc","6255",".pyc"
"C:\Users\ASUS\Desktop\SEGURA EP\BITSAC\backend_python\app\modules\cartillas\__pycache__\__init__.cpython-312.pyc","145",".pyc"
"C:\Users\ASUS\Desktop\SEGURA EP\BITSAC\backend_python\app\modules\cartillas\__pycache__\__init__.cpython-313.pyc","145",".pyc"
"C:\Users\ASUS\Desktop\SEGURA EP\BITSAC\backend_python\app\modules\catalogos\__pycache__",,""
"C:\Users\ASUS\Desktop\SEGURA EP\BITSAC\backend_python\app\modules\catalogos\repository.py","1060",".py"
"C:\Users\ASUS\Desktop\SEGURA EP\BITSAC\backend_python\app\modules\catalogos\routes.py","414",".py"
"C:\Users\ASUS\Desktop\SEGURA EP\BITSAC\backend_python\app\modules\catalogos\__init__.py","1",".py"
"C:\Users\ASUS\Desktop\SEGURA EP\BITSAC\backend_python\app\modules\catalogos\__pycache__\repository.cpython-312.pyc","1944",".pyc"
"C:\Users\ASUS\Desktop\SEGURA EP\BITSAC\backend_python\app\modules\catalogos\__pycache__\repository.cpython-313.pyc","1959",".pyc"
"C:\Users\ASUS\Desktop\SEGURA EP\BITSAC\backend_python\app\modules\catalogos\__pycache__\routes.cpython-312.pyc","976",".pyc"
"C:\Users\ASUS\Desktop\SEGURA EP\BITSAC\backend_python\app\modules\catalogos\__pycache__\routes.cpython-313.pyc","972",".pyc"
"C:\Users\ASUS\Desktop\SEGURA EP\BITSAC\backend_python\app\modules\catalogos\__pycache__\__init__.cpython-312.pyc","145",".pyc"
"C:\Users\ASUS\Desktop\SEGURA EP\BITSAC\backend_python\app\modules\catalogos\__pycache__\__init__.cpython-313.pyc","145",".pyc"
"C:\Users\ASUS\Desktop\SEGURA EP\BITSAC\backend_python\app\modules\configuracion\__pycache__",,""
"C:\Users\ASUS\Desktop\SEGURA EP\BITSAC\backend_python\app\modules\configuracion\repository.py","16028",".py"
"C:\Users\ASUS\Desktop\SEGURA EP\BITSAC\backend_python\app\modules\configuracion\routes.py","5468",".py"
"C:\Users\ASUS\Desktop\SEGURA EP\BITSAC\backend_python\app\modules\configuracion\__init__.py","1",".py"
"C:\Users\ASUS\Desktop\SEGURA EP\BITSAC\backend_python\app\modules\configuracion\__pycache__\repository.cpython-312.pyc","2605",".pyc"
"C:\Users\ASUS\Desktop\SEGURA EP\BITSAC\backend_python\app\modules\configuracion\__pycache__\repository.cpython-313.pyc","22719",".pyc"
"C:\Users\ASUS\Desktop\SEGURA EP\BITSAC\backend_python\app\modules\configuracion\__pycache__\routes.cpython-312.pyc","863",".pyc"
"C:\Users\ASUS\Desktop\SEGURA EP\BITSAC\backend_python\app\modules\configuracion\__pycache__\routes.cpython-313.pyc","9785",".pyc"
"C:\Users\ASUS\Desktop\SEGURA EP\BITSAC\backend_python\app\modules\configuracion\__pycache__\__init__.cpython-312.pyc","149",".pyc"
"C:\Users\ASUS\Desktop\SEGURA EP\BITSAC\backend_python\app\modules\configuracion\__pycache__\__init__.cpython-313.pyc","149",".pyc"
"C:\Users\ASUS\Desktop\SEGURA EP\BITSAC\backend_python\app\modules\dashboard\__pycache__",,""
"C:\Users\ASUS\Desktop\SEGURA EP\BITSAC\backend_python\app\modules\dashboard\repository.py","1666",".py"
"C:\Users\ASUS\Desktop\SEGURA EP\BITSAC\backend_python\app\modules\dashboard\routes.py","323",".py"
"C:\Users\ASUS\Desktop\SEGURA EP\BITSAC\backend_python\app\modules\dashboard\__init__.py","39",".py"
"C:\Users\ASUS\Desktop\SEGURA EP\BITSAC\backend_python\app\modules\dashboard\__pycache__\repository.cpython-313.pyc","2439",".pyc"
"C:\Users\ASUS\Desktop\SEGURA EP\BITSAC\backend_python\app\modules\dashboard\__pycache__\routes.cpython-313.pyc","727",".pyc"
"C:\Users\ASUS\Desktop\SEGURA EP\BITSAC\backend_python\app\modules\dashboard\__pycache__\__init__.cpython-313.pyc","192",".pyc"
"C:\Users\ASUS\Desktop\SEGURA EP\BITSAC\backend_python\app\modules\distribucion_geografica\__pycache__",,""
"C:\Users\ASUS\Desktop\SEGURA EP\BITSAC\backend_python\app\modules\distribucion_geografica\models.py","3547",".py"
"C:\Users\ASUS\Desktop\SEGURA EP\BITSAC\backend_python\app\modules\distribucion_geografica\repository.py","54343",".py"
"C:\Users\ASUS\Desktop\SEGURA EP\BITSAC\backend_python\app\modules\distribucion_geografica\repository_geo.py","14027",".py"
"C:\Users\ASUS\Desktop\SEGURA EP\BITSAC\backend_python\app\modules\distribucion_geografica\routes.py","9118",".py"
"C:\Users\ASUS\Desktop\SEGURA EP\BITSAC\backend_python\app\modules\distribucion_geografica\routes_geo.py","5525",".py"
"C:\Users\ASUS\Desktop\SEGURA EP\BITSAC\backend_python\app\modules\distribucion_geografica\__init__.py","55",".py"
"C:\Users\ASUS\Desktop\SEGURA EP\BITSAC\backend_python\app\modules\distribucion_geografica\__pycache__\models.cpython-313.pyc","6456",".pyc"
"C:\Users\ASUS\Desktop\SEGURA EP\BITSAC\backend_python\app\modules\distribucion_geografica\__pycache__\repository.cpython-313.pyc","66978",".pyc"
"C:\Users\ASUS\Desktop\SEGURA EP\BITSAC\backend_python\app\modules\distribucion_geografica\__pycache__\repository_geo.cpython-313.pyc","18085",".pyc"
"C:\Users\ASUS\Desktop\SEGURA EP\BITSAC\backend_python\app\modules\distribucion_geografica\__pycache__\routes.cpython-313.pyc","15244",".pyc"
"C:\Users\ASUS\Desktop\SEGURA EP\BITSAC\backend_python\app\modules\distribucion_geografica\__pycache__\routes_geo.cpython-313.pyc","8110",".pyc"
"C:\Users\ASUS\Desktop\SEGURA EP\BITSAC\backend_python\app\modules\distribucion_geografica\__pycache__\__init__.cpython-313.pyc","225",".pyc"
"C:\Users\ASUS\Desktop\SEGURA EP\BITSAC\backend_python\app\modules\distribucion_tablero\__pycache__",,""
"C:\Users\ASUS\Desktop\SEGURA EP\BITSAC\backend_python\app\modules\distribucion_tablero\models.py","3986",".py"
"C:\Users\ASUS\Desktop\SEGURA EP\BITSAC\backend_python\app\modules\distribucion_tablero\repository.py","107067",".py"
"C:\Users\ASUS\Desktop\SEGURA EP\BITSAC\backend_python\app\modules\distribucion_tablero\routes.py","9909",".py"
"C:\Users\ASUS\Desktop\SEGURA EP\BITSAC\backend_python\app\modules\distribucion_tablero\__init__.py","0",".py"
"C:\Users\ASUS\Desktop\SEGURA EP\BITSAC\backend_python\app\modules\distribucion_tablero\__pycache__\models.cpython-313.pyc","7568",".pyc"
"C:\Users\ASUS\Desktop\SEGURA EP\BITSAC\backend_python\app\modules\distribucion_tablero\__pycache__\repository.cpython-313.pyc","117171",".pyc"
"C:\Users\ASUS\Desktop\SEGURA EP\BITSAC\backend_python\app\modules\distribucion_tablero\__pycache__\routes.cpython-313.pyc","15630",".pyc"
"C:\Users\ASUS\Desktop\SEGURA EP\BITSAC\backend_python\app\modules\distribucion_tablero\__pycache__\__init__.cpython-313.pyc","195",".pyc"
"C:\Users\ASUS\Desktop\SEGURA EP\BITSAC\backend_python\app\modules\eventos\__pycache__",,""
"C:\Users\ASUS\Desktop\SEGURA EP\BITSAC\backend_python\app\modules\eventos\models.py","441",".py"
"C:\Users\ASUS\Desktop\SEGURA EP\BITSAC\backend_python\app\modules\eventos\repository.py","8692",".py"
"C:\Users\ASUS\Desktop\SEGURA EP\BITSAC\backend_python\app\modules\eventos\routes.py","2078",".py"
"C:\Users\ASUS\Desktop\SEGURA EP\BITSAC\backend_python\app\modules\eventos\__init__.py","1",".py"
"C:\Users\ASUS\Desktop\SEGURA EP\BITSAC\backend_python\app\modules\eventos\__pycache__\models.cpython-313.pyc","1169",".pyc"
"C:\Users\ASUS\Desktop\SEGURA EP\BITSAC\backend_python\app\modules\eventos\__pycache__\repository.cpython-313.pyc","11042",".pyc"
"C:\Users\ASUS\Desktop\SEGURA EP\BITSAC\backend_python\app\modules\eventos\__pycache__\routes.cpython-313.pyc","4115",".pyc"
"C:\Users\ASUS\Desktop\SEGURA EP\BITSAC\backend_python\app\modules\eventos\__pycache__\__init__.cpython-313.pyc","143",".pyc"
"C:\Users\ASUS\Desktop\SEGURA EP\BITSAC\backend_python\app\modules\health\__pycache__",,""
"C:\Users\ASUS\Desktop\SEGURA EP\BITSAC\backend_python\app\modules\health\routes.py","1071",".py"
"C:\Users\ASUS\Desktop\SEGURA EP\BITSAC\backend_python\app\modules\health\__init__.py","1",".py"
"C:\Users\ASUS\Desktop\SEGURA EP\BITSAC\backend_python\app\modules\health\__pycache__\routes.cpython-312.pyc","1464",".pyc"
"C:\Users\ASUS\Desktop\SEGURA EP\BITSAC\backend_python\app\modules\health\__pycache__\routes.cpython-313.pyc","1468",".pyc"
"C:\Users\ASUS\Desktop\SEGURA EP\BITSAC\backend_python\app\modules\health\__pycache__\__init__.cpython-312.pyc","142",".pyc"
"C:\Users\ASUS\Desktop\SEGURA EP\BITSAC\backend_python\app\modules\health\__pycache__\__init__.cpython-313.pyc","142",".pyc"
"C:\Users\ASUS\Desktop\SEGURA EP\BITSAC\backend_python\app\modules\insignias\__pycache__",,""
"C:\Users\ASUS\Desktop\SEGURA EP\BITSAC\backend_python\app\modules\insignias\repository.py","3598",".py"
"C:\Users\ASUS\Desktop\SEGURA EP\BITSAC\backend_python\app\modules\insignias\routes.py","718",".py"
"C:\Users\ASUS\Desktop\SEGURA EP\BITSAC\backend_python\app\modules\insignias\__init__.py","1",".py"
"C:\Users\ASUS\Desktop\SEGURA EP\BITSAC\backend_python\app\modules\insignias\__pycache__\repository.cpython-313.pyc","5298",".pyc"
"C:\Users\ASUS\Desktop\SEGURA EP\BITSAC\backend_python\app\modules\insignias\__pycache__\routes.cpython-313.pyc","1556",".pyc"
"C:\Users\ASUS\Desktop\SEGURA EP\BITSAC\backend_python\app\modules\insignias\__pycache__\__init__.cpython-313.pyc","145",".pyc"
"C:\Users\ASUS\Desktop\SEGURA EP\BITSAC\backend_python\app\modules\personal\__pycache__",,""
"C:\Users\ASUS\Desktop\SEGURA EP\BITSAC\backend_python\app\modules\personal\models.py","701",".py"
"C:\Users\ASUS\Desktop\SEGURA EP\BITSAC\backend_python\app\modules\personal\repository.py","13340",".py"
"C:\Users\ASUS\Desktop\SEGURA EP\BITSAC\backend_python\app\modules\personal\routes.py","3189",".py"
"C:\Users\ASUS\Desktop\SEGURA EP\BITSAC\backend_python\app\modules\personal\__init__.py","1",".py"
"C:\Users\ASUS\Desktop\SEGURA EP\BITSAC\backend_python\app\modules\personal\__pycache__\models.cpython-313.pyc","1380",".pyc"
"C:\Users\ASUS\Desktop\SEGURA EP\BITSAC\backend_python\app\modules\personal\__pycache__\repository.cpython-313.pyc","17583",".pyc"
"C:\Users\ASUS\Desktop\SEGURA EP\BITSAC\backend_python\app\modules\personal\__pycache__\routes.cpython-313.pyc","5690",".pyc"
"C:\Users\ASUS\Desktop\SEGURA EP\BITSAC\backend_python\app\modules\personal\__pycache__\__init__.cpython-313.pyc","144",".pyc"
"C:\Users\ASUS\Desktop\SEGURA EP\BITSAC\backend_python\app\modules\soporte\__pycache__",,""
"C:\Users\ASUS\Desktop\SEGURA EP\BITSAC\backend_python\app\modules\soporte\models.py","619",".py"
"C:\Users\ASUS\Desktop\SEGURA EP\BITSAC\backend_python\app\modules\soporte\repository.py","8158",".py"
"C:\Users\ASUS\Desktop\SEGURA EP\BITSAC\backend_python\app\modules\soporte\routes.py","3110",".py"
"C:\Users\ASUS\Desktop\SEGURA EP\BITSAC\backend_python\app\modules\soporte\__init__.py","1",".py"
"C:\Users\ASUS\Desktop\SEGURA EP\BITSAC\backend_python\app\modules\soporte\__pycache__\models.cpython-313.pyc","1546",".pyc"
"C:\Users\ASUS\Desktop\SEGURA EP\BITSAC\backend_python\app\modules\soporte\__pycache__\repository.cpython-313.pyc","11633",".pyc"
"C:\Users\ASUS\Desktop\SEGURA EP\BITSAC\backend_python\app\modules\soporte\__pycache__\routes.cpython-313.pyc","6267",".pyc"
"C:\Users\ASUS\Desktop\SEGURA EP\BITSAC\backend_python\app\modules\soporte\__pycache__\__init__.cpython-313.pyc","143",".pyc"
"C:\Users\ASUS\Desktop\SEGURA EP\BITSAC\backend_python\app\modules\usuarios\__pycache__",,""
"C:\Users\ASUS\Desktop\SEGURA EP\BITSAC\backend_python\app\modules\usuarios\routes.py","729",".py"
"C:\Users\ASUS\Desktop\SEGURA EP\BITSAC\backend_python\app\modules\usuarios\__init__.py","1",".py"
"C:\Users\ASUS\Desktop\SEGURA EP\BITSAC\backend_python\app\modules\usuarios\__pycache__\routes.cpython-313.pyc","1461",".pyc"
"C:\Users\ASUS\Desktop\SEGURA EP\BITSAC\backend_python\app\modules\usuarios\__pycache__\__init__.cpython-313.pyc","144",".pyc"
"C:\Users\ASUS\Desktop\SEGURA EP\BITSAC\backend_python\app\modules\__pycache__\__init__.cpython-312.pyc","135",".pyc"
"C:\Users\ASUS\Desktop\SEGURA EP\BITSAC\backend_python\app\modules\__pycache__\__init__.cpython-313.pyc","135",".pyc"
"C:\Users\ASUS\Desktop\SEGURA EP\BITSAC\backend_python\app\__pycache__\main.cpython-312.pyc","1629",".pyc"
"C:\Users\ASUS\Desktop\SEGURA EP\BITSAC\backend_python\app\__pycache__\main.cpython-313.pyc","3567",".pyc"
"C:\Users\ASUS\Desktop\SEGURA EP\BITSAC\backend_python\app\__pycache__\__init__.cpython-312.pyc","127",".pyc"
"C:\Users\ASUS\Desktop\SEGURA EP\BITSAC\backend_python\app\__pycache__\__init__.cpython-313.pyc","127",".pyc"
"C:\Users\ASUS\Desktop\SEGURA EP\BITSAC\backend_python\migrations\add_forced_assignment_columns.sql","1528",".sql"
"C:\Users\ASUS\Desktop\SEGURA EP\BITSAC\Backup\BITSAC2","27435008",""
"C:\Users\ASUS\Desktop\SEGURA EP\BITSAC\database\20260707_fix_estados_movil.sql","3332",".sql"
"C:\Users\ASUS\Desktop\SEGURA EP\BITSAC\database\20260710_indices_fk.sql","3330",".sql"
"C:\Users\ASUS\Desktop\SEGURA EP\BITSAC\database\20260711_admin_optimization.sql","5468",".sql"
"C:\Users\ASUS\Desktop\SEGURA EP\BITSAC\database\20260712_personal_pagination_index.sql","1364",".sql"
"C:\Users\ASUS\Desktop\SEGURA EP\BITSAC\database\20260713_alertas_soporte.sql","3713",".sql"
"C:\Users\ASUS\Desktop\SEGURA EP\BITSAC\database\20260714_cartillas_datos_estructurados.sql","937",".sql"
"C:\Users\ASUS\Desktop\SEGURA EP\BITSAC\database\20260714_fix_configuracion_encoding.sql","787",".sql"
"C:\Users\ASUS\Desktop\SEGURA EP\BITSAC\database\20260714_roles_permisos_constructor.sql","40274",".sql"
"C:\Users\ASUS\Desktop\SEGURA EP\BITSAC\database\20260807_full_db_schema.sql","109679",".sql"
"C:\Users\ASUS\Desktop\SEGURA EP\BITSAC\database\20260807_quitar_horas_lugares_servicio.sql","4908",".sql"
"C:\Users\ASUS\Desktop\SEGURA EP\BITSAC\database\20260809_distribuciones_personal.sql","5397",".sql"
"C:\Users\ASUS\Desktop\SEGURA EP\BITSAC\database\20260810_encargados_distribucion.sql","3255",".sql"
"C:\Users\ASUS\Desktop\SEGURA EP\BITSAC\database\20260811_circuitos.sql","4031",".sql"
"C:\Users\ASUS\Desktop\SEGURA EP\BITSAC\database\20260811_circuitos_configuracion.sql","2062",".sql"
"C:\Users\ASUS\Desktop\SEGURA EP\BITSAC\database\20260811_encargados_circuito_distribucion.sql","4205",".sql"
"C:\Users\ASUS\Desktop\SEGURA EP\BITSAC\database\20260811_trazados_jerarquicos.sql","2454",".sql"
"C:\Users\ASUS\Desktop\SEGURA EP\BITSAC\database\20260815_recursos_encargados_distribucion.sql","1581",".sql"
"C:\Users\ASUS\Desktop\SEGURA EP\BITSAC\database\20260816_lugar_formacion_lugares.sql","373",".sql"
"C:\Users\ASUS\Desktop\SEGURA EP\BITSAC\docker\database",,""
"C:\Users\ASUS\Desktop\SEGURA EP\BITSAC\docker\database\create-missing-tables.sql","4765",".sql"
"C:\Users\ASUS\Desktop\SEGURA EP\BITSAC\docker\database\init-database.sh","1202",".sh"
"C:\Users\ASUS\Desktop\SEGURA EP\BITSAC\docker\database\mssql.conf","65",".conf"
"C:\Users\ASUS\Desktop\SEGURA EP\BITSAC\docker\database\restore-database.sql","546",".sql"
"C:\Users\ASUS\Desktop\SEGURA EP\BITSAC\docker\database\seed-users.sql","4176",".sql"
"C:\Users\ASUS\Desktop\SEGURA EP\BITSAC\docs\AUDITORIA.md","17068",".md"
"C:\Users\ASUS\Desktop\SEGURA EP\BITSAC\docs\docker_analysis.md","804",".md"
"C:\Users\ASUS\Desktop\SEGURA EP\BITSAC\docs\fase2_reutilizar_migrar.md","807",".md"
"C:\Users\ASUS\Desktop\SEGURA EP\BITSAC\docs\limpieza_final_reestructuracion.md","969",".md"
"C:\Users\ASUS\Desktop\SEGURA EP\BITSAC\docs\migracion_php_python.md","2320",".md"
"C:\Users\ASUS\Desktop\SEGURA EP\BITSAC\docs\MODULOS.md","4467",".md"
"C:\Users\ASUS\Desktop\SEGURA EP\BITSAC\frontend_php\app",,""
"C:\Users\ASUS\Desktop\SEGURA EP\BITSAC\frontend_php\public",,""
"C:\Users\ASUS\Desktop\SEGURA EP\BITSAC\frontend_php\views",,""
"C:\Users\ASUS\Desktop\SEGURA EP\BITSAC\frontend_php\.dockerignore","25",".dockerignore"
"C:\Users\ASUS\Desktop\SEGURA EP\BITSAC\frontend_php\.env.example","109",".example"
"C:\Users\ASUS\Desktop\SEGURA EP\BITSAC\frontend_php\Dockerfile","105",""
"C:\Users\ASUS\Desktop\SEGURA EP\BITSAC\frontend_php\web-dev.err.log","8781",".log"
"C:\Users\ASUS\Desktop\SEGURA EP\BITSAC\frontend_php\web-dev.out.log","0",".log"
"C:\Users\ASUS\Desktop\SEGURA EP\BITSAC\frontend_php\app\Core",,""
"C:\Users\ASUS\Desktop\SEGURA EP\BITSAC\frontend_php\app\Modules",,""
"C:\Users\ASUS\Desktop\SEGURA EP\BITSAC\frontend_php\app\Core\ApiClient.php","2055",".php"
"C:\Users\ASUS\Desktop\SEGURA EP\BITSAC\frontend_php\app\Core\AuthSession.php","968",".php"
"C:\Users\ASUS\Desktop\SEGURA EP\BITSAC\frontend_php\app\Core\Config.php","1103",".php"
"C:\Users\ASUS\Desktop\SEGURA EP\BITSAC\frontend_php\app\Core\View.php","421",".php"
"C:\Users\ASUS\Desktop\SEGURA EP\BITSAC\frontend_php\app\Modules\Admin",,""
"C:\Users\ASUS\Desktop\SEGURA EP\BITSAC\frontend_php\app\Modules\Anuncios",,""
"C:\Users\ASUS\Desktop\SEGURA EP\BITSAC\frontend_php\app\Modules\Auth",,""
"C:\Users\ASUS\Desktop\SEGURA EP\BITSAC\frontend_php\app\Modules\Cartillas",,""
"C:\Users\ASUS\Desktop\SEGURA EP\BITSAC\frontend_php\app\Modules\Configuracion",,""
"C:\Users\ASUS\Desktop\SEGURA EP\BITSAC\frontend_php\app\Modules\Dashboard",,""
"C:\Users\ASUS\Desktop\SEGURA EP\BITSAC\frontend_php\app\Modules\DistribucionDashboard",,""
"C:\Users\ASUS\Desktop\SEGURA EP\BITSAC\frontend_php\app\Modules\DistribucionGeografica",,""
"C:\Users\ASUS\Desktop\SEGURA EP\BITSAC\frontend_php\app\Modules\DistribucionTablero",,""
"C:\Users\ASUS\Desktop\SEGURA EP\BITSAC\frontend_php\app\Modules\Eventos",,""
"C:\Users\ASUS\Desktop\SEGURA EP\BITSAC\frontend_php\app\Modules\Insignias",,""
"C:\Users\ASUS\Desktop\SEGURA EP\BITSAC\frontend_php\app\Modules\PanelAsistencia",,""
"C:\Users\ASUS\Desktop\SEGURA EP\BITSAC\frontend_php\app\Modules\Perfil",,""
"C:\Users\ASUS\Desktop\SEGURA EP\BITSAC\frontend_php\app\Modules\Personal",,""
"C:\Users\ASUS\Desktop\SEGURA EP\BITSAC\frontend_php\app\Modules\Soporte",,""
"C:\Users\ASUS\Desktop\SEGURA EP\BITSAC\frontend_php\app\Modules\Admin\AdminController.php","24034",".php"
"C:\Users\ASUS\Desktop\SEGURA EP\BITSAC\frontend_php\app\Modules\Anuncios\AnunciosController.php","4166",".php"
"C:\Users\ASUS\Desktop\SEGURA EP\BITSAC\frontend_php\app\Modules\Auth\AuthController.php","1182",".php"
"C:\Users\ASUS\Desktop\SEGURA EP\BITSAC\frontend_php\app\Modules\Cartillas\CartillasController.php","11324",".php"
"C:\Users\ASUS\Desktop\SEGURA EP\BITSAC\frontend_php\app\Modules\Configuracion\ConfiguracionController.php","9089",".php"
"C:\Users\ASUS\Desktop\SEGURA EP\BITSAC\frontend_php\app\Modules\Dashboard\DashboardController.php","1261",".php"
"C:\Users\ASUS\Desktop\SEGURA EP\BITSAC\frontend_php\app\Modules\DistribucionDashboard\DistribucionDashboardController.php","3339",".php"
"C:\Users\ASUS\Desktop\SEGURA EP\BITSAC\frontend_php\app\Modules\DistribucionGeografica\DistribucionGeograficaController.php","3573",".php"
"C:\Users\ASUS\Desktop\SEGURA EP\BITSAC\frontend_php\app\Modules\DistribucionTablero\DistribucionTableroController.php","3181",".php"
"C:\Users\ASUS\Desktop\SEGURA EP\BITSAC\frontend_php\app\Modules\Eventos\EventosController.php","4517",".php"
"C:\Users\ASUS\Desktop\SEGURA EP\BITSAC\frontend_php\app\Modules\Insignias\InsigniasController.php","1024",".php"
"C:\Users\ASUS\Desktop\SEGURA EP\BITSAC\frontend_php\app\Modules\PanelAsistencia\PanelAsistenciaController.php","3106",".php"
"C:\Users\ASUS\Desktop\SEGURA EP\BITSAC\frontend_php\app\Modules\Perfil\PerfilController.php","804",".php"
"C:\Users\ASUS\Desktop\SEGURA EP\BITSAC\frontend_php\app\Modules\Personal\PersonalController.php","3952",".php"
"C:\Users\ASUS\Desktop\SEGURA EP\BITSAC\frontend_php\app\Modules\Soporte\SoporteController.php","3965",".php"
"C:\Users\ASUS\Desktop\SEGURA EP\BITSAC\frontend_php\public\assets",,""
"C:\Users\ASUS\Desktop\SEGURA EP\BITSAC\frontend_php\public\index.php","7277",".php"
"C:\Users\ASUS\Desktop\SEGURA EP\BITSAC\frontend_php\public\assets\css",,""
"C:\Users\ASUS\Desktop\SEGURA EP\BITSAC\frontend_php\public\assets\img",,""
"C:\Users\ASUS\Desktop\SEGURA EP\BITSAC\frontend_php\public\assets\js",,""
"C:\Users\ASUS\Desktop\SEGURA EP\BITSAC\frontend_php\public\assets\css\admin-circuitos.css","7339",".css"
"C:\Users\ASUS\Desktop\SEGURA EP\BITSAC\frontend_php\public\assets\css\app.css","17730",".css"
"C:\Users\ASUS\Desktop\SEGURA EP\BITSAC\frontend_php\public\assets\css\distribucion-dashboard.css","8472",".css"
"C:\Users\ASUS\Desktop\SEGURA EP\BITSAC\frontend_php\public\assets\css\distribucion-geografica.css","24840",".css"
"C:\Users\ASUS\Desktop\SEGURA EP\BITSAC\frontend_php\public\assets\css\distribucion-tablero.css","39019",".css"
"C:\Users\ASUS\Desktop\SEGURA EP\BITSAC\frontend_php\public\assets\css\institutional.css","35285",".css"
"C:\Users\ASUS\Desktop\SEGURA EP\BITSAC\frontend_php\public\assets\css\panel-asistencia.css","5736",".css"
"C:\Users\ASUS\Desktop\SEGURA EP\BITSAC\frontend_php\public\assets\css\personal.css","17741",".css"
"C:\Users\ASUS\Desktop\SEGURA EP\BITSAC\frontend_php\public\assets\img\aj-icon.png","17858",".png"
"C:\Users\ASUS\Desktop\SEGURA EP\BITSAC\frontend_php\public\assets\img\aj.png","2178266",".png"
"C:\Users\ASUS\Desktop\SEGURA EP\BITSAC\frontend_php\public\assets\img\logo_sigo_gcam.png","658306",".png"
"C:\Users\ASUS\Desktop\SEGURA EP\BITSAC\frontend_php\public\assets\img\pin-avatar.png","11156",".png"
"C:\Users\ASUS\Desktop\SEGURA EP\BITSAC\frontend_php\public\assets\img\pin-marker.png","14355",".png"
"C:\Users\ASUS\Desktop\SEGURA EP\BITSAC\frontend_php\public\assets\img\pinp.png","1206858",".png"
"C:\Users\ASUS\Desktop\SEGURA EP\BITSAC\frontend_php\public\assets\js\admin-circuitos.js","5046",".js"
"C:\Users\ASUS\Desktop\SEGURA EP\BITSAC\frontend_php\public\assets\js\app.js","18461",".js"
"C:\Users\ASUS\Desktop\SEGURA EP\BITSAC\frontend_php\public\assets\js\distribucion-dashboard.js","4015",".js"
"C:\Users\ASUS\Desktop\SEGURA EP\BITSAC\frontend_php\public\assets\js\distribucion-geografica.js","39527",".js"
"C:\Users\ASUS\Desktop\SEGURA EP\BITSAC\frontend_php\public\assets\js\distribucion-tablero.js","73884",".js"
"C:\Users\ASUS\Desktop\SEGURA EP\BITSAC\frontend_php\public\assets\js\panel-asistencia.js","11024",".js"
"C:\Users\ASUS\Desktop\SEGURA EP\BITSAC\frontend_php\public\assets\js\personal.js","25577",".js"
"C:\Users\ASUS\Desktop\SEGURA EP\BITSAC\frontend_php\views\admin",,""
"C:\Users\ASUS\Desktop\SEGURA EP\BITSAC\frontend_php\views\anuncios",,""
"C:\Users\ASUS\Desktop\SEGURA EP\BITSAC\frontend_php\views\auth",,""
"C:\Users\ASUS\Desktop\SEGURA EP\BITSAC\frontend_php\views\cartillas",,""
"C:\Users\ASUS\Desktop\SEGURA EP\BITSAC\frontend_php\views\components",,""
"C:\Users\ASUS\Desktop\SEGURA EP\BITSAC\frontend_php\views\configuracion",,""
"C:\Users\ASUS\Desktop\SEGURA EP\BITSAC\frontend_php\views\dashboard",,""
"C:\Users\ASUS\Desktop\SEGURA EP\BITSAC\frontend_php\views\distribucion_dashboard",,""
"C:\Users\ASUS\Desktop\SEGURA EP\BITSAC\frontend_php\views\distribucion_geografica",,""
"C:\Users\ASUS\Desktop\SEGURA EP\BITSAC\frontend_php\views\distribucion_tablero",,""
"C:\Users\ASUS\Desktop\SEGURA EP\BITSAC\frontend_php\views\eventos",,""
"C:\Users\ASUS\Desktop\SEGURA EP\BITSAC\frontend_php\views\insignias",,""
"C:\Users\ASUS\Desktop\SEGURA EP\BITSAC\frontend_php\views\layout",,""
"C:\Users\ASUS\Desktop\SEGURA EP\BITSAC\frontend_php\views\panel_asistencia",,""
"C:\Users\ASUS\Desktop\SEGURA EP\BITSAC\frontend_php\views\perfil",,""
"C:\Users\ASUS\Desktop\SEGURA EP\BITSAC\frontend_php\views\personal",,""
"C:\Users\ASUS\Desktop\SEGURA EP\BITSAC\frontend_php\views\soporte",,""
"C:\Users\ASUS\Desktop\SEGURA EP\BITSAC\frontend_php\views\admin\delete_form.php","274",".php"
"C:\Users\ASUS\Desktop\SEGURA EP\BITSAC\frontend_php\views\admin\index.php","44284",".php"
"C:\Users\ASUS\Desktop\SEGURA EP\BITSAC\frontend_php\views\anuncios\index.php","4142",".php"
"C:\Users\ASUS\Desktop\SEGURA EP\BITSAC\frontend_php\views\auth\login.php","5926",".php"
"C:\Users\ASUS\Desktop\SEGURA EP\BITSAC\frontend_php\views\cartillas\index.php","17130",".php"
"C:\Users\ASUS\Desktop\SEGURA EP\BITSAC\frontend_php\views\components\footer.php","624",".php"
"C:\Users\ASUS\Desktop\SEGURA EP\BITSAC\frontend_php\views\components\sidebar.php","6648",".php"
"C:\Users\ASUS\Desktop\SEGURA EP\BITSAC\frontend_php\views\components\topbar.php","1787",".php"
"C:\Users\ASUS\Desktop\SEGURA EP\BITSAC\frontend_php\views\configuracion\index.php","14305",".php"
"C:\Users\ASUS\Desktop\SEGURA EP\BITSAC\frontend_php\views\dashboard\index.php","4718",".php"
"C:\Users\ASUS\Desktop\SEGURA EP\BITSAC\frontend_php\views\distribucion_dashboard\index.php","9887",".php"
"C:\Users\ASUS\Desktop\SEGURA EP\BITSAC\frontend_php\views\distribucion_geografica\index.php","18774",".php"
"C:\Users\ASUS\Desktop\SEGURA EP\BITSAC\frontend_php\views\distribucion_tablero\index.php","19410",".php"
"C:\Users\ASUS\Desktop\SEGURA EP\BITSAC\frontend_php\views\eventos\index.php","4681",".php"
"C:\Users\ASUS\Desktop\SEGURA EP\BITSAC\frontend_php\views\insignias\index.php","2924",".php"
"C:\Users\ASUS\Desktop\SEGURA EP\BITSAC\frontend_php\views\layout\app.php","1626",".php"
"C:\Users\ASUS\Desktop\SEGURA EP\BITSAC\frontend_php\views\panel_asistencia\index.php","5569",".php"
"C:\Users\ASUS\Desktop\SEGURA EP\BITSAC\frontend_php\views\perfil\index.php","1163",".php"
"C:\Users\ASUS\Desktop\SEGURA EP\BITSAC\frontend_php\views\personal\index.php","17669",".php"
"C:\Users\ASUS\Desktop\SEGURA EP\BITSAC\frontend_php\views\soporte\index.php","5423",".php"
